GEO_ID,child_poverty
0500000US01001,16.7
0500000US01003,18.4
0500000US01005,44.8
0500000US01007,26.2
0500000US01009,26.5
0500000US01011,45.1
0500000US01013,38.2
0500000US01015,28.9
0500000US01017,32.9
0500000US01019,22.4
0500000US01021,31.4
0500000US01023,30.2
0500000US01025,28.7
0500000US01027,20.8
0500000US01029,31.2
0500000US01031,25.9
0500000US01033,24.0
0500000US01035,48.7
0500000US01037,21.4
0500000US01039,29.3
0500000US01041,21.5
0500000US01043,21.2
0500000US01045,28.8
0500000US01047,56.4
0500000US01049,28.0
0500000US01051,21.9
0500000US01053,32.9
0500000US01055,28.8
0500000US01057,22.8
0500000US01059,38.1
0500000US01061,35.7
0500000US01063,61.2
0500000US01065,34.6
0500000US01067,19.5
0500000US01069,30.0
0500000US01071,28.5
0500000US01073,26.7
0500000US01075,37.4
0500000US01077,26.4
0500000US01079,22.1
0500000US01081,23.6
0500000US01083,18.0
0500000US01085,45.9
0500000US01087,37.7
0500000US01089,18.5
0500000US01091,39.9
0500000US01093,25.0
0500000US01095,34.0
0500000US01097,29.0
0500000US01099,39.6
0500000US01101,32.1
0500000US01103,24.0
0500000US01105,62.1
0500000US01107,38.1
0500000US01109,30.9
0500000US01111,32.0
0500000US01113,31.6
0500000US01115,16.9
0500000US01117,10.8
0500000US01119,46.7
0500000US01121,32.5
0500000US01123,41.7
0500000US01125,22.5
0500000US01127,31.5
0500000US01129,30.8
0500000US01131,49.4
0500000US01133,34.6
0500000US02013,17.8
0500000US02016,8.6
0500000US02020,12.3
0500000US02050,32.7
0500000US02060,7.8
0500000US02068,5.8
0500000US02070,23.0
0500000US02090,9.9
0500000US02100,4.0
0500000US02105,29.2
0500000US02110,13.4
0500000US02122,14.6
0500000US02130,17.6
0500000US02150,11.9
0500000US02158,41.8
0500000US02164,24.9
0500000US02170,11.3
0500000US02180,33.0
0500000US02185,17.7
0500000US02188,30.7
0500000US02195,9.7
0500000US02198,22.1
0500000US02220,11.0
0500000US02230,3.9
0500000US02240,19.1
0500000US02261,6.3
0500000US02275,14.9
0500000US02282,11.1
0500000US02290,31.2
0500000US04001,45.0
0500000US04003,26.9
0500000US04005,25.8
0500000US04007,35.7
0500000US04009,28.6
0500000US04011,19.1
0500000US04012,37.9
0500000US04013,23.7
0500000US04015,28.3
0500000US04017,39.3
0500000US04019,27.4
0500000US04021,24.3
0500000US04023,29.4
0500000US04025,20.7
0500000US04027,29.5
0500000US05001,29.0
0500000US05003,30.4
0500000US05005,22.2
0500000US05007,16.1
0500000US05009,25.1
0500000US05011,46.1
0500000US05013,30.5
0500000US05015,24.6
0500000US05017,43.7
0500000US05019,32.3
0500000US05021,31.2
0500000US05023,23.8
0500000US05025,30.6
0500000US05027,36.5
0500000US05029,33.6
0500000US05031,27.6
0500000US05033,27.3
0500000US05035,37.0
0500000US05037,27.4
0500000US05039,25.6
0500000US05041,49.2
0500000US05043,38.0
0500000US05045,16.9
0500000US05047,28.7
0500000US05049,45.9
0500000US05051,32.6
0500000US05053,17.5
0500000US05055,25.8
0500000US05057,38.5
0500000US05059,24.0
0500000US05061,34.7
0500000US05063,28.0
0500000US05065,36.5
0500000US05067,43.9
0500000US05069,38.6
0500000US05071,30.6
0500000US05073,37.2
0500000US05075,29.6
0500000US05077,38.7
0500000US05079,31.2
0500000US05081,28.2
0500000US05083,25.2
0500000US05085,16.5
0500000US05087,22.5
0500000US05089,30.6
0500000US05091,30.2
0500000US05093,37.6
0500000US05095,43.9
0500000US05097,28.3
0500000US05099,47.9
0500000US05101,28.9
0500000US05103,37.1
0500000US05105,29.7
0500000US05107,52.7
0500000US05109,26.6
0500000US05111,34.7
0500000US05113,36.7
0500000US05115,25.0
0500000US05117,30.5
0500000US05119,27.6
0500000US05121,26.2
0500000US05123,37.8
0500000US05125,10.7
0500000US05127,33.4
0500000US05129,24.2
0500000US05131,33.5
0500000US05133,33.6
0500000US05135,29.0
0500000US05137,32.3
0500000US05139,32.3
0500000US05141,26.8
0500000US05143,22.3
0500000US05145,20.5
0500000US05147,30.1
0500000US05149,25.6
0500000US06001,14.4
0500000US06003,15.4
0500000US06005,18.4
0500000US06007,22.8
0500000US06009,16.1
0500000US06011,19.8
0500000US06013,13.2
0500000US06015,28.2
0500000US06017,11.4
0500000US06019,38.7
0500000US06021,26.3
0500000US06023,22.0
0500000US06025,31.6
0500000US06027,13.5
0500000US06029,32.4
0500000US06031,29.8
0500000US06033,31.5
0500000US06035,25.0
0500000US06037,25.3
0500000US06039,32.1
0500000US06041,9.9
0500000US06043,19.3
0500000US06045,26.7
0500000US06047,35.0
0500000US06049,15.0
0500000US06051,12.4
0500000US06053,24.1
0500000US06055,10.0
0500000US06057,15.1
0500000US06059,16.9
0500000US06061,10.2
0500000US06063,14.1
0500000US06065,22.8
0500000US06067,24.7
0500000US06069,15.5
0500000US06071,27.0
0500000US06073,18.0
0500000US06075,11.5
0500000US06077,23.7
0500000US06079,14.0
0500000US06081,9.7
0500000US06083,20.0
0500000US06085,10.5
0500000US06087,17.1
0500000US06089,25.0
0500000US06091,14.1
0500000US06093,30.1
0500000US06095,18.1
0500000US06097,13.6
0500000US06099,24.6
0500000US06101,23.4
0500000US06103,31.9
0500000US06105,24.1
0500000US06107,38.3
0500000US06109,16.1
0500000US06111,15.2
0500000US06113,16.9
0500000US06115,28.9
0500000US08001,17.7
0500000US08003,39.9
0500000US08005,14.7
0500000US08007,21.6
0500000US08009,27.8
0500000US08011,36.9
0500000US08013,12.0
0500000US08014,6.3
0500000US08015,13.9
0500000US08017,9.5
0500000US08019,7.8
0500000US08021,29.2
0500000US08023,53.3
0500000US08025,46.4
0500000US08027,24.8
0500000US08029,23.8
0500000US08031,25.0
0500000US08033,29.4
0500000US08035,3.8
0500000US08037,11.2
0500000US08039,5.3
0500000US08041,14.6
0500000US08043,25.8
0500000US08045,14.5
0500000US08047,5.6
0500000US08049,13.2
0500000US08051,12.6
0500000US08053,16.1
0500000US08055,19.6
0500000US08057,25.0
0500000US08059,10.7
0500000US08061,9.6
0500000US08063,19.5
0500000US08065,13.6
0500000US08067,10.8
0500000US08069,11.8
0500000US08071,16.7
0500000US08073,20.9
0500000US08075,22.4
0500000US08077,22.1
0500000US08079,15.9
0500000US08081,10.4
0500000US08083,30.2
0500000US08085,27.2
0500000US08087,15.7
0500000US08089,33.7
0500000US08091,10.7
0500000US08093,7.3
0500000US08095,15.8
0500000US08097,8.2
0500000US08099,28.2
0500000US08101,28.1
0500000US08103,17.2
0500000US08105,27.8
0500000US08107,7.8
0500000US08109,35.5
0500000US08111,0.0
0500000US08113,12.7
0500000US08115,18.5
0500000US08117,12.6
0500000US08119,9.3
0500000US08121,13.6
0500000US08123,15.7
0500000US08125,22.2
0500000US09001,10.8
0500000US09003,16.2
0500000US09005,7.8
0500000US09007,7.8
0500000US09009,18.9
0500000US09011,15.5
0500000US09013,6.5
0500000US09015,14.8
0500000US10001,19.4
0500000US10003,15.4
0500000US10005,22.6
0500000US11001,25.8
0500000US12001,23.7
0500000US12003,25.5
0500000US12005,22.7
0500000US12007,25.1
0500000US12009,21.0
0500000US12011,19.5
0500000US12013,10.3
0500000US12015,19.9
0500000US12017,30.0
0500000US12019,12.2
0500000US12021,22.1
0500000US12023,28.1
0500000US12027,43.2
0500000US12029,27.2
0500000US12031,24.8
0500000US12033,23.5
0500000US12035,19.6
0500000US12037,29.6
0500000US12039,39.4
0500000US12041,39.5
0500000US12043,30.0
0500000US12045,20.9
0500000US12047,40.1
0500000US12049,38.8
0500000US12051,32.3
0500000US12053,23.9
0500000US12055,32.7
0500000US12057,22.4
0500000US12059,38.1
0500000US12061,22.7
0500000US12063,34.8
0500000US12065,25.0
0500000US12067,20.6
0500000US12069,21.3
0500000US12071,26.0
0500000US12073,19.5
0500000US12075,39.3
0500000US12077,16.8
0500000US12079,38.1
0500000US12081,24.1
0500000US12083,30.6
0500000US12085,18.1
0500000US12086,27.1
0500000US12087,17.0
0500000US12089,18.9
0500000US12091,18.6
0500000US12093,37.1
0500000US12095,24.8
0500000US12097,29.6
0500000US12099,21.2
0500000US12101,17.5
0500000US12103,21.2
0500000US12105,27.2
0500000US12107,41.8
0500000US12109,9.5
0500000US12111,27.3
0500000US12113,17.9
0500000US12115,17.6
0500000US12117,15.6
0500000US12119,24.6
0500000US12121,38.7
0500000US12123,12.8
0500000US12125,34.9
0500000US12127,25.4
0500000US12129,19.7
0500000US12131,29.0
0500000US12133,30.8
0500000US13001,24.4
0500000US13003,41.5
0500000US13005,21.5
0500000US13007,20.8
0500000US13009,39.9
0500000US13011,20.3
0500000US13013,19.4
0500000US13015,19.1
0500000US13017,47.4
0500000US13019,32.9
0500000US13021,43.2
0500000US13023,34.7
0500000US13025,27.4
0500000US13027,39.9
0500000US13029,17.8
0500000US13031,32.3
0500000US13033,49.1
0500000US13035,31.8
0500000US13037,44.4
0500000US13039,23.1
0500000US13043,43.5
0500000US13045,26.0
0500000US13047,17.0
0500000US13049,31.1
0500000US13051,27.5
0500000US13053,14.0
0500000US13055,30.3
0500000US13057,13.2
0500000US13059,38.7
0500000US13061,60.7
0500000US13063,37.2
0500000US13065,41.9
0500000US13067,16.5
0500000US13069,34.1
0500000US13071,38.5
0500000US13073,11.5
0500000US13075,31.2
0500000US13077,17.6
0500000US13079,24.7
0500000US13081,45.4
0500000US13083,22.5
0500000US13085,18.6
0500000US13087,35.5
0500000US13089,30.1
0500000US13091,32.0
0500000US13093,32.7
0500000US13095,45.1
0500000US13097,21.2
0500000US13099,50.0
0500000US13101,40.3
0500000US13103,14.6
0500000US13105,29.6
0500000US13107,41.3
0500000US13109,39.6
0500000US13111,22.2
0500000US13113,9.8
0500000US13115,26.6
0500000US13117,7.2
0500000US13119,34.4
0500000US13121,24.7
0500000US13123,36.6
0500000US13125,22.1
0500000US13127,28.4
0500000US13129,30.9
0500000US13131,48.1
0500000US13133,42.4
0500000US13135,19.1
0500000US13137,25.7
0500000US13139,26.8
0500000US13141,54.4
0500000US13143,29.2
0500000US13145,10.1
0500000US13147,25.8
0500000US13149,23.0
0500000US13151,18.0
0500000US13153,26.3
0500000US13155,34.4
0500000US13157,15.4
0500000US13159,29.0
0500000US13161,26.7
0500000US13163,47.0
0500000US13165,45.6
0500000US13167,40.8
0500000US13169,18.3
0500000US13171,31.5
0500000US13173,28.5
0500000US13175,38.8
0500000US13177,16.8
0500000US13179,22.4
0500000US13181,42.2
0500000US13183,20.3
0500000US13185,31.7
0500000US13187,22.6
0500000US13189,43.4
0500000US13191,33.1
0500000US13193,43.0
0500000US13195,22.2
0500000US13197,35.6
0500000US13199,30.7
0500000US13201,37.6
0500000US13205,43.4
0500000US13207,11.7
0500000US13209,33.0
0500000US13211,17.8
0500000US13213,24.8
0500000US13215,29.8
0500000US13217,25.0
0500000US13219,9.2
0500000US13221,30.3
0500000US13223,14.2
0500000US13225,30.4
0500000US13227,12.0
0500000US13229,27.4
0500000US13231,16.1
0500000US13233,30.7
0500000US13235,42.3
0500000US13237,26.4
0500000US13239,48.6
0500000US13241,36.3
0500000US13243,46.6
0500000US13245,40.3
0500000US13247,26.5
0500000US13249,31.9
0500000US13251,38.6
0500000US13253,33.1
0500000US13255,35.1
0500000US13257,24.0
0500000US13259,65.8
0500000US13261,54.3
0500000US13263,29.2
0500000US13265,51.4
0500000US13267,44.1
0500000US13269,39.2
0500000US13271,46.2
0500000US13273,59.3
0500000US13275,26.3
0500000US13277,39.8
0500000US13279,36.2
0500000US13281,23.4
0500000US13283,29.5
0500000US13285,31.0
0500000US13287,44.3
0500000US13289,32.8
0500000US13291,22.1
0500000US13293,36.9
0500000US13295,23.8
0500000US13297,19.9
0500000US13299,45.1
0500000US13301,38.2
0500000US13303,39.3
0500000US13305,24.6
0500000US13307,30.6
0500000US13309,39.7
0500000US13311,31.8
0500000US13313,28.4
0500000US13315,27.9
0500000US13317,46.7
0500000US13319,33.1
0500000US13321,27.0
0500000US15001,26.8
0500000US15003,12.2
0500000US15005,-
0500000US15007,9.6
0500000US15009,12.2
0500000US16001,13.8
0500000US16003,20.7
0500000US16005,21.3
0500000US16007,23.2
0500000US16009,24.3
0500000US16011,17.8
0500000US16013,25.6
0500000US16015,21.3
0500000US16017,21.2
0500000US16019,16.5
0500000US16021,19.3
0500000US16023,18.5
0500000US16025,27.4
0500000US16027,24.7
0500000US16029,10.7
0500000US16031,20.4
0500000US16033,36.6
0500000US16035,15.9
0500000US16037,20.9
0500000US16039,25.1
0500000US16041,18.0
0500000US16043,17.3
0500000US16045,32.3
0500000US16047,23.2
0500000US16049,18.2
0500000US16051,13.9
0500000US16053,22.5
0500000US16055,17.4
0500000US16057,17.6
0500000US16059,21.0
0500000US16061,21.3
0500000US16063,17.3
0500000US16065,22.1
0500000US16067,28.2
0500000US16069,17.4
0500000US16071,21.0
0500000US16073,34.8
0500000US16075,22.9
0500000US16077,17.1
0500000US16079,26.5
0500000US16081,18.4
0500000US16083,20.7
0500000US16085,13.9
0500000US16087,21.4
0500000US17001,17.2
0500000US17003,53.7
0500000US17005,23.9
0500000US17007,15.8
0500000US17009,17.2
0500000US17011,22.6
0500000US17013,14.4
0500000US17015,13.4
0500000US17017,20.6
0500000US17019,20.5
0500000US17021,19.0
0500000US17023,27.1
0500000US17025,19.2
0500000US17027,11.6
0500000US17029,26.5
0500000US17031,24.2
0500000US17033,15.9
0500000US17035,21.2
0500000US17037,20.4
0500000US17039,19.0
0500000US17041,18.8
0500000US17043,9.5
0500000US17045,23.3
0500000US17047,18.2
0500000US17049,15.5
0500000US17051,26.2
0500000US17053,24.2
0500000US17055,26.6
0500000US17057,21.0
0500000US17059,20.9
0500000US17061,25.0
0500000US17063,11.6
0500000US17065,17.7
0500000US17067,20.6
0500000US17069,23.1
0500000US17071,21.3
0500000US17073,16.7
0500000US17075,24.3
0500000US17077,27.7
0500000US17079,8.0
0500000US17081,29.2
0500000US17083,10.7
0500000US17085,11.6
0500000US17087,12.2
0500000US17089,16.8
0500000US17091,22.2
0500000US17093,6.9
0500000US17095,26.6
0500000US17097,12.2
0500000US17099,21.9
0500000US17101,23.5
0500000US17103,14.7
0500000US17105,18.3
0500000US17107,18.5
0500000US17109,19.5
0500000US17111,10.8
0500000US17113,11.7
0500000US17115,30.2
0500000US17117,19.6
0500000US17119,17.1
0500000US17121,30.1
0500000US17123,14.6
0500000US17125,23.4
0500000US17127,28.0
0500000US17129,22.4
0500000US17131,15.0
0500000US17133,4.9
0500000US17135,20.5
0500000US17137,20.7
0500000US17139,17.6
0500000US17141,14.8
0500000US17143,23.5
0500000US17145,24.5
0500000US17147,6.7
0500000US17149,18.6
0500000US17151,24.8
0500000US17153,24.2
0500000US17155,21.5
0500000US17157,14.2
0500000US17159,19.1
0500000US17161,24.3
0500000US17163,26.7
0500000US17165,31.0
0500000US17167,23.5
0500000US17169,15.8
0500000US17171,22.1
0500000US17173,15.8
0500000US17175,24.2
0500000US17177,23.3
0500000US17179,9.8
0500000US17181,16.7
0500000US17183,30.1
0500000US17185,14.5
0500000US17187,23.8
0500000US17189,15.3
0500000US17191,25.8
0500000US17193,18.6
0500000US17195,15.9
0500000US17197,11.0
0500000US17199,20.7
0500000US17201,23.6
0500000US17203,12.8
0500000US18001,30.0
0500000US18003,22.5
0500000US18005,17.9
0500000US18007,17.0
0500000US18009,15.1
0500000US18011,7.9
0500000US18013,20.0
0500000US18015,12.2
0500000US18017,24.1
0500000US18019,13.5
0500000US18021,22.7
0500000US18023,19.0
0500000US18025,25.4
0500000US18027,16.7
0500000US18029,13.3
0500000US18031,20.2
0500000US18033,18.8
0500000US18035,26.6
0500000US18037,9.8
0500000US18039,20.7
0500000US18041,26.3
0500000US18043,18.7
0500000US18045,14.2
0500000US18047,12.7
0500000US18049,18.0
0500000US18051,14.4
0500000US18053,31.3
0500000US18055,18.0
0500000US18057,6.1
0500000US18059,10.4
0500000US18061,14.4
0500000US18063,6.0
0500000US18065,24.4
0500000US18067,24.3
0500000US18069,17.0
0500000US18071,18.7
0500000US18073,8.7
0500000US18075,20.8
0500000US18077,20.6
0500000US18079,21.6
0500000US18081,12.6
0500000US18083,20.6
0500000US18085,15.8
0500000US18087,18.0
0500000US18089,28.7
0500000US18091,30.3
0500000US18093,18.5
0500000US18095,23.6
0500000US18097,30.9
0500000US18099,15.4
0500000US18101,18.2
0500000US18103,23.9
0500000US18105,20.9
0500000US18107,19.6
0500000US18109,20.2
0500000US18111,22.0
0500000US18113,17.3
0500000US18115,5.1
0500000US18117,25.2
0500000US18119,22.1
0500000US18121,18.2
0500000US18123,21.8
0500000US18125,18.3
0500000US18127,14.9
0500000US18129,12.2
0500000US18131,18.9
0500000US18133,14.5
0500000US18135,26.7
0500000US18137,16.0
0500000US18139,25.0
0500000US18141,25.8
0500000US18143,21.7
0500000US18145,17.0
0500000US18147,13.5
0500000US18149,23.5
0500000US18151,14.4
0500000US18153,24.2
0500000US18155,34.0
0500000US18157,20.4
0500000US18159,16.9
0500000US18161,10.6
0500000US18163,25.0
0500000US18165,16.0
0500000US18167,26.8
0500000US18169,23.0
0500000US18171,11.5
0500000US18173,14.9
0500000US18175,22.1
0500000US18177,29.9
0500000US18179,20.8
0500000US18181,13.7
0500000US18183,13.5
0500000US19001,11.8
0500000US19003,7.1
0500000US19005,14.1
0500000US19007,23.2
0500000US19009,17.3
0500000US19011,13.8
0500000US19013,17.7
0500000US19015,13.9
0500000US19017,8.5
0500000US19019,11.9
0500000US19021,20.6
0500000US19023,12.6
0500000US19025,19.6
0500000US19027,10.5
0500000US19029,28.7
0500000US19031,5.0
0500000US19033,16.4
0500000US19035,16.0
0500000US19037,10.7
0500000US19039,27.5
0500000US19041,18.5
0500000US19043,14.0
0500000US19045,18.6
0500000US19047,31.5
0500000US19049,5.3
0500000US19051,29.3
0500000US19053,27.9
0500000US19055,13.5
0500000US19057,24.6
0500000US19059,6.5
0500000US19061,17.5
0500000US19063,19.5
0500000US19065,17.2
0500000US19067,23.3
0500000US19069,24.1
0500000US19071,14.3
0500000US19073,11.9
0500000US19075,5.1
0500000US19077,12.3
0500000US19079,15.3
0500000US19081,13.3
0500000US19083,9.5
0500000US19085,14.1
0500000US19087,20.0
0500000US19089,13.9
0500000US19091,21.1
0500000US19093,13.2
0500000US19095,16.3
0500000US19097,18.4
0500000US19099,9.8
0500000US19101,26.7
0500000US19103,12.1
0500000US19105,14.7
0500000US19107,16.8
0500000US19109,15.2
0500000US19111,22.5
0500000US19113,10.2
0500000US19115,18.2
0500000US19117,11.0
0500000US19119,7.1
0500000US19121,5.4
0500000US19123,16.1
0500000US19125,11.7
0500000US19127,15.4
0500000US19129,7.4
0500000US19131,12.8
0500000US19133,26.4
0500000US19135,15.8
0500000US19137,23.6
0500000US19139,16.3
0500000US19141,12.0
0500000US19143,15.7
0500000US19145,19.0
0500000US19147,12.9
0500000US19149,12.6
0500000US19151,16.0
0500000US19153,17.2
0500000US19155,16.5
0500000US19157,9.6
0500000US19159,10.2
0500000US19161,11.2
0500000US19163,16.5
0500000US19165,10.8
0500000US19167,10.0
0500000US19169,10.1
0500000US19171,21.7
0500000US19173,14.3
0500000US19175,16.4
0500000US19177,28.2
0500000US19179,22.4
0500000US19181,10.3
0500000US19183,12.3
0500000US19185,22.3
0500000US19187,22.6
0500000US19189,11.9
0500000US19191,7.5
0500000US19193,19.3
0500000US19195,13.8
0500000US19197,19.7
0500000US20001,20.5
0500000US20003,23.7
0500000US20005,25.7
0500000US20007,21.2
0500000US20009,23.4
0500000US20011,27.3
0500000US20013,21.8
0500000US20015,13.2
0500000US20017,18.5
0500000US20019,20.9
0500000US20021,24.5
0500000US20023,13.7
0500000US20025,18.0
0500000US20027,17.3
0500000US20029,14.8
0500000US20031,15.6
0500000US20033,14.5
0500000US20035,20.6
0500000US20037,20.4
0500000US20039,22.8
0500000US20041,12.9
0500000US20043,18.4
0500000US20045,13.6
0500000US20047,16.3
0500000US20049,26.2
0500000US20051,11.3
0500000US20053,8.1
0500000US20055,21.7
0500000US20057,24.7
0500000US20059,20.0
0500000US20061,18.1
0500000US20063,11.3
0500000US20065,15.3
0500000US20067,14.2
0500000US20069,10.8
0500000US20071,11.4
0500000US20073,22.4
0500000US20075,16.2
0500000US20077,16.6
0500000US20079,17.2
0500000US20081,18.5
0500000US20083,8.0
0500000US20085,9.3
0500000US20087,11.4
0500000US20089,25.9
0500000US20091,7.1
0500000US20093,14.2
0500000US20095,11.3
0500000US20097,10.1
0500000US20099,25.1
0500000US20101,14.4
0500000US20103,14.0
0500000US20105,14.2
0500000US20107,13.7
0500000US20109,8.4
0500000US20111,23.6
0500000US20113,7.0
0500000US20115,11.8
0500000US20117,10.8
0500000US20119,22.2
0500000US20121,14.4
0500000US20123,16.1
0500000US20125,25.4
0500000US20127,10.7
0500000US20129,10.7
0500000US20131,14.0
0500000US20133,32.6
0500000US20135,19.0
0500000US20137,15.9
0500000US20139,11.7
0500000US20141,33.8
0500000US20143,13.4
0500000US20145,3.8
0500000US20147,13.1
0500000US20149,8.5
0500000US20151,16.3
0500000US20153,10.0
0500000US20155,21.0
0500000US20157,18.5
0500000US20159,19.3
0500000US20161,12.1
0500000US20163,18.4
0500000US20165,3.7
0500000US20167,19.9
0500000US20169,20.2
0500000US20171,4.9
0500000US20173,21.2
0500000US20175,27.4
0500000US20177,19.6
0500000US20179,10.1
0500000US20181,24.2
0500000US20183,20.3
0500000US20185,24.9
0500000US20187,7.0
0500000US20189,29.9
0500000US20191,14.8
0500000US20193,4.7
0500000US20195,1.9
0500000US20197,7.4
0500000US20199,13.9
0500000US20201,16.1
0500000US20203,3.6
0500000US20205,26.1
0500000US20207,33.4
0500000US20209,34.2
0500000US21001,32.7
0500000US21003,23.2
0500000US21005,13.6
0500000US21007,24.8
0500000US21009,29.9
0500000US21011,30.3
0500000US21013,47.1
0500000US21015,11.4
0500000US21017,25.3
0500000US21019,26.4
0500000US21021,20.1
0500000US21023,26.0
0500000US21025,43.1
0500000US21027,19.6
0500000US21029,13.7
0500000US21031,37.2
0500000US21033,28.2
0500000US21035,26.5
0500000US21037,22.0
0500000US21039,31.3
0500000US21041,43.6
0500000US21043,24.6
0500000US21045,35.4
0500000US21047,25.3
0500000US21049,21.5
0500000US21051,52.6
0500000US21053,26.6
0500000US21055,28.3
0500000US21057,24.6
0500000US21059,22.9
0500000US21061,28.0
0500000US21063,48.4
0500000US21065,42.9
0500000US21067,23.7
0500000US21069,31.9
0500000US21071,43.9
0500000US21073,23.5
0500000US21075,36.4
0500000US21077,20.0
0500000US21079,28.5
0500000US21081,28.3
0500000US21083,23.5
0500000US21085,35.1
0500000US21087,23.6
0500000US21089,26.3
0500000US21091,28.9
0500000US21093,20.8
0500000US21095,42.2
0500000US21097,24.6
0500000US21099,28.5
0500000US21101,29.4
0500000US21103,25.1
0500000US21105,21.9
0500000US21107,22.6
0500000US21109,42.7
0500000US21111,23.5
0500000US21113,27.3
0500000US21115,31.7
0500000US21117,21.5
0500000US21119,48.5
0500000US21121,49.2
0500000US21123,25.0
0500000US21125,33.4
0500000US21127,24.0
0500000US21129,50.3
0500000US21131,37.0
0500000US21133,43.7
0500000US21135,37.5
0500000US21137,31.5
0500000US21139,11.5
0500000US21141,22.5
0500000US21143,29.3
0500000US21145,27.3
0500000US21147,53.4
0500000US21149,30.5
0500000US21151,22.1
0500000US21153,44.3
0500000US21155,25.4
0500000US21157,13.8
0500000US21159,35.2
0500000US21161,27.9
0500000US21163,21.0
0500000US21165,43.2
0500000US21167,27.0
0500000US21169,33.6
0500000US21171,41.1
0500000US21173,34.7
0500000US21175,38.1
0500000US21177,27.8
0500000US21179,19.3
0500000US21181,46.0
0500000US21183,34.3
0500000US21185,8.2
0500000US21187,19.6
0500000US21189,44.1
0500000US21191,20.9
0500000US21193,32.1
0500000US21195,33.7
0500000US21197,32.8
0500000US21199,31.5
0500000US21201,45.5
0500000US21203,29.9
0500000US21205,31.3
0500000US21207,36.4
0500000US21209,14.9
0500000US21211,17.5
0500000US21213,31.2
0500000US21215,9.8
0500000US21217,40.2
0500000US21219,20.6
0500000US21221,30.1
0500000US21223,21.7
0500000US21225,27.7
0500000US21227,25.6
0500000US21229,19.8
0500000US21231,32.8
0500000US21233,31.6
0500000US21235,36.6
0500000US21237,55.3
0500000US21239,28.0
0500000US22001,23.6
0500000US22003,20.0
0500000US22005,15.1
0500000US22007,27.6
0500000US22009,31.1
0500000US22011,24.5
0500000US22013,36.0
0500000US22015,21.2
0500000US22017,34.1
0500000US22019,24.9
0500000US22021,34.7
0500000US22023,8.4
0500000US22025,28.2
0500000US22027,49.3
0500000US22029,44.0
0500000US22031,39.4
0500000US22033,26.8
0500000US22035,68.4
0500000US22037,22.9
0500000US22039,37.2
0500000US22041,49.4
0500000US22043,22.0
0500000US22045,30.6
0500000US22047,27.0
0500000US22049,40.1
0500000US22051,26.0
0500000US22053,24.7
0500000US22055,21.8
0500000US22057,21.6
0500000US22059,29.3
0500000US22061,31.2
0500000US22063,18.5
0500000US22065,54.8
0500000US22067,44.8
0500000US22069,34.5
0500000US22071,39.8
0500000US22073,36.1
0500000US22075,20.5
0500000US22077,27.4
0500000US22079,28.5
0500000US22081,23.7
0500000US22083,33.9
0500000US22085,29.2
0500000US22087,27.8
0500000US22089,16.4
0500000US22091,38.9
0500000US22093,27.0
0500000US22095,25.2
0500000US22097,41.5
0500000US22099,25.9
0500000US22101,30.1
0500000US22103,14.2
0500000US22105,30.6
0500000US22107,49.2
0500000US22109,27.4
0500000US22111,45.3
0500000US22113,21.0
0500000US22115,19.0
0500000US22117,33.7
0500000US22119,37.5
0500000US22121,29.7
0500000US22123,41.0
0500000US22125,33.4
0500000US22127,36.2
0500000US23001,21.7
0500000US23003,23.7
0500000US23005,13.8
0500000US23007,17.4
0500000US23009,15.7
0500000US23011,20.6
0500000US23013,16.0
0500000US23015,20.0
0500000US23017,23.4
0500000US23019,19.7
0500000US23021,32.5
0500000US23023,17.9
0500000US23025,25.8
0500000US23027,20.5
0500000US23029,22.4
0500000US23031,11.2
0500000US24001,24.7
0500000US24003,7.1
0500000US24005,12.0
0500000US24009,6.3
0500000US24011,27.8
0500000US24013,7.6
0500000US24015,15.4
0500000US24017,11.0
0500000US24019,28.4
0500000US24021,9.7
0500000US24023,18.0
0500000US24025,9.8
0500000US24027,5.8
0500000US24029,18.9
0500000US24031,8.7
0500000US24033,13.7
0500000US24035,9.2
0500000US24037,9.9
0500000US24039,39.1
0500000US24041,14.9
0500000US24043,19.4
0500000US24045,21.1
0500000US24047,13.9
0500000US24510,33.3
0500000US25001,13.0
0500000US25003,17.8
0500000US25005,17.3
0500000US25007,16.1
0500000US25009,15.9
0500000US25011,15.8
0500000US25013,27.9
0500000US25015,13.1
0500000US25017,9.2
0500000US25019,17.8
0500000US25021,6.9
0500000US25023,11.4
0500000US25025,28.0
0500000US25027,14.7
0500000US26001,20.4
0500000US26003,13.9
0500000US26005,15.2
0500000US26007,22.9
0500000US26009,20.4
0500000US26011,28.6
0500000US26013,24.4
0500000US26015,13.6
0500000US26017,23.0
0500000US26019,14.2
0500000US26021,27.2
0500000US26023,28.9
0500000US26025,25.3
0500000US26027,23.1
0500000US26029,18.2
0500000US26031,33.1
0500000US26033,25.6
0500000US26035,37.1
0500000US26037,12.6
0500000US26039,25.9
0500000US26041,23.9
0500000US26043,14.8
0500000US26045,16.9
0500000US26047,13.0
0500000US26049,31.4
0500000US26051,33.7
0500000US26053,35.3
0500000US26055,11.5
0500000US26057,25.6
0500000US26059,27.5
0500000US26061,19.6
0500000US26063,23.3
0500000US26065,26.2
0500000US26067,18.5
0500000US26069,26.9
0500000US26071,28.5
0500000US26073,23.4
0500000US26075,27.6
0500000US26077,19.9
0500000US26079,21.3
0500000US26081,19.9
0500000US26083,29.9
0500000US26085,46.0
0500000US26087,14.0
0500000US26089,14.6
0500000US26091,20.9
0500000US26093,7.0
0500000US26095,41.6
0500000US26097,23.1
0500000US26099,17.9
0500000US26101,26.7
0500000US26103,15.5
0500000US26105,30.0
0500000US26107,27.4
0500000US26109,26.9
0500000US26111,14.3
0500000US26113,20.4
0500000US26115,14.3
0500000US26117,25.8
0500000US26119,23.4
0500000US26121,29.1
0500000US26123,25.7
0500000US26125,12.2
0500000US26127,30.2
0500000US26129,33.3
0500000US26131,20.2
0500000US26133,37.4
0500000US26135,27.6
0500000US26137,19.8
0500000US26139,11.4
0500000US26141,22.2
0500000US26143,32.7
0500000US26145,25.1
0500000US26147,20.3
0500000US26149,25.0
0500000US26151,22.7
0500000US26153,34.8
0500000US26155,21.9
0500000US26157,25.5
0500000US26159,25.2
0500000US26161,13.7
0500000US26163,36.4
0500000US26165,29.9
0500000US27001,16.1
0500000US27003,10.3
0500000US27005,17.4
0500000US27007,23.5
0500000US27009,17.8
0500000US27011,16.4
0500000US27013,12.4
0500000US27015,10.0
0500000US27017,14.8
0500000US27019,3.2
0500000US27021,28.3
0500000US27023,17.4
0500000US27025,5.0
0500000US27027,11.9
0500000US27029,23.8
0500000US27031,17.4
0500000US27033,20.3
0500000US27035,13.5
0500000US27037,9.7
0500000US27039,8.4
0500000US27041,9.6
0500000US27043,20.0
0500000US27045,20.4
0500000US27047,15.9
0500000US27049,16.7
0500000US27051,19.1
0500000US27053,15.9
0500000US27055,15.4
0500000US27057,18.3
0500000US27059,7.1
0500000US27061,20.3
0500000US27063,13.8
0500000US27065,20.2
0500000US27067,17.0
0500000US27069,14.4
0500000US27071,22.3
0500000US27073,8.6
0500000US27075,20.1
0500000US27077,9.1
0500000US27079,11.3
0500000US27081,16.3
0500000US27083,18.8
0500000US27085,11.8
0500000US27087,34.1
0500000US27089,8.4
0500000US27091,16.6
0500000US27093,12.2
0500000US27095,14.6
0500000US27097,12.6
0500000US27099,16.9
0500000US27101,12.7
0500000US27103,10.0
0500000US27105,19.6
0500000US27107,20.0
0500000US27109,11.3
0500000US27111,11.9
0500000US27113,10.8
0500000US27115,17.5
0500000US27117,18.4
0500000US27119,17.1
0500000US27121,12.4
0500000US27123,23.7
0500000US27125,10.7
0500000US27127,18.1
0500000US27129,16.2
0500000US27131,17.1
0500000US27133,12.8
0500000US27135,11.6
0500000US27137,17.6
0500000US27139,6.7
0500000US27141,8.9
0500000US27143,15.9
0500000US27145,14.3
0500000US27147,12.8
0500000US27149,8.0
0500000US27151,20.3
0500000US27153,21.3
0500000US27155,10.9
0500000US27157,7.0
0500000US27159,17.4
0500000US27161,7.9
0500000US27163,5.9
0500000US27165,20.0
0500000US27167,8.8
0500000US27169,10.9
0500000US27171,6.3
0500000US27173,13.8
0500000US28001,52.3
0500000US28003,27.5
0500000US28005,39.2
0500000US28007,32.2
0500000US28009,18.5
0500000US28011,51.7
0500000US28013,40.3
0500000US28015,25.4
0500000US28017,43.4
0500000US28019,37.3
0500000US28021,57.5
0500000US28023,28.6
0500000US28025,41.6
0500000US28027,49.6
0500000US28029,41.8
0500000US28031,37.4
0500000US28033,13.0
0500000US28035,35.5
0500000US28037,22.1
0500000US28039,23.2
0500000US28041,16.8
0500000US28043,41.9
0500000US28045,22.7
0500000US28047,32.5
0500000US28049,37.5
0500000US28051,61.7
0500000US28053,55.7
0500000US28055,68.7
0500000US28057,27.4
0500000US28059,20.8
0500000US28061,33.9
0500000US28063,54.0
0500000US28065,51.2
0500000US28067,37.0
0500000US28069,44.6
0500000US28071,23.2
0500000US28073,18.7
0500000US28075,36.0
0500000US28077,31.7
0500000US28079,41.4
0500000US28081,27.0
0500000US28083,54.9
0500000US28085,37.0
0500000US28087,31.5
0500000US28089,17.1
0500000US28091,39.8
0500000US28093,27.9
0500000US28095,29.6
0500000US28097,51.4
0500000US28099,30.8
0500000US28101,32.7
0500000US28103,41.0
0500000US28105,34.6
0500000US28107,32.8
0500000US28109,28.7
0500000US28111,25.0
0500000US28113,43.9
0500000US28115,24.0
0500000US28117,33.2
0500000US28119,57.4
0500000US28121,10.8
0500000US28123,41.1
0500000US28125,39.7
0500000US28127,38.8
0500000US28129,39.4
0500000US28131,26.0
0500000US28133,49.6
0500000US28135,46.3
0500000US28137,19.5
0500000US28139,33.6
0500000US28141,26.9
0500000US28143,38.2
0500000US28145,28.3
0500000US28147,33.7
0500000US28149,36.5
0500000US28151,51.0
0500000US28153,33.5
0500000US28155,31.6
0500000US28157,51.7
0500000US28159,45.0
0500000US28161,25.8
0500000US28163,46.1
0500000US29001,20.3
0500000US29003,8.3
0500000US29005,16.3
0500000US29007,28.1
0500000US29009,34.6
0500000US29011,34.0
0500000US29013,23.2
0500000US29015,29.7
0500000US29017,35.5
0500000US29019,15.4
0500000US29021,27.6
0500000US29023,29.8
0500000US29025,17.7
0500000US29027,19.0
0500000US29029,29.8
0500000US29031,20.5
0500000US29033,24.6
0500000US29035,26.4
0500000US29037,12.6
0500000US29039,26.8
0500000US29041,18.3
0500000US29043,15.0
0500000US29045,16.8
0500000US29047,11.8
0500000US29049,11.9
0500000US29051,16.9
0500000US29053,17.1
0500000US29055,27.4
0500000US29057,30.1
0500000US29059,26.3
0500000US29061,23.3
0500000US29063,24.1
0500000US29065,27.6
0500000US29067,30.9
0500000US29069,38.1
0500000US29071,17.7
0500000US29073,22.0
0500000US29075,20.6
0500000US29077,22.7
0500000US29079,27.7
0500000US29081,28.8
0500000US29083,34.1
0500000US29085,38.0
0500000US29087,14.7
0500000US29089,27.8
0500000US29091,33.0
0500000US29093,31.3
0500000US29095,25.9
0500000US29097,23.7
0500000US29099,14.0
0500000US29101,16.1
0500000US29103,28.3
0500000US29105,27.3
0500000US29107,18.7
0500000US29109,27.8
0500000US29111,17.1
0500000US29113,18.9
0500000US29115,29.4
0500000US29117,25.8
0500000US29119,29.6
0500000US29121,31.9
0500000US29123,18.0
0500000US29125,33.2
0500000US29127,24.1
0500000US29129,18.3
0500000US29131,28.5
0500000US29133,45.1
0500000US29135,17.8
0500000US29137,28.3
0500000US29139,23.5
0500000US29141,33.6
0500000US29143,39.1
0500000US29145,18.7
0500000US29147,27.0
0500000US29149,43.4
0500000US29151,6.5
0500000US29153,34.2
0500000US29155,41.2
0500000US29157,10.1
0500000US29159,22.0
0500000US29161,22.0
0500000US29163,20.1
0500000US29165,10.0
0500000US29167,21.1
0500000US29169,20.7
0500000US29171,25.7
0500000US29173,17.0
0500000US29175,20.2
0500000US29177,26.8
0500000US29179,25.2
0500000US29181,32.7
0500000US29183,8.4
0500000US29185,33.2
0500000US29186,22.8
0500000US29187,19.8
0500000US29189,15.1
0500000US29195,24.9
0500000US29197,36.5
0500000US29199,24.4
0500000US29201,28.3
0500000US29203,30.1
0500000US29205,27.6
0500000US29207,20.9
0500000US29209,18.3
0500000US29211,21.6
0500000US29213,25.6
0500000US29215,37.5
0500000US29217,27.7
0500000US29219,22.0
0500000US29221,30.9
0500000US29223,31.9
0500000US29225,25.7
0500000US29227,16.9
0500000US29229,32.4
0500000US29510,42.4
0500000US30001,9.5
0500000US30003,38.1
0500000US30005,39.9
0500000US30007,5.0
0500000US30009,14.7
0500000US30011,18.3
0500000US30013,20.9
0500000US30015,31.2
0500000US30017,11.8
0500000US30019,2.3
0500000US30021,30.6
0500000US30023,33.9
0500000US30025,9.2
0500000US30027,19.3
0500000US30029,19.0
0500000US30031,10.4
0500000US30033,7.3
0500000US30035,36.0
0500000US30037,37.8
0500000US30039,37.0
0500000US30041,27.7
0500000US30043,8.8
0500000US30045,12.1
0500000US30047,28.8
0500000US30049,15.4
0500000US30051,16.4
0500000US30053,21.3
0500000US30055,8.0
0500000US30057,19.0
0500000US30059,16.7
0500000US30061,43.8
0500000US30063,14.7
0500000US30065,21.4
0500000US30067,8.3
0500000US30069,28.0
0500000US30071,18.2
0500000US30073,28.1
0500000US30075,5.0
0500000US30077,17.1
0500000US30079,28.6
0500000US30081,27.2
0500000US30083,11.3
0500000US30085,34.6
0500000US30087,26.7
0500000US30089,36.6
0500000US30091,13.0
0500000US30093,24.4
0500000US30095,7.9
0500000US30097,18.5
0500000US30099,11.2
0500000US30101,24.1
0500000US30103,29.9
0500000US30105,11.0
0500000US30107,24.9
0500000US30109,15.9
0500000US30111,12.3
0500000US31001,14.8
0500000US31003,14.5
0500000US31005,0.7
0500000US31007,20.5
0500000US31009,22.9
0500000US31011,7.7
0500000US31013,22.5
0500000US31015,10.1
0500000US31017,26.6
0500000US31019,14.9
0500000US31021,10.6
0500000US31023,10.1
0500000US31025,8.2
0500000US31027,15.1
0500000US31029,13.2
0500000US31031,5.8
0500000US31033,14.8
0500000US31035,14.6
0500000US31037,16.0
0500000US31039,21.4
0500000US31041,12.9
0500000US31043,21.3
0500000US31045,14.5
0500000US31047,22.8
0500000US31049,15.8
0500000US31051,19.1
0500000US31053,16.2
0500000US31055,19.5
0500000US31057,15.4
0500000US31059,13.8
0500000US31061,17.4
0500000US31063,15.3
0500000US31065,25.8
0500000US31067,13.3
0500000US31069,7.6
0500000US31071,4.3
0500000US31073,8.5
0500000US31075,19.4
0500000US31077,13.7
0500000US31079,21.8
0500000US31081,14.4
0500000US31083,29.3
0500000US31085,4.6
0500000US31087,26.3
0500000US31089,10.2
0500000US31091,18.4
0500000US31093,11.9
0500000US31095,19.8
0500000US31097,13.7
0500000US31099,8.0
0500000US31101,21.9
0500000US31103,20.4
0500000US31105,10.6
0500000US31107,20.0
0500000US31109,16.3
0500000US31111,16.3
0500000US31113,17.6
0500000US31115,12.4
0500000US31117,19.4
0500000US31119,19.6
0500000US31121,8.7
0500000US31123,16.9
0500000US31125,10.3
0500000US31127,12.8
0500000US31129,17.0
0500000US31131,15.0
0500000US31133,34.7
0500000US31135,10.3
0500000US31137,10.0
0500000US31139,6.3
0500000US31141,11.0
0500000US31143,8.8
0500000US31145,16.4
0500000US31147,30.4
0500000US31149,4.4
0500000US31151,14.3
0500000US31153,8.3
0500000US31155,14.5
0500000US31157,20.8
0500000US31159,9.3
0500000US31161,30.0
0500000US31163,23.8
0500000US31165,14.6
0500000US31167,8.1
0500000US31169,17.8
0500000US31171,12.7
0500000US31173,42.7
0500000US31175,15.6
0500000US31177,13.3
0500000US31179,7.2
0500000US31181,12.0
0500000US31183,6.2
0500000US31185,10.6
0500000US32001,19.5
0500000US32003,21.7
0500000US32005,16.5
0500000US32007,15.2
0500000US32009,16.3
0500000US32011,0.0
0500000US32013,14.3
0500000US32015,23.4
0500000US32017,19.8
0500000US32019,20.7
0500000US32021,39.9
0500000US32023,27.5
0500000US32027,25.3
0500000US32029,7.3
0500000US32031,20.0
0500000US32033,21.8
0500000US32510,27.1
0500000US33001,18.2
0500000US33003,13.1
0500000US33005,14.7
0500000US33007,20.6
0500000US33009,16.0
0500000US33011,11.3
0500000US33013,10.5
0500000US33015,6.3
0500000US33017,10.8
0500000US33019,11.2
0500000US34001,25.2
0500000US34003,9.2
0500000US34005,8.8
0500000US34007,19.9
0500000US34009,14.6
0500000US34011,26.4
0500000US34013,24.2
0500000US34015,9.8
0500000US34017,26.4
0500000US34019,5.3
0500000US34021,15.6
0500000US34023,11.7
0500000US34025,10.1
0500000US34027,4.8
0500000US34029,19.8
0500000US34031,25.6
0500000US34033,24.3
0500000US34035,6.0
0500000US34037,7.1
0500000US34039,15.1
0500000US34041,11.8
0500000US35001,26.8
0500000US35003,35.8
0500000US35005,33.9
0500000US35006,40.0
0500000US35007,28.7
0500000US35009,33.1
0500000US35011,15.4
0500000US35013,41.1
0500000US35015,18.2
0500000US35017,30.1
0500000US35019,24.0
0500000US35021,5.3
0500000US35023,36.8
0500000US35025,22.1
0500000US35027,22.9
0500000US35028,5.1
0500000US35029,38.8
0500000US35031,46.5
0500000US35033,22.8
0500000US35035,37.5
0500000US35037,27.9
0500000US35039,29.5
0500000US35041,34.2
0500000US35043,19.2
0500000US35045,27.8
0500000US35047,37.5
0500000US35049,24.0
0500000US35051,38.1
0500000US35053,28.4
0500000US35055,32.8
0500000US35057,41.7
0500000US35059,23.2
0500000US35061,32.7
0500000US36001,15.8
0500000US36003,26.6
0500000US36005,42.8
0500000US36007,24.2
0500000US36009,25.5
0500000US36011,16.3
0500000US36013,30.6
0500000US36015,22.5
0500000US36017,21.0
0500000US36019,22.0
0500000US36021,18.6
0500000US36023,15.3
0500000US36025,28.4
0500000US36027,11.7
0500000US36029,22.1
0500000US36031,13.2
0500000US36033,27.1
0500000US36035,23.6
0500000US36037,19.6
0500000US36039,16.0
0500000US36041,12.2
0500000US36043,20.7
0500000US36045,21.1
0500000US36047,32.1
0500000US36049,21.8
0500000US36051,19.4
0500000US36053,16.7
0500000US36055,22.4
0500000US36057,32.8
0500000US36059,8.0
0500000US36061,23.7
0500000US36063,20.1
0500000US36065,26.8
0500000US36067,21.9
0500000US36069,13.3
0500000US36071,20.3
0500000US36073,23.7
0500000US36075,27.8
0500000US36077,17.8
0500000US36079,4.5
0500000US36081,19.8
0500000US36083,19.2
0500000US36085,17.6
0500000US36087,25.3
0500000US36089,27.1
0500000US36091,7.4
0500000US36093,19.6
0500000US36095,20.1
0500000US36097,18.7
0500000US36099,15.3
0500000US36101,22.7
0500000US36103,9.4
0500000US36105,25.1
0500000US36107,14.7
0500000US36109,16.2
0500000US36111,14.5
0500000US36113,16.0
0500000US36115,18.8
0500000US36117,17.0
0500000US36119,12.2
0500000US36121,17.2
0500000US36123,21.8
0500000US37001,27.8
0500000US37003,28.3
0500000US37005,31.9
0500000US37007,30.5
0500000US37009,27.8
0500000US37011,19.6
0500000US37013,22.0
0500000US37015,37.7
0500000US37017,43.0
0500000US37019,27.5
0500000US37021,20.5
0500000US37023,30.2
0500000US37025,16.8
0500000US37027,22.6
0500000US37029,18.7
0500000US37031,19.9
0500000US37033,34.7
0500000US37035,23.5
0500000US37037,21.0
0500000US37039,28.1
0500000US37041,36.7
0500000US37043,24.1
0500000US37045,30.0
0500000US37047,33.5
0500000US37049,24.7
0500000US37051,25.7
0500000US37053,14.1
0500000US37055,8.4
0500000US37057,23.8
0500000US37059,22.8
0500000US37061,41.2
0500000US37063,25.4
0500000US37065,40.6
0500000US37067,30.1
0500000US37069,20.4
0500000US37071,25.3
0500000US37073,22.0
0500000US37075,23.1
0500000US37077,23.0
0500000US37079,34.3
0500000US37081,25.4
0500000US37083,37.3
0500000US37085,23.7
0500000US37087,28.2
0500000US37089,18.6
0500000US37091,36.7
0500000US37093,29.3
0500000US37095,28.6
0500000US37097,19.2
0500000US37099,33.5
0500000US37101,21.4
0500000US37103,44.1
0500000US37105,26.2
0500000US37107,35.8
0500000US37109,22.0
0500000US37111,29.8
0500000US37113,31.7
0500000US37115,22.4
0500000US37117,29.0
0500000US37119,19.3
0500000US37121,26.8
0500000US37123,32.3
0500000US37125,24.7
0500000US37127,24.8
0500000US37129,22.3
0500000US37131,52.8
0500000US37133,18.6
0500000US37135,11.1
0500000US37137,28.6
0500000US37139,25.5
0500000US37141,24.8
0500000US37143,28.8
0500000US37145,26.9
0500000US37147,28.2
0500000US37149,27.8
0500000US37151,25.8
0500000US37153,39.9
0500000US37155,43.6
0500000US37157,28.6
0500000US37159,27.7
0500000US37161,27.4
0500000US37163,35.5
0500000US37165,46.2
0500000US37167,25.1
0500000US37169,21.5
0500000US37171,24.0
0500000US37173,42.2
0500000US37175,27.4
0500000US37177,43.4
0500000US37179,12.5
0500000US37181,37.4
0500000US37183,14.3
0500000US37185,34.5
0500000US37187,42.6
0500000US37189,24.2
0500000US37191,34.6
0500000US37193,29.4
0500000US37195,39.3
0500000US37197,29.6
0500000US37199,29.5
0500000US38001,13.5
0500000US38003,11.8
0500000US38005,48.4
0500000US38007,11.1
0500000US38009,9.1
0500000US38011,4.5
0500000US38013,15.3
0500000US38015,8.9
0500000US38017,11.9
0500000US38019,5.2
0500000US38021,9.0
0500000US38023,7.1
0500000US38025,11.2
0500000US38027,18.3
0500000US38029,8.1
0500000US38031,12.8
0500000US38033,12.7
0500000US38035,17.3
0500000US38037,10.6
0500000US38039,8.4
0500000US38041,10.9
0500000US38043,7.1
0500000US38045,12.3
0500000US38047,2.1
0500000US38049,14.7
0500000US38051,7.9
0500000US38053,18.9
0500000US38055,12.6
0500000US38057,8.4
0500000US38059,8.2
0500000US38061,16.4
0500000US38063,11.9
0500000US38065,0.5
0500000US38067,5.3
0500000US38069,32.0
0500000US38071,13.1
0500000US38073,9.1
0500000US38075,6.2
0500000US38077,11.8
0500000US38079,44.5
0500000US38081,5.0
0500000US38083,26.5
0500000US38085,49.7
0500000US38087,11.3
0500000US38089,5.0
0500000US38091,7.8
0500000US38093,16.7
0500000US38095,23.3
0500000US38097,9.1
0500000US38099,11.8
0500000US38101,7.9
0500000US38103,0.0
0500000US38105,10.7
0500000US39001,32.6
0500000US39003,22.3
0500000US39005,24.5
0500000US39007,29.5
0500000US39009,30.0
0500000US39011,11.6
0500000US39013,22.8
0500000US39015,24.2
0500000US39017,18.6
0500000US39019,20.1
0500000US39021,15.7
0500000US39023,27.8
0500000US39025,13.5
0500000US39027,20.6
0500000US39029,25.0
0500000US39031,19.1
0500000US39033,23.2
0500000US39035,27.0
0500000US39037,18.2
0500000US39039,20.0
0500000US39041,5.3
0500000US39043,18.9
0500000US39045,13.6
0500000US39047,29.3
0500000US39049,24.5
0500000US39051,15.2
0500000US39053,29.8
0500000US39055,10.2
0500000US39057,18.0
0500000US39059,30.5
0500000US39061,26.1
0500000US39063,19.8
0500000US39065,19.7
0500000US39067,30.1
0500000US39069,14.6
0500000US39071,29.9
0500000US39073,24.1
0500000US39075,18.1
0500000US39077,18.4
0500000US39079,34.6
0500000US39081,25.5
0500000US39083,22.1
0500000US39085,11.3
0500000US39087,25.5
0500000US39089,20.3
0500000US39091,21.4
0500000US39093,21.6
0500000US39095,29.6
0500000US39097,16.1
0500000US39099,29.2
0500000US39101,26.2
0500000US39103,8.8
0500000US39105,28.7
0500000US39107,10.3
0500000US39109,15.8
0500000US39111,32.8
0500000US39113,28.5
0500000US39115,28.6
0500000US39117,14.5
0500000US39119,25.0
0500000US39121,16.6
0500000US39123,18.7
0500000US39125,14.6
0500000US39127,28.3
0500000US39129,16.9
0500000US39131,27.6
0500000US39133,20.2
0500000US39135,19.5
0500000US39137,10.7
0500000US39139,25.8
0500000US39141,26.6
0500000US39143,19.5
0500000US39145,31.5
0500000US39147,25.1
0500000US39149,13.3
0500000US39151,21.4
0500000US39153,20.5
0500000US39155,30.3
0500000US39157,19.2
0500000US39159,9.3
0500000US39161,17.4
0500000US39163,32.3
0500000US39165,6.5
0500000US39167,21.4
0500000US39169,18.5
0500000US39171,22.4
0500000US39173,11.0
0500000US39175,12.2
0500000US40001,42.2
0500000US40003,18.4
0500000US40005,29.3
0500000US40007,15.0
0500000US40009,15.0
0500000US40011,18.0
0500000US40013,23.0
0500000US40015,27.2
0500000US40017,10.7
0500000US40019,21.0
0500000US40021,29.7
0500000US40023,38.5
0500000US40025,24.0
0500000US40027,12.9
0500000US40029,29.9
0500000US40031,23.4
0500000US40033,19.3
0500000US40035,24.2
0500000US40037,20.9
0500000US40039,17.5
0500000US40041,32.3
0500000US40043,27.6
0500000US40045,18.2
0500000US40047,19.7
0500000US40049,23.7
0500000US40051,17.9
0500000US40053,11.2
0500000US40055,21.6
0500000US40057,17.6
0500000US40059,23.9
0500000US40061,28.7
0500000US40063,28.8
0500000US40065,22.5
0500000US40067,27.4
0500000US40069,28.3
0500000US40071,25.2
0500000US40073,13.0
0500000US40075,33.9
0500000US40077,25.1
0500000US40079,29.8
0500000US40081,20.5
0500000US40083,14.7
0500000US40085,20.1
0500000US40087,10.8
0500000US40089,32.4
0500000US40091,28.0
0500000US40093,17.4
0500000US40095,24.8
0500000US40097,31.1
0500000US40099,19.3
0500000US40101,30.0
0500000US40103,13.4
0500000US40105,23.7
0500000US40107,32.2
0500000US40109,26.8
0500000US40111,29.3
0500000US40113,22.6
0500000US40115,34.0
0500000US40117,18.7
0500000US40119,22.8
0500000US40121,23.3
0500000US40123,23.9
0500000US40125,25.3
0500000US40127,31.3
0500000US40129,17.8
0500000US40131,12.9
0500000US40133,31.9
0500000US40135,37.1
0500000US40137,21.1
0500000US40139,18.8
0500000US40141,28.7
0500000US40143,24.1
0500000US40145,14.8
0500000US40147,21.4
0500000US40149,25.2
0500000US40151,14.9
0500000US40153,18.9
0500000US41001,21.3
0500000US41003,14.0
0500000US41005,11.0
0500000US41007,18.3
0500000US41009,16.6
0500000US41011,25.2
0500000US41013,25.2
0500000US41015,14.8
0500000US41017,18.3
0500000US41019,28.6
0500000US41021,4.2
0500000US41023,21.1
0500000US41025,26.7
0500000US41027,20.1
0500000US41029,24.5
0500000US41031,29.9
0500000US41033,27.3
0500000US41035,23.9
0500000US41037,18.6
0500000US41039,21.8
0500000US41041,29.3
0500000US41043,25.0
0500000US41045,34.7
0500000US41047,25.4
0500000US41049,22.9
0500000US41051,22.3
0500000US41053,17.4
0500000US41055,24.6
0500000US41057,19.2
0500000US41059,25.3
0500000US41061,25.0
0500000US41063,22.7
0500000US41065,16.2
0500000US41067,15.0
0500000US41069,44.8
0500000US41071,22.5
0500000US42001,15.5
0500000US42003,17.5
0500000US42005,20.5
0500000US42007,17.0
0500000US42009,20.2
0500000US42011,22.6
0500000US42013,21.8
0500000US42015,17.9
0500000US42017,7.1
0500000US42019,9.6
0500000US42021,24.9
0500000US42023,23.0
0500000US42025,21.9
0500000US42027,13.6
0500000US42029,8.8
0500000US42031,22.7
0500000US42033,23.3
0500000US42035,26.4
0500000US42037,17.1
0500000US42039,21.0
0500000US42041,12.1
0500000US42043,20.4
0500000US42045,14.8
0500000US42047,14.5
0500000US42049,24.5
0500000US42051,29.8
0500000US42053,37.7
0500000US42055,18.9
0500000US42057,15.9
0500000US42059,23.4
0500000US42061,19.4
0500000US42063,20.9
0500000US42065,22.1
0500000US42067,17.0
0500000US42069,22.3
0500000US42071,15.9
0500000US42073,21.7
0500000US42075,15.7
0500000US42077,20.4
0500000US42079,26.7
0500000US42081,22.0
0500000US42083,27.7
0500000US42085,23.3
0500000US42087,23.7
0500000US42089,16.5
0500000US42091,7.8
0500000US42093,14.4
0500000US42095,13.2
0500000US42097,21.9
0500000US42099,12.0
0500000US42101,36.7
0500000US42103,15.8
0500000US42105,19.4
0500000US42107,18.7
0500000US42109,17.7
0500000US42111,20.3
0500000US42113,14.5
0500000US42115,19.1
0500000US42117,17.7
0500000US42119,14.0
0500000US42121,22.2
0500000US42123,20.9
0500000US42125,13.5
0500000US42127,18.2
0500000US42129,15.3
0500000US42131,15.6
0500000US42133,16.0
0500000US44001,6.5
0500000US44003,9.2
0500000US44005,11.1
0500000US44007,25.2
0500000US44009,10.8
0500000US45001,31.2
0500000US45003,28.3
0500000US45005,50.5
0500000US45007,23.0
0500000US45009,46.4
0500000US45011,41.6
0500000US45013,21.3
0500000US45015,19.2
0500000US45017,24.5
0500000US45019,24.4
0500000US45021,34.2
0500000US45023,33.4
0500000US45025,34.8
0500000US45027,39.6
0500000US45029,28.6
0500000US45031,32.1
0500000US45033,47.3
0500000US45035,17.2
0500000US45037,24.6
0500000US45039,37.0
0500000US45041,27.8
0500000US45043,32.9
0500000US45045,20.6
0500000US45047,38.6
0500000US45049,26.2
0500000US45051,30.1
0500000US45053,40.6
0500000US45055,20.9
0500000US45057,25.8
0500000US45059,33.4
0500000US45061,47.6
0500000US45063,19.9
0500000US45065,38.6
0500000US45067,44.5
0500000US45069,38.2
0500000US45071,28.1
0500000US45073,26.8
0500000US45075,36.1
0500000US45077,17.8
0500000US45079,22.3
0500000US45081,27.5
0500000US45083,25.5
0500000US45085,29.9
0500000US45087,30.1
0500000US45089,42.2
0500000US45091,16.1
0500000US46003,4.8
0500000US46005,34.4
0500000US46007,50.3
0500000US46009,14.8
0500000US46011,10.9
0500000US46013,9.7
0500000US46015,18.7
0500000US46017,46.4
0500000US46019,4.9
0500000US46021,9.3
0500000US46023,28.4
0500000US46025,24.6
0500000US46027,22.2
0500000US46029,9.9
0500000US46031,59.2
0500000US46033,17.5
0500000US46035,17.1
0500000US46037,34.5
0500000US46039,12.3
0500000US46041,31.5
0500000US46043,8.6
0500000US46045,4.9
0500000US46047,29.9
0500000US46049,3.2
0500000US46051,7.1
0500000US46053,25.5
0500000US46055,26.2
0500000US46057,9.0
0500000US46059,6.4
0500000US46061,9.3
0500000US46063,8.5
0500000US46065,12.9
0500000US46067,16.8
0500000US46069,19.6
0500000US46071,42.4
0500000US46073,7.0
0500000US46075,0.0
0500000US46077,11.2
0500000US46079,20.3
0500000US46081,11.3
0500000US46083,3.5
0500000US46085,32.1
0500000US46087,10.8
0500000US46089,11.6
0500000US46091,10.2
0500000US46093,10.1
0500000US46095,70.9
0500000US46097,13.5
0500000US46099,15.9
0500000US46101,19.1
0500000US46102,62.1
0500000US46103,21.4
0500000US46105,14.1
0500000US46107,17.1
0500000US46109,32.7
0500000US46111,11.1
0500000US46115,14.9
0500000US46117,4.9
0500000US46119,0.6
0500000US46121,56.3
0500000US46123,32.1
0500000US46125,12.1
0500000US46127,6.1
0500000US46129,10.8
0500000US46135,16.3
0500000US46137,51.7
0500000US47001,28.0
0500000US47003,22.7
0500000US47005,28.3
0500000US47007,29.5
0500000US47009,19.9
0500000US47011,28.5
0500000US47013,30.7
0500000US47015,22.7
0500000US47017,22.4
0500000US47019,34.8
0500000US47021,17.7
0500000US47023,21.7
0500000US47025,29.3
0500000US47027,29.0
0500000US47029,42.1
0500000US47031,23.0
0500000US47033,23.6
0500000US47035,23.5
0500000US47037,29.0
0500000US47039,30.9
0500000US47041,36.0
0500000US47043,22.5
0500000US47045,25.3
0500000US47047,23.1
0500000US47049,31.2
0500000US47051,18.7
0500000US47053,28.5
0500000US47055,19.8
0500000US47057,28.2
0500000US47059,27.1
0500000US47061,37.1
0500000US47063,31.1
0500000US47065,21.7
0500000US47067,35.5
0500000US47069,33.1
0500000US47071,30.2
0500000US47073,28.3
0500000US47075,27.6
0500000US47077,32.2
0500000US47079,29.4
0500000US47081,32.4
0500000US47083,34.7
0500000US47085,26.0
0500000US47087,40.4
0500000US47089,20.5
0500000US47091,38.4
0500000US47093,20.8
0500000US47095,43.6
0500000US47097,32.2
0500000US47099,28.7
0500000US47101,30.8
0500000US47103,25.7
0500000US47105,23.7
0500000US47107,26.5
0500000US47109,29.7
0500000US47111,21.6
0500000US47113,28.4
0500000US47115,27.5
0500000US47117,22.4
0500000US47119,22.1
0500000US47121,26.3
0500000US47123,29.1
0500000US47125,21.2
0500000US47127,20.2
0500000US47129,32.9
0500000US47131,30.9
0500000US47133,29.3
0500000US47135,42.4
0500000US47137,25.2
0500000US47139,27.0
0500000US47141,30.3
0500000US47143,35.3
0500000US47145,21.9
0500000US47147,15.4
0500000US47149,15.7
0500000US47151,37.5
0500000US47153,19.6
0500000US47155,21.7
0500000US47157,34.3
0500000US47159,19.9
0500000US47161,29.4
0500000US47163,26.4
0500000US47165,13.1
0500000US47167,18.6
0500000US47169,13.8
0500000US47171,28.9
0500000US47173,35.2
0500000US47175,32.0
0500000US47177,31.0
0500000US47179,23.3
0500000US47181,30.0
0500000US47183,23.6
0500000US47185,24.0
0500000US47187,6.4
0500000US47189,12.6
0500000US48001,26.0
0500000US48003,13.2
0500000US48005,29.7
0500000US48007,28.1
0500000US48009,8.9
0500000US48011,11.2
0500000US48013,23.0
0500000US48015,25.3
0500000US48017,26.6
0500000US48019,30.2
0500000US48021,20.3
0500000US48023,4.1
0500000US48025,33.2
0500000US48027,20.8
0500000US48029,24.3
0500000US48031,13.5
0500000US48033,0.0
0500000US48035,24.9
0500000US48037,30.1
0500000US48039,13.2
0500000US48041,24.1
0500000US48043,9.3
0500000US48045,18.9
0500000US48047,49.2
0500000US48049,28.0
0500000US48051,23.5
0500000US48053,23.3
0500000US48055,23.9
0500000US48057,31.4
0500000US48059,19.3
0500000US48061,46.4
0500000US48063,27.3
0500000US48065,7.0
0500000US48067,30.4
0500000US48069,21.8
0500000US48071,13.7
0500000US48073,34.8
0500000US48075,22.4
0500000US48077,21.6
0500000US48079,24.4
0500000US48081,24.8
0500000US48083,26.3
0500000US48085,8.7
0500000US48087,32.1
0500000US48089,17.2
0500000US48091,13.6
0500000US48093,36.9
0500000US48095,21.2
0500000US48097,25.0
0500000US48099,19.9
0500000US48101,36.4
0500000US48103,15.6
0500000US48105,40.1
0500000US48107,30.0
0500000US48109,34.3
0500000US48111,20.4
0500000US48113,28.3
0500000US48115,16.7
0500000US48117,24.4
0500000US48119,39.1
0500000US48121,10.0
0500000US48123,21.9
0500000US48125,24.6
0500000US48127,31.1
0500000US48129,24.7
0500000US48131,34.7
0500000US48133,22.3
0500000US48135,17.0
0500000US48137,9.3
0500000US48139,15.2
0500000US48141,31.2
0500000US48143,22.9
0500000US48145,38.6
0500000US48147,19.9
0500000US48149,13.2
0500000US48151,24.0
0500000US48153,33.6
0500000US48155,7.2
0500000US48157,11.2
0500000US48159,26.2
0500000US48161,27.2
0500000US48163,27.6
0500000US48165,11.5
0500000US48167,19.2
0500000US48169,22.8
0500000US48171,18.3
0500000US48173,1.4
0500000US48175,27.0
0500000US48177,24.3
0500000US48179,22.3
0500000US48181,22.4
0500000US48183,26.1
0500000US48185,31.9
0500000US48187,14.8
0500000US48189,30.1
0500000US48191,41.3
0500000US48193,15.1
0500000US48195,32.0
0500000US48197,15.2
0500000US48199,15.0
0500000US48201,26.0
0500000US48203,25.0
0500000US48205,11.1
0500000US48207,35.6
0500000US48209,16.3
0500000US48211,20.3
0500000US48213,30.9
0500000US48215,44.7
0500000US48217,31.0
0500000US48219,19.6
0500000US48221,19.4
0500000US48223,29.5
0500000US48225,38.8
0500000US48227,19.1
0500000US48229,56.5
0500000US48231,26.1
0500000US48233,23.0
0500000US48235,18.3
0500000US48237,26.1
0500000US48239,16.2
0500000US48241,22.2
0500000US48243,2.2
0500000US48245,30.4
0500000US48247,26.9
0500000US48249,27.3
0500000US48251,16.9
0500000US48253,26.6
0500000US48255,39.8
0500000US48257,18.5
0500000US48259,8.6
0500000US48261,27.9
0500000US48263,24.6
0500000US48265,27.2
0500000US48267,29.4
0500000US48269,8.9
0500000US48271,32.0
0500000US48273,25.5
0500000US48275,22.0
0500000US48277,30.5
0500000US48279,28.7
0500000US48281,20.3
0500000US48283,23.4
0500000US48285,12.6
0500000US48287,21.4
0500000US48289,25.4
0500000US48291,23.3
0500000US48293,36.0
0500000US48295,13.8
0500000US48297,23.5
0500000US48299,21.2
0500000US48301,0.0
0500000US48303,23.0
0500000US48305,32.4
0500000US48307,26.6
0500000US48309,26.8
0500000US48311,5.5
0500000US48313,21.7
0500000US48315,31.3
0500000US48317,12.1
0500000US48319,24.5
0500000US48321,36.4
0500000US48323,32.8
0500000US48325,19.8
0500000US48327,14.6
0500000US48329,9.8
0500000US48331,19.9
0500000US48333,22.0
0500000US48335,13.4
0500000US48337,25.3
0500000US48339,14.8
0500000US48341,24.7
0500000US48343,26.6
0500000US48345,14.1
0500000US48347,30.0
0500000US48349,31.2
0500000US48351,24.1
0500000US48353,26.0
0500000US48355,24.3
0500000US48357,15.1
0500000US48359,19.4
0500000US48361,20.0
0500000US48363,24.5
0500000US48365,21.2
0500000US48367,13.1
0500000US48369,26.5
0500000US48371,10.1
0500000US48373,28.8
0500000US48375,29.8
0500000US48377,33.4
0500000US48379,15.4
0500000US48381,12.6
0500000US48383,28.9
0500000US48385,28.9
0500000US48387,21.2
0500000US48389,17.3
0500000US48391,24.5
0500000US48393,0.0
0500000US48395,19.5
0500000US48397,7.6
0500000US48399,25.0
0500000US48401,24.5
0500000US48403,46.6
0500000US48405,40.1
0500000US48407,19.7
0500000US48409,20.4
0500000US48411,34.8
0500000US48413,15.5
0500000US48415,7.6
0500000US48417,20.4
0500000US48419,34.6
0500000US48421,22.9
0500000US48423,23.8
0500000US48425,23.2
0500000US48427,49.0
0500000US48429,35.9
0500000US48431,35.0
0500000US48433,32.7
0500000US48435,12.1
0500000US48437,36.1
0500000US48439,20.7
0500000US48441,22.4
0500000US48443,39.1
0500000US48445,18.0
0500000US48447,10.3
0500000US48449,30.8
0500000US48451,18.6
0500000US48453,21.2
0500000US48455,23.9
0500000US48457,23.4
0500000US48459,19.1
0500000US48461,28.2
0500000US48463,31.9
0500000US48465,27.6
0500000US48467,24.0
0500000US48469,20.8
0500000US48471,23.4
0500000US48473,25.1
0500000US48475,23.9
0500000US48477,22.7
0500000US48479,43.2
0500000US48481,28.6
0500000US48483,27.9
0500000US48485,26.2
0500000US48487,22.1
0500000US48489,49.5
0500000US48491,8.9
0500000US48493,13.7
0500000US48495,22.8
0500000US48497,20.2
0500000US48499,19.6
0500000US48501,14.8
0500000US48503,22.9
0500000US48505,45.8
0500000US48507,54.2
0500000US49001,16.7
0500000US49003,13.3
0500000US49005,13.9
0500000US49007,18.5
0500000US49009,1.4
0500000US49011,8.5
0500000US49013,14.5
0500000US49015,17.3
0500000US49017,16.8
0500000US49019,19.4
0500000US49021,23.0
0500000US49023,19.4
0500000US49025,10.4
0500000US49027,15.1
0500000US49029,4.2
0500000US49031,28.7
0500000US49033,21.3
0500000US49035,14.5
0500000US49037,33.2
0500000US49039,16.7
0500000US49041,16.9
0500000US49043,10.2
0500000US49045,7.0
0500000US49047,10.4
0500000US49049,11.3
0500000US49051,10.0
0500000US49053,20.2
0500000US49055,13.5
0500000US49057,15.8
0500000US50001,12.2
0500000US50003,21.9
0500000US50005,17.1
0500000US50007,12.5
0500000US50009,17.7
0500000US50011,10.4
0500000US50013,10.2
0500000US50015,17.9
0500000US50017,17.5
0500000US50019,17.1
0500000US50021,15.9
0500000US50023,17.3
0500000US50025,20.2
0500000US50027,13.3
0500000US51001,31.1
0500000US51003,10.4
0500000US51005,25.8
0500000US51007,19.0
0500000US51009,21.3
0500000US51011,25.7
0500000US51013,10.2
0500000US51015,12.9
0500000US51017,6.0
0500000US51019,10.6
0500000US51021,17.2
0500000US51023,10.9
0500000US51025,36.9
0500000US51027,34.4
0500000US51029,24.1
0500000US51031,15.2
0500000US51033,23.1
0500000US51035,19.3
0500000US51036,28.3
0500000US51037,35.8
0500000US51041,9.5
0500000US51043,19.5
0500000US51045,13.8
0500000US51047,9.9
0500000US51049,41.5
0500000US51051,31.4
0500000US51053,20.2
0500000US51057,18.8
0500000US51059,7.5
0500000US51061,7.3
0500000US51063,9.5
0500000US51065,7.9
0500000US51067,22.8
0500000US51069,6.5
0500000US51071,12.1
0500000US51073,9.2
0500000US51075,6.6
0500000US51077,32.7
0500000US51079,11.7
0500000US51081,28.8
0500000US51083,25.9
0500000US51085,8.7
0500000US51087,15.8
0500000US51089,32.2
0500000US51091,25.0
0500000US51093,18.3
0500000US51095,9.8
0500000US51097,30.6
0500000US51099,6.6
0500000US51101,23.7
0500000US51103,10.8
0500000US51105,39.2
0500000US51107,4.0
0500000US51109,16.7
0500000US51111,27.0
0500000US51113,14.7
0500000US51115,16.7
0500000US51117,23.5
0500000US51119,18.8
0500000US51121,16.0
0500000US51125,18.6
0500000US51127,6.7
0500000US51131,34.0
0500000US51133,16.4
0500000US51135,23.9
0500000US51137,14.1
0500000US51139,21.3
0500000US51141,41.1
0500000US51143,22.4
0500000US51145,3.9
0500000US51147,18.3
0500000US51149,14.3
0500000US51153,10.3
0500000US51155,19.6
0500000US51157,12.3
0500000US51159,26.5
0500000US51161,9.5
0500000US51163,24.6
0500000US51165,17.0
0500000US51167,21.4
0500000US51169,28.7
0500000US51171,14.8
0500000US51173,25.4
0500000US51175,19.6
0500000US51177,11.0
0500000US51179,7.1
0500000US51181,18.0
0500000US51183,19.1
0500000US51185,23.8
0500000US51187,14.7
0500000US51191,19.3
0500000US51193,9.3
0500000US51195,27.8
0500000US51197,20.7
0500000US51199,7.8
0500000US51510,15.2
0500000US51520,37.0
0500000US51530,38.1
0500000US51540,21.8
0500000US51550,14.5
0500000US51570,21.9
0500000US51580,31.0
0500000US51590,33.4
0500000US51595,47.6
0500000US51600,2.8
0500000US51610,2.7
0500000US51620,22.0
0500000US51630,19.8
0500000US51640,36.8
0500000US51650,23.5
0500000US51660,25.1
0500000US51670,29.9
0500000US51678,9.8
0500000US51680,32.9
0500000US51683,13.2
0500000US51685,12.8
0500000US51690,33.5
0500000US51700,25.6
0500000US51710,30.7
0500000US51720,36.5
0500000US51730,46.4
0500000US51735,4.9
0500000US51740,30.2
0500000US51750,21.7
0500000US51760,40.5
0500000US51770,34.7
0500000US51775,11.2
0500000US51790,25.7
0500000US51800,17.7
0500000US51810,12.3
0500000US51820,24.3
0500000US51830,15.7
0500000US51840,20.0
0500000US53001,31.3
0500000US53003,20.0
0500000US53005,21.2
0500000US53007,17.4
0500000US53009,25.5
0500000US53011,12.8
0500000US53013,16.8
0500000US53015,22.3
0500000US53017,19.0
0500000US53019,26.7
0500000US53021,24.6
0500000US53023,18.7
0500000US53025,21.4
0500000US53027,22.1
0500000US53029,14.3
0500000US53031,19.6
0500000US53033,13.0
0500000US53035,12.6
0500000US53037,13.9
0500000US53039,23.3
0500000US53041,20.5
0500000US53043,22.7
0500000US53045,27.4
0500000US53047,28.7
0500000US53049,27.3
0500000US53051,24.8
0500000US53053,17.2
0500000US53055,18.9
0500000US53057,20.8
0500000US53059,18.5
0500000US53061,11.7
0500000US53063,19.2
0500000US53065,21.8
0500000US53067,15.6
0500000US53069,21.8
0500000US53071,21.6
0500000US53073,15.3
0500000US53075,17.7
0500000US53077,29.7
0500000US54001,32.5
0500000US54003,19.7
0500000US54005,40.0
0500000US54007,29.5
0500000US54009,19.9
0500000US54011,26.6
0500000US54013,21.5
0500000US54015,19.5
0500000US54017,17.8
0500000US54019,28.2
0500000US54021,36.5
0500000US54023,10.3
0500000US54025,24.6
0500000US54027,24.1
0500000US54029,24.5
0500000US54031,22.4
0500000US54033,21.5
0500000US54035,22.1
0500000US54037,13.6
0500000US54039,24.3
0500000US54041,29.4
0500000US54043,39.1
0500000US54045,25.7
0500000US54047,54.7
0500000US54049,25.9
0500000US54051,21.9
0500000US54053,25.7
0500000US54055,31.9
0500000US54057,20.0
0500000US54059,37.2
0500000US54061,17.9
0500000US54063,26.1
0500000US54065,13.0
0500000US54067,27.5
0500000US54069,22.5
0500000US54071,24.3
0500000US54073,30.0
0500000US54075,39.5
0500000US54077,21.1
0500000US54079,11.4
0500000US54081,26.8
0500000US54083,20.0
0500000US54085,26.5
0500000US54087,25.7
0500000US54089,23.5
0500000US54091,24.9
0500000US54093,20.0
0500000US54095,28.4
0500000US54097,26.7
0500000US54099,32.9
0500000US54101,37.0
0500000US54103,34.9
0500000US54105,25.7
0500000US54107,26.9
0500000US54109,28.9
0500000US55001,22.2
0500000US55003,22.6
0500000US55005,18.3
0500000US55007,19.8
0500000US55009,15.5
0500000US55011,12.6
0500000US55013,23.0
0500000US55015,9.6
0500000US55017,15.1
0500000US55019,21.9
0500000US55021,11.4
0500000US55023,20.4
0500000US55025,13.2
0500000US55027,12.3
0500000US55029,12.5
0500000US55031,19.0
0500000US55033,14.9
0500000US55035,14.1
0500000US55037,9.5
0500000US55039,10.7
0500000US55041,21.7
0500000US55043,16.9
0500000US55045,11.1
0500000US55047,16.4
0500000US55049,10.4
0500000US55051,12.5
0500000US55053,21.9
0500000US55055,13.4
0500000US55057,17.6
0500000US55059,22.9
0500000US55061,12.3
0500000US55063,12.8
0500000US55065,17.4
0500000US55067,24.7
0500000US55069,11.3
0500000US55071,14.5
0500000US55073,17.0
0500000US55075,18.3
0500000US55077,16.6
0500000US55078,49.8
0500000US55079,31.3
0500000US55081,22.2
0500000US55083,12.4
0500000US55085,12.6
0500000US55087,12.5
0500000US55089,6.2
0500000US55091,20.1
0500000US55093,11.7
0500000US55095,13.6
0500000US55097,12.4
0500000US55099,16.7
0500000US55101,18.5
0500000US55103,18.4
0500000US55105,23.3
0500000US55107,24.9
0500000US55109,6.4
0500000US55111,16.3
0500000US55113,28.6
0500000US55115,16.7
0500000US55117,12.3
0500000US55119,16.7
0500000US55121,12.8
0500000US55123,25.3
0500000US55125,21.7
0500000US55127,14.8
0500000US55129,20.8
0500000US55131,7.2
0500000US55133,6.5
0500000US55135,15.8
0500000US55137,16.0
0500000US55139,15.4
0500000US55141,15.0
0500000US56001,17.6
0500000US56003,13.0
0500000US56005,9.5
0500000US56007,16.6
0500000US56009,9.9
0500000US56011,3.8
0500000US56013,19.8
0500000US56015,27.6
0500000US56017,19.3
0500000US56019,1.2
0500000US56021,13.3
0500000US56023,11.2
0500000US56025,13.0
0500000US56027,12.1
0500000US56029,10.2
0500000US56031,27.9
0500000US56033,10.8
0500000US56035,9.0
0500000US56037,14.3
0500000US56039,6.4
0500000US56041,21.9
0500000US56043,19.9
0500000US56045,25.7
0500000US72001,76.4
0500000US72003,65.1
0500000US72005,63.4
0500000US72007,63.2
0500000US72009,58.5
0500000US72011,62.1
0500000US72013,59.9
0500000US72015,59.5
0500000US72017,64.7
0500000US72019,73.8
0500000US72021,50.0
0500000US72023,58.6
0500000US72025,49.1
0500000US72027,63.9
0500000US72029,54.1
0500000US72031,44.2
0500000US72033,65.4
0500000US72035,53.3
0500000US72037,61.9
0500000US72039,72.2
0500000US72041,49.1
0500000US72043,59.9
0500000US72045,73.3
0500000US72047,63.6
0500000US72049,55.8
0500000US72051,41.7
0500000US72053,61.3
0500000US72054,67.8
0500000US72055,76.6
0500000US72057,64.5
0500000US72059,72.6
0500000US72061,37.7
0500000US72063,34.9
0500000US72065,54.2
0500000US72067,47.9
0500000US72069,61.5
0500000US72071,61.3
0500000US72073,73.5
0500000US72075,59.2
0500000US72077,57.9
0500000US72079,71.7
0500000US72081,63.2
0500000US72083,78.4
0500000US72085,56.9
0500000US72087,61.5
0500000US72089,54.1
0500000US72091,56.7
0500000US72093,78.9
0500000US72095,68.4
0500000US72097,67.5
0500000US72099,61.8
0500000US72101,62.8
0500000US72103,68.0
0500000US72105,56.7
0500000US72107,70.1
0500000US72109,72.9
0500000US72111,63.7
0500000US72113,68.1
0500000US72115,67.8
0500000US72117,66.4
0500000US72119,46.4
0500000US72121,49.4
0500000US72123,61.9
0500000US72125,65.6
0500000US72127,61.2
0500000US72129,56.8
0500000US72131,64.9
0500000US72133,58.4
0500000US72135,34.7
0500000US72137,46.9
0500000US72139,40.5
0500000US72141,62.9
0500000US72143,60.2
0500000US72145,53.5
0500000US72147,50.2
0500000US72149,64.5
0500000US72151,58.2
0500000US72153,57.7