GEO_ID,White,Black
0500000US01001,76.7,20.9
0500000US01003,88.0,9.0
0500000US01005,47.3,48.6
0500000US01007,77.5,20.8
0500000US01009,91.7,2.1
0500000US01011,24.4,72.3
0500000US01013,53.9,45.9
0500000US01015,74.0,23.6
0500000US01017,57.4,40.3
0500000US01019,94.4,4.9
0500000US01021,83.2,10.1
0500000US01023,57.5,42.3
0500000US01025,54.2,45.5
0500000US01027,83.8,15.5
0500000US01029,95.5,3.7
0500000US01031,76.4,18.4
0500000US01033,80.7,17.7
0500000US01035,53.7,45.1
0500000US01037,68.7,30.5
0500000US01039,85.8,13.5
0500000US01041,74.5,25.5
0500000US01043,95.3,1.6
0500000US01045,74.2,22.8
0500000US01047,28.8,71.5
0500000US01049,85.0,2.2
0500000US01051,76.3,21.9
0500000US01053,64.5,31.5
0500000US01055,80.8,16.2
0500000US01057,87.5,12.0
0500000US01059,80.3,4.6
0500000US01061,88.2,10.2
0500000US01063,18.3,82.2
0500000US01065,42.1,57.7
0500000US01067,73.1,25.9
0500000US01069,69.4,28.2
0500000US01071,93.1,4.1
0500000US01073,52.7,42.9
0500000US01075,88.5,11.6
0500000US01077,87.0,11.2
0500000US01079,83.9,11.1
0500000US01081,69.0,24.1
0500000US01083,80.5,14.4
0500000US01085,28.9,71.1
0500000US01087,18.5,80.9
0500000US01089,69.4,25.7
0500000US01091,45.4,53.8
0500000US01093,94.0,5.0
0500000US01095,85.2,3.4
0500000US01097,59.7,36.8
0500000US01099,55.6,43.2
0500000US01101,35.8,58.5
0500000US01103,79.2,13.9
0500000US01105,29.4,71.1
0500000US01107,58.5,40.4
0500000US01109,59.1,38.5
0500000US01111,79.9,18.7
0500000US01113,51.5,46.8
0500000US01115,88.1,10.5
0500000US01117,79.9,14.1
0500000US01119,25.5,73.9
0500000US01121,65.6,33.6
0500000US01123,72.1,26.3
0500000US01125,64.6,31.6
0500000US01127,91.3,7.0
0500000US01129,70.3,22.8
0500000US01131,28.5,71.7
0500000US01133,96.9,1.1
0500000US02013,25.1,9.6
0500000US02016,37.8,6.0
0500000US02020,68.8,7.7
0500000US02050,13.6,1.0
0500000US02060,58.4,3.2
0500000US02063,79.4,1.6
0500000US02066,71.4,1.5
0500000US02068,93.3,1.2
0500000US02070,25.1,2.0
0500000US02090,80.9,6.4
0500000US02100,87.1,0.8
0500000US02105,58.8,2.5
0500000US02110,76.2,2.5
0500000US02122,88.7,1.5
0500000US02130,71.8,1.8
0500000US02150,59.2,1.5
0500000US02158,3.8,0.6
0500000US02164,29.0,1.8
0500000US02170,88.5,2.3
0500000US02180,21.8,1.2
0500000US02185,35.0,2.3
0500000US02188,14.0,1.7
0500000US02195,84.5,2.7
0500000US02198,51.8,1.5
0500000US02220,74.0,1.4
0500000US02230,91.8,1.9
0500000US02240,82.7,1.9
0500000US02275,78.7,1.3
0500000US02282,53.6,2.0
0500000US02290,26.0,0.8
0500000US04001,25.6,0.7
0500000US04003,81.7,5.5
0500000US04005,65.8,2.4
0500000US04007,75.7,1.1
0500000US04009,75.3,2.1
0500000US04011,84.8,2.0
0500000US04012,70.7,1.4
0500000US04013,72.7,7.6
0500000US04015,88.8,1.8
0500000US04017,50.8,1.3
0500000US04019,76.7,5.3
0500000US04021,75.4,6.7
0500000US04023,68.7,0.7
0500000US04025,90.7,1.3
0500000US04027,69.2,2.8
0500000US05001,72.2,25.8
0500000US05003,71.4,25.7
0500000US05005,97.7,0.7
0500000US05007,81.5,2.7
0500000US05009,97.5,0.7
0500000US05011,59.8,29.3
0500000US05013,78.7,20.6
0500000US05015,85.8,0.9
0500000US05017,41.4,54.3
0500000US05019,71.7,25.6
0500000US05021,98.5,1.1
0500000US05023,97.7,0.8
0500000US05025,89.0,10.1
0500000US05027,62.0,35.8
0500000US05029,85.7,12.4
0500000US05031,78.1,18.4
0500000US05033,90.3,2.7
0500000US05035,43.3,55.4
0500000US05037,76.2,23.1
0500000US05039,57.5,42.0
0500000US05041,46.6,49.3
0500000US05043,68.4,29.4
0500000US05045,83.5,13.6
0500000US05047,96.0,1.0
0500000US05049,98.2,0.7
0500000US05051,86.3,10.1
0500000US05053,95.5,3.1
0500000US05055,95.0,2.8
0500000US05057,61.1,29.9
0500000US05059,86.3,12.3
0500000US05061,69.4,22.2
0500000US05063,90.8,3.3
0500000US05065,96.1,2.6
0500000US05067,80.9,18.2
0500000US05069,40.5,57.6
0500000US05071,85.5,2.8
0500000US05073,65.3,33.8
0500000US05075,97.3,1.7
0500000US05077,43.4,56.1
0500000US05079,68.0,29.5
0500000US05081,78.6,19.7
0500000US05083,95.0,1.9
0500000US05085,90.3,7.3
0500000US05087,93.2,0.7
0500000US05089,98.2,0.5
0500000US05091,71.0,27.5
0500000US05093,60.9,37.1
0500000US05095,55.7,42.3
0500000US05097,95.2,0.5
0500000US05099,67.1,31.2
0500000US05101,97.8,0.5
0500000US05103,58.3,41.6
0500000US05105,97.1,1.9
0500000US05107,36.0,63.7
0500000US05109,91.3,3.2
0500000US05111,89.4,9.4
0500000US05113,94.0,0.9
0500000US05115,89.1,4.5
0500000US05117,87.5,12.2
0500000US05119,55.6,38.0
0500000US05121,94.3,1.4
0500000US05123,43.6,55.5
0500000US05125,86.0,9.6
0500000US05127,90.9,1.1
0500000US05129,98.0,0.5
0500000US05131,78.2,8.4
0500000US05133,71.5,4.9
0500000US05135,97.3,1.4
0500000US05137,98.0,0.5
0500000US05139,63.4,33.9
0500000US05141,97.0,0.9
0500000US05143,78.6,4.8
0500000US05145,91.4,6.2
0500000US05147,72.5,27.7
0500000US05149,83.9,2.0
0500000US06001,41.0,11.8
0500000US06003,75.7,3.0
0500000US06005,86.0,3.8
0500000US06007,81.7,3.1
0500000US06009,90.9,1.5
0500000US06011,61.6,1.5
0500000US06013,54.8,10.7
0500000US06015,73.7,4.3
0500000US06017,87.8,1.6
0500000US06019,52.3,6.1
0500000US06021,67.4,1.3
0500000US06023,83.1,2.8
0500000US06025,53.2,3.0
0500000US06027,72.5,1.4
0500000US06029,56.1,6.8
0500000US06031,54.9,7.4
0500000US06033,81.3,3.1
0500000US06035,71.5,7.8
0500000US06037,46.1,9.4
0500000US06039,56.7,3.7
0500000US06041,79.0,3.5
0500000US06043,89.3,1.6
0500000US06045,77.5,1.6
0500000US06047,53.6,4.5
0500000US06049,85.7,1.9
0500000US06051,82.3,1.2
0500000US06053,52.6,3.3
0500000US06055,69.3,2.8
0500000US06057,93.3,1.1
0500000US06059,56.6,2.6
0500000US06061,82.8,2.9
0500000US06063,92.7,1.6
0500000US06065,56.7,8.2
0500000US06067,56.9,12.5
0500000US06069,59.2,1.7
0500000US06071,51.1,10.2
0500000US06073,64.2,6.4
0500000US06075,50.2,6.8
0500000US06077,47.1,9.7
0500000US06079,83.2,2.5
0500000US06081,50.5,3.1
0500000US06083,67.0,2.7
0500000US06085,42.1,3.2
0500000US06087,72.9,2.2
0500000US06089,88.9,2.2
0500000US06091,94.6,2.0
0500000US06093,87.2,2.3
0500000US06095,51.4,16.9
0500000US06097,75.6,2.7
0500000US06099,60.6,4.1
0500000US06101,58.6,3.3
0500000US06103,79.6,1.5
0500000US06105,80.3,0.9
0500000US06107,56.8,2.1
0500000US06109,89.2,2.6
0500000US06111,67.1,2.9
0500000US06113,64.4,4.3
0500000US06115,70.6,6.0
0500000US08001,72.6,4.7
0500000US08003,78.7,2.2
0500000US08005,72.2,13.2
0500000US08007,92.2,1.1
0500000US08009,92.9,1.6
0500000US08011,76.1,5.6
0500000US08013,87.1,1.9
0500000US08014,86.6,2.4
0500000US08015,92.5,2.2
0500000US08017,93.7,1.8
0500000US08019,95.6,1.2
0500000US08021,82.2,0.9
0500000US08023,79.5,2.4
0500000US08025,69.3,9.4
0500000US08027,96.2,1.0
0500000US08029,92.0,1.0
0500000US08031,73.3,10.8
0500000US08033,94.9,1.8
0500000US08035,89.9,2.5
0500000US08037,84.9,1.0
0500000US08039,95.6,1.2
0500000US08041,82.7,8.7
0500000US08043,88.4,4.4
0500000US08045,80.9,1.2
0500000US08047,95.0,1.3
0500000US08049,93.6,0.8
0500000US08051,93.3,1.0
0500000US08053,95.1,3.7
0500000US08055,87.6,1.6
0500000US08057,94.3,1.2
0500000US08059,89.5,2.2
0500000US08061,96.6,2.4
0500000US08063,89.6,0.9
0500000US08065,81.6,1.2
0500000US08067,88.4,1.0
0500000US08069,91.6,2.0
0500000US08071,83.7,2.1
0500000US08073,83.7,5.4
0500000US08075,86.9,4.2
0500000US08077,91.7,1.5
0500000US08079,97.9,1.8
0500000US08081,91.5,1.4
0500000US08083,81.5,1.1
0500000US08085,88.0,1.0
0500000US08087,79.1,3.9
0500000US08089,83.3,1.6
0500000US08091,96.6,0.7
0500000US08093,95.7,1.1
0500000US08095,86.9,1.2
0500000US08097,92.3,1.2
0500000US08099,80.2,1.4
0500000US08101,81.7,3.5
0500000US08103,93.7,0.9
0500000US08105,84.5,1.3
0500000US08107,94.7,1.1
0500000US08109,86.2,0.7
0500000US08111,95.6,1.3
0500000US08113,92.7,0.8
0500000US08115,92.9,0.9
0500000US08117,87.9,1.4
0500000US08119,95.9,1.3
0500000US08121,94.6,1.5
0500000US08123,83.8,2.2
0500000US08125,84.8,0.6
0500000US09001,70.7,13.1
0500000US09003,69.4,16.6
0500000US09005,92.3,3.1
0500000US09007,88.5,6.9
0500000US09009,71.3,16.3
0500000US09011,83.0,8.8
0500000US09013,87.9,5.0
0500000US09015,89.3,3.6
0500000US10001,66.7,29.6
0500000US10003,61.7,28.3
0500000US10005,80.7,12.5
0500000US11001,46.4,44.2
0500000US12001,70.4,21.0
0500000US12003,83.6,14.5
0500000US12005,83.2,12.1
0500000US12007,77.6,20.7
0500000US12009,83.2,11.8
0500000US12011,58.1,30.2
0500000US12013,84.6,13.8
0500000US12015,90.8,6.3
0500000US12017,93.6,3.8
0500000US12019,80.0,14.5
0500000US12021,82.5,7.1
0500000US12023,79.1,18.3
0500000US12027,74.1,13.6
0500000US12029,88.4,10.5
0500000US12031,59.7,31.9
0500000US12033,71.7,23.6
0500000US12035,84.3,11.5
0500000US12037,85.1,12.8
0500000US12039,38.7,54.8
0500000US12041,91.1,5.5
0500000US12043,78.6,12.9
0500000US12045,85.1,13.3
0500000US12047,61.9,33.4
0500000US12049,75.4,9.6
0500000US12051,65.5,12.1
0500000US12053,88.1,7.0
0500000US12055,80.8,11.4
0500000US12057,68.2,19.0
0500000US12059,91.2,7.3
0500000US12061,85.2,9.6
0500000US12063,70.7,27.3
0500000US12065,65.0,32.9
0500000US12067,81.4,13.5
0500000US12069,80.1,12.2
0500000US12071,81.9,9.2
0500000US12073,62.9,32.4
0500000US12075,86.5,10.0
0500000US12077,78.0,18.2
0500000US12079,62.1,36.5
0500000US12081,82.3,9.5
0500000US12083,80.7,13.6
0500000US12085,86.8,5.8
0500000US12086,69.8,17.0
0500000US12087,87.1,7.1
0500000US12089,91.4,6.8
0500000US12091,82.1,12.0
0500000US12093,79.0,9.7
0500000US12095,60.9,22.2
0500000US12097,63.4,14.0
0500000US12099,70.4,19.4
0500000US12101,85.1,8.0
0500000US12103,82.2,11.5
0500000US12105,72.5,16.8
0500000US12107,78.1,17.0
0500000US12109,89.1,6.2
0500000US12111,69.9,22.5
0500000US12113,88.8,7.5
0500000US12115,90.1,4.9
0500000US12117,75.1,14.0
0500000US12119,90.5,7.2
0500000US12121,82.7,12.6
0500000US12123,77.7,20.4
0500000US12125,77.3,21.1
0500000US12127,81.6,12.3
0500000US12129,84.5,13.8
0500000US12131,89.5,5.6
0500000US12133,83.9,14.5
0500000US13001,74.5,19.8
0500000US13003,71.6,15.5
0500000US13005,78.3,17.7
0500000US13007,56.6,41.0
0500000US13009,54.6,43.3
0500000US13011,93.1,3.3
0500000US13013,76.5,14.3
0500000US13015,82.6,12.3
0500000US13017,58.9,38.0
0500000US13019,85.6,12.1
0500000US13021,40.0,56.5
0500000US13023,74.4,23.5
0500000US13025,95.3,4.1
0500000US13027,61.1,36.5
0500000US13029,79.9,16.7
0500000US13031,66.8,30.1
0500000US13033,52.8,46.5
0500000US13035,70.4,28.4
0500000US13037,33.1,65.1
0500000US13039,77.3,20.2
0500000US13043,66.8,25.6
0500000US13045,75.5,20.7
0500000US13047,93.8,3.9
0500000US13049,73.1,22.4
0500000US13051,54.2,39.1
0500000US13053,71.6,19.1
0500000US13055,86.0,11.5
0500000US13057,85.5,8.1
0500000US13059,64.4,26.2
0500000US13061,42.8,57.4
0500000US13063,14.4,72.7
0500000US13065,67.2,31.1
0500000US13067,59.1,29.1
0500000US13069,63.7,29.2
0500000US13071,65.5,23.2
0500000US13073,73.4,20.8
0500000US13075,67.8,29.1
0500000US13077,75.9,19.4
0500000US13079,79.1,20.2
0500000US13081,52.6,45.7
0500000US13083,96.8,1.4
0500000US13085,95.2,1.5
0500000US13087,52.9,42.8
0500000US13089,34.7,53.3
0500000US13091,68.3,30.9
0500000US13093,44.3,50.4
0500000US13095,26.8,71.6
0500000US13097,42.3,51.5
0500000US13099,47.2,52.4
0500000US13101,78.3,5.2
0500000US13103,82.4,15.5
0500000US13105,69.0,28.1
0500000US13107,64.3,33.2
0500000US13109,63.2,30.4
0500000US13111,97.4,0.8
0500000US13113,65.3,26.9
0500000US13115,77.4,15.8
0500000US13117,72.8,5.3
0500000US13119,87.6,9.4
0500000US13121,44.9,44.8
0500000US13123,91.3,0.9
0500000US13125,92.2,7.8
0500000US13127,69.3,26.2
0500000US13129,86.0,5.1
0500000US13131,61.9,29.3
0500000US13133,64.1,31.9
0500000US13135,44.8,30.1
0500000US13137,86.6,4.7
0500000US13139,74.8,8.4
0500000US13141,29.8,70.2
0500000US13143,94.0,5.2
0500000US13145,81.6,16.6
0500000US13147,79.7,18.3
0500000US13149,89.7,10.0
0500000US13151,42.2,52.0
0500000US13153,60.6,34.5
0500000US13155,70.0,24.1
0500000US13157,86.0,8.1
0500000US13159,79.7,18.3
0500000US13161,74.7,16.9
0500000US13163,46.5,52.3
0500000US13165,56.1,41.9
0500000US13167,65.6,34.0
0500000US13169,74.5,25.1
0500000US13171,71.3,28.2
0500000US13173,74.1,24.0
0500000US13175,59.8,38.6
0500000US13177,73.5,23.4
0500000US13179,47.9,47.7
0500000US13181,71.1,28.8
0500000US13183,65.4,29.3
0500000US13185,56.9,39.5
0500000US13187,95.1,2.0
0500000US13189,57.2,41.8
0500000US13191,69.0,31.0
0500000US13193,36.1,60.4
0500000US13195,85.2,10.6
0500000US13197,65.1,29.6
0500000US13199,62.7,36.6
0500000US13201,68.9,30.5
0500000US13205,49.6,47.8
0500000US13207,75.7,23.0
0500000US13209,70.5,25.8
0500000US13211,76.5,21.6
0500000US13213,90.3,1.4
0500000US13215,45.8,49.4
0500000US13217,47.3,49.7
0500000US13219,87.9,5.5
0500000US13221,80.5,16.6
0500000US13223,72.5,24.5
0500000US13225,49.4,45.2
0500000US13227,96.5,1.5
0500000US13229,88.0,9.1
0500000US13231,90.9,8.5
0500000US13233,78.4,13.6
0500000US13235,64.4,33.0
0500000US13237,71.3,25.9
0500000US13239,56.7,43.2
0500000US13241,95.3,1.2
0500000US13243,37.3,61.4
0500000US13245,39.0,58.1
0500000US13247,32.5,61.1
0500000US13249,78.7,20.5
0500000US13251,60.3,39.3
0500000US13253,64.9,33.8
0500000US13255,61.0,36.4
0500000US13257,86.2,13.2
0500000US13259,27.4,47.8
0500000US13261,42.5,52.5
0500000US13263,45.4,54.9
0500000US13265,43.0,56.2
0500000US13267,66.8,27.7
0500000US13269,61.9,37.7
0500000US13271,60.6,38.1
0500000US13273,37.3,62.1
0500000US13275,61.0,37.1
0500000US13277,61.8,30.8
0500000US13279,66.1,27.4
0500000US13281,96.5,1.3
0500000US13283,66.7,33.0
0500000US13285,59.5,36.7
0500000US13287,56.3,42.3
0500000US13289,59.6,40.2
0500000US13291,97.4,0.9
0500000US13293,69.0,30.1
0500000US13295,93.7,5.4
0500000US13297,77.2,19.5
0500000US13299,66.4,31.5
0500000US13301,40.4,60.0
0500000US13303,44.7,54.9
0500000US13305,76.4,21.2
0500000US13307,52.5,47.1
0500000US13309,58.6,39.5
0500000US13311,95.9,2.6
0500000US13313,74.5,4.8
0500000US13315,62.3,36.1
0500000US13317,56.5,41.7
0500000US13319,62.0,37.5
0500000US13321,72.8,26.5
0500000US15001,56.1,2.0
0500000US15003,36.8,3.8
0500000US15005,51.2,11.0
0500000US15007,52.5,1.5
0500000US15009,51.2,1.8
0500000US16001,91.1,2.5
0500000US16003,97.7,0.6
0500000US16005,90.4,1.6
0500000US16007,98.2,0.8
0500000US16009,89.1,0.6
0500000US16011,83.3,0.7
0500000US16013,85.6,0.6
0500000US16015,96.2,1.0
0500000US16017,97.2,0.6
0500000US16019,90.6,1.1
0500000US16021,95.1,0.8
0500000US16023,97.2,0.6
0500000US16025,96.3,3.1
0500000US16027,85.2,1.4
0500000US16029,96.4,0.5
0500000US16031,80.4,0.6
0500000US16033,74.3,3.0
0500000US16035,95.5,1.0
0500000US16037,97.0,0.4
0500000US16039,85.0,3.9
0500000US16041,95.5,0.6
0500000US16043,91.1,0.4
0500000US16045,94.2,0.5
0500000US16047,83.4,0.5
0500000US16049,94.8,0.6
0500000US16051,92.8,0.6
0500000US16053,81.1,0.5
0500000US16055,96.1,0.8
0500000US16057,93.9,1.6
0500000US16059,97.1,0.6
0500000US16061,92.7,0.6
0500000US16063,81.8,0.7
0500000US16065,91.0,1.9
0500000US16067,78.9,0.5
0500000US16069,91.6,1.1
0500000US16071,97.6,0.6
0500000US16073,83.2,0.7
0500000US16075,90.6,0.7
0500000US16077,74.4,0.8
0500000US16079,96.9,0.5
0500000US16081,88.2,0.6
0500000US16083,88.7,1.7
0500000US16085,95.9,0.5
0500000US16087,90.1,0.8
0500000US17001,94.2,5.8
0500000US17003,68.0,32.6
0500000US17005,90.2,7.5
0500000US17007,83.4,3.4
0500000US17009,79.1,17.3
0500000US17011,94.4,1.6
0500000US17013,98.9,0.5
0500000US17015,93.5,5.1
0500000US17017,79.4,6.7
0500000US17019,69.5,16.3
0500000US17021,95.7,1.8
0500000US17023,98.3,0.8
0500000US17025,98.0,0.9
0500000US17027,93.8,3.9
0500000US17029,91.8,5.8
0500000US17031,53.9,24.3
0500000US17033,94.4,4.1
0500000US17035,98.8,0.9
0500000US17037,82.3,10.5
0500000US17039,97.2,1.4
0500000US17041,94.7,1.0
0500000US17043,74.5,5.8
0500000US17045,98.3,0.8
0500000US17047,98.6,1.0
0500000US17049,97.6,1.0
0500000US17051,94.6,4.2
0500000US17053,96.9,1.9
0500000US17055,98.2,1.2
0500000US17057,94.8,4.0
0500000US17059,98.2,1.4
0500000US17061,99.1,0.7
0500000US17063,93.4,2.5
0500000US17065,98.4,1.2
0500000US17067,98.1,1.2
0500000US17069,98.2,1.1
0500000US17071,98.5,1.0
0500000US17073,94.5,3.3
0500000US17075,95.4,1.8
0500000US17077,78.1,16.6
0500000US17079,98.8,0.6
0500000US17081,90.0,9.6
0500000US17083,98.3,1.3
0500000US17085,97.1,1.1
0500000US17087,85.7,11.4
0500000US17089,72.1,6.5
0500000US17091,77.9,16.5
0500000US17093,79.5,9.3
0500000US17095,87.3,11.4
0500000US17097,70.9,8.1
0500000US17099,92.6,3.5
0500000US17101,87.8,10.0
0500000US17103,90.6,6.6
0500000US17105,94.0,4.1
0500000US17107,92.1,6.6
0500000US17109,90.2,7.0
0500000US17111,88.7,2.1
0500000US17113,83.3,10.8
0500000US17115,78.5,21.1
0500000US17117,98.1,1.6
0500000US17119,87.5,11.0
0500000US17121,93.9,5.8
0500000US17123,97.5,1.3
0500000US17125,98.7,1.1
0500000US17127,91.7,8.6
0500000US17129,98.2,1.7
0500000US17131,98.3,1.2
0500000US17133,98.3,0.8
0500000US17135,95.1,3.7
0500000US17137,91.6,7.8
0500000US17139,98.1,1.2
0500000US17141,93.1,2.1
0500000US17143,73.5,21.3
0500000US17145,89.1,9.1
0500000US17147,98.2,1.3
0500000US17149,98.1,0.9
0500000US17151,97.6,2.2
0500000US17153,67.1,30.3
0500000US17155,96.4,0.7
0500000US17157,89.1,8.9
0500000US17159,97.9,1.1
0500000US17161,79.5,13.9
0500000US17163,65.8,32.1
0500000US17165,95.2,4.5
0500000US17167,83.0,15.6
0500000US17169,94.1,5.1
0500000US17171,98.9,0.8
0500000US17173,98.5,0.7
0500000US17175,98.2,1.4
0500000US17177,86.7,12.6
0500000US17179,96.8,2.2
0500000US17181,95.9,2.1
0500000US17183,82.4,16.2
0500000US17185,96.5,1.1
0500000US17187,88.1,5.0
0500000US17189,97.8,1.2
0500000US17191,98.3,0.9
0500000US17193,98.0,1.3
0500000US17195,93.4,2.8
0500000US17197,73.3,13.0
0500000US17199,93.2,5.7
0500000US17201,75.7,16.1
0500000US17203,97.9,1.6
0500000US18001,97.2,1.0
0500000US18003,78.5,14.0
0500000US18005,85.9,3.5
0500000US18007,95.2,1.1
0500000US18009,98.1,1.4
0500000US18011,93.0,2.9
0500000US18013,98.1,0.8
0500000US18015,96.9,1.3
0500000US18017,86.5,2.6
0500000US18019,86.9,10.3
0500000US18021,98.1,1.3
0500000US18023,88.6,1.2
0500000US18025,98.7,0.8
0500000US18027,94.7,2.7
0500000US18029,98.1,1.3
0500000US18031,97.9,1.0
0500000US18033,97.8,1.0
0500000US18035,89.4,9.4
0500000US18037,92.9,0.9
0500000US18039,81.7,7.4
0500000US18041,97.7,2.2
0500000US18043,91.1,7.5
0500000US18045,97.8,1.1
0500000US18047,98.8,0.5
0500000US18049,96.7,1.5
0500000US18051,96.0,3.4
0500000US18053,89.8,9.6
0500000US18055,98.5,0.7
0500000US18057,86.5,5.7
0500000US18059,94.7,4.1
0500000US18061,97.5,1.1
0500000US18063,86.6,9.2
0500000US18065,96.1,3.1
0500000US18067,89.1,10.1
0500000US18069,97.4,1.2
0500000US18071,90.3,1.8
0500000US18073,96.2,1.0
0500000US18075,96.7,0.8
0500000US18077,95.3,2.6
0500000US18079,97.4,1.2
0500000US18081,91.0,3.6
0500000US18083,95.7,2.9
0500000US18085,92.3,1.6
0500000US18087,97.6,0.6
0500000US18089,64.5,26.8
0500000US18091,84.9,12.8
0500000US18093,98.1,1.1
0500000US18095,88.7,9.5
0500000US18097,59.4,30.1
0500000US18099,93.3,1.1
0500000US18101,98.7,0.8
0500000US18103,92.0,6.3
0500000US18105,88.2,5.3
0500000US18107,95.0,1.6
0500000US18109,98.1,1.1
0500000US18111,95.4,0.7
0500000US18113,93.1,1.0
0500000US18115,98.5,0.8
0500000US18117,97.5,1.7
0500000US18119,98.5,1.1
0500000US18121,97.6,1.6
0500000US18123,96.4,2.6
0500000US18125,98.7,0.9
0500000US18127,90.8,5.5
0500000US18129,97.8,1.8
0500000US18131,97.7,1.2
0500000US18133,94.3,3.4
0500000US18135,96.2,1.3
0500000US18137,97.9,0.7
0500000US18139,98.2,1.4
0500000US18141,78.9,15.8
0500000US18143,98.2,1.0
0500000US18145,94.7,2.1
0500000US18147,97.1,1.3
0500000US18149,98.0,0.7
0500000US18151,96.4,1.3
0500000US18153,94.4,4.8
0500000US18155,98.7,0.8
0500000US18157,80.0,7.6
0500000US18159,97.8,0.9
0500000US18161,98.1,0.9
0500000US18163,86.3,12.3
0500000US18165,98.7,0.8
0500000US18167,89.3,8.7
0500000US18169,97.1,1.3
0500000US18171,98.4,0.5
0500000US18173,94.6,2.7
0500000US18175,98.3,1.1
0500000US18177,91.7,7.1
0500000US18179,97.2,1.5
0500000US18181,93.4,1.1
0500000US18183,97.8,1.0
0500000US19001,98.4,1.2
0500000US19003,97.8,1.2
0500000US19005,92.7,1.4
0500000US19007,98.1,1.1
0500000US19009,98.7,1.0
0500000US19011,98.4,1.2
0500000US19013,83.5,12.6
0500000US19015,97.2,1.9
0500000US19017,97.4,1.7
0500000US19019,98.7,0.8
0500000US19021,70.7,3.3
0500000US19023,99.0,0.6
0500000US19025,96.9,2.4
0500000US19027,97.0,1.8
0500000US19029,97.7,0.7
0500000US19031,97.9,1.0
0500000US19033,94.4,3.4
0500000US19035,96.2,1.4
0500000US19037,97.4,1.2
0500000US19039,90.9,0.8
0500000US19041,96.7,1.2
0500000US19043,97.6,1.4
0500000US19045,94.8,4.6
0500000US19047,78.5,2.8
0500000US19049,89.3,3.7
0500000US19051,98.9,0.4
0500000US19053,96.0,2.3
0500000US19055,98.2,1.1
0500000US19057,90.8,8.8
0500000US19059,98.1,0.8
0500000US19061,92.5,5.4
0500000US19063,93.9,1.8
0500000US19065,97.5,2.0
0500000US19067,93.8,3.5
0500000US19069,90.7,0.9
0500000US19071,98.1,0.6
0500000US19073,97.7,1.0
0500000US19075,99.0,0.9
0500000US19077,97.6,0.5
0500000US19079,92.0,1.4
0500000US19081,96.8,1.3
0500000US19083,95.6,1.4
0500000US19085,98.6,0.6
0500000US19087,92.5,3.5
0500000US19089,97.5,0.8
0500000US19091,95.9,1.2
0500000US19093,97.7,0.7
0500000US19095,97.1,1.3
0500000US19097,97.2,1.4
0500000US19099,96.1,2.6
0500000US19101,91.5,3.4
0500000US19103,82.7,9.9
0500000US19105,96.3,2.8
0500000US19107,98.2,1.2
0500000US19109,97.3,1.0
0500000US19111,95.6,4.5
0500000US19113,88.5,9.3
0500000US19115,88.4,1.2
0500000US19117,98.2,0.8
0500000US19119,97.1,0.9
0500000US19121,98.1,0.8
0500000US19123,96.0,2.7
0500000US19125,96.9,1.5
0500000US19127,82.8,2.9
0500000US19129,97.9,1.2
0500000US19131,98.1,0.8
0500000US19133,96.9,1.2
0500000US19135,98.2,1.1
0500000US19137,97.4,0.7
0500000US19139,87.7,3.6
0500000US19141,94.9,1.8
0500000US19143,93.4,1.0
0500000US19145,95.3,2.9
0500000US19147,97.3,0.9
0500000US19149,94.6,2.1
0500000US19151,95.4,1.6
0500000US19153,83.0,8.9
0500000US19155,92.6,3.1
0500000US19157,95.6,2.4
0500000US19159,99.0,0.8
0500000US19161,97.2,1.0
0500000US19163,86.5,10.7
0500000US19165,97.0,1.0
0500000US19167,91.9,1.0
0500000US19169,86.9,4.0
0500000US19171,85.6,1.6
0500000US19173,95.7,0.6
0500000US19175,97.1,1.8
0500000US19177,98.8,1.0
0500000US19179,85.0,5.1
0500000US19181,97.1,1.6
0500000US19183,94.9,1.5
0500000US19185,98.7,0.9
0500000US19187,91.7,6.8
0500000US19189,94.3,2.8
0500000US19191,96.6,1.1
0500000US19193,81.1,6.8
0500000US19195,97.9,1.5
0500000US19197,87.7,1.0
0500000US20001,95.3,2.7
0500000US20003,97.5,1.2
0500000US20005,92.3,7.0
0500000US20007,96.1,1.3
0500000US20009,90.3,2.2
0500000US20011,94.1,4.6
0500000US20013,87.5,2.7
0500000US20015,93.9,3.4
0500000US20017,92.2,1.9
0500000US20019,90.5,1.7
0500000US20021,94.1,1.4
0500000US20023,94.6,0.8
0500000US20025,92.6,1.0
0500000US20027,97.1,1.4
0500000US20029,96.6,1.9
0500000US20031,97.7,1.2
0500000US20033,97.1,1.8
0500000US20035,88.8,4.3
0500000US20037,91.5,4.2
0500000US20039,98.2,1.3
0500000US20041,97.0,1.6
0500000US20043,93.6,5.0
0500000US20045,86.5,6.8
0500000US20047,91.5,1.4
0500000US20049,96.4,1.7
0500000US20051,93.7,2.3
0500000US20053,93.4,4.6
0500000US20055,73.4,4.8
0500000US20057,68.2,3.7
0500000US20059,95.9,2.6
0500000US20061,71.2,21.9
0500000US20063,97.7,1.1
0500000US20065,95.5,3.1
0500000US20067,76.5,0.8
0500000US20069,94.1,0.8
0500000US20071,91.1,1.7
0500000US20073,97.3,1.3
0500000US20075,76.3,1.2
0500000US20077,93.7,1.1
0500000US20079,91.9,3.4
0500000US20081,84.0,1.3
0500000US20083,96.5,1.5
0500000US20085,88.1,1.6
0500000US20087,97.6,1.4
0500000US20089,98.3,1.0
0500000US20091,86.0,6.2
0500000US20093,85.2,2.5
0500000US20095,97.0,1.0
0500000US20097,95.4,3.8
0500000US20099,91.4,6.9
0500000US20101,95.8,0.6
0500000US20103,87.2,10.7
0500000US20105,96.9,1.1
0500000US20107,98.0,1.4
0500000US20109,95.8,0.9
0500000US20111,83.4,3.1
0500000US20113,94.8,2.7
0500000US20115,96.5,1.9
0500000US20117,98.2,1.1
0500000US20119,90.0,1.8
0500000US20121,96.7,2.3
0500000US20123,98.5,1.2
0500000US20125,87.7,7.1
0500000US20127,97.7,0.9
0500000US20129,86.3,2.0
0500000US20131,97.6,1.1
0500000US20133,95.7,2.1
0500000US20135,92.3,0.6
0500000US20137,93.6,4.7
0500000US20139,98.4,0.9
0500000US20141,97.8,1.1
0500000US20143,98.1,2.0
0500000US20145,92.4,5.4
0500000US20147,98.1,1.2
0500000US20149,96.1,2.2
0500000US20151,93.9,1.8
0500000US20153,95.4,1.8
0500000US20155,92.4,4.7
0500000US20157,98.4,1.2
0500000US20159,92.8,2.4
0500000US20161,83.8,9.1
0500000US20163,98.2,1.9
0500000US20165,98.1,0.8
0500000US20167,97.2,2.0
0500000US20169,89.3,5.7
0500000US20171,91.7,0.9
0500000US20173,78.6,11.4
0500000US20175,64.3,4.0
0500000US20177,84.0,11.2
0500000US20179,96.7,1.7
0500000US20181,91.7,2.9
0500000US20183,97.7,1.0
0500000US20185,93.9,1.6
0500000US20187,75.3,1.5
0500000US20189,77.6,1.1
0500000US20191,96.0,1.8
0500000US20193,94.9,1.8
0500000US20195,98.6,0.9
0500000US20197,97.7,1.3
0500000US20199,95.8,1.3
0500000US20201,97.5,0.7
0500000US20203,85.6,1.2
0500000US20205,97.2,1.1
0500000US20207,97.9,0.9
0500000US20209,57.6,23.0
0500000US21001,95.1,4.0
0500000US21003,97.2,1.8
0500000US21005,96.1,3.2
0500000US21007,96.6,3.8
0500000US21009,93.1,5.3
0500000US21011,98.3,1.7
0500000US21013,96.3,3.4
0500000US21015,90.3,5.8
0500000US21017,89.4,7.0
0500000US21019,95.7,3.9
0500000US21021,89.0,9.8
0500000US21023,98.6,1.2
0500000US21025,98.9,0.9
0500000US21027,96.7,3.2
0500000US21029,96.9,2.2
0500000US21031,96.0,0.9
0500000US21033,93.3,6.8
0500000US21035,93.5,5.1
0500000US21037,94.2,4.4
0500000US21039,97.3,2.4
0500000US21041,94.4,3.0
0500000US21043,98.4,1.2
0500000US21045,96.6,1.1
0500000US21047,72.8,24.3
0500000US21049,92.7,5.7
0500000US21051,95.1,4.9
0500000US21053,97.5,0.9
0500000US21055,98.2,1.9
0500000US21057,96.5,4.0
0500000US21059,90.6,6.9
0500000US21061,98.2,1.5
0500000US21063,95.3,3.6
0500000US21065,99.2,0.7
0500000US21067,74.9,17.2
0500000US21069,97.7,1.7
0500000US21071,99.0,0.7
0500000US21073,86.7,11.2
0500000US21075,75.5,25.1
0500000US21077,95.4,1.6
0500000US21079,96.5,3.0
0500000US21081,97.2,1.7
0500000US21083,90.8,5.9
0500000US21085,97.5,1.7
0500000US21087,97.0,2.6
0500000US21089,98.1,1.3
0500000US21091,97.8,1.7
0500000US21093,82.8,14.6
0500000US21095,96.9,2.9
0500000US21097,96.9,2.9
0500000US21099,95.0,4.8
0500000US21101,89.0,10.6
0500000US21103,95.1,3.9
0500000US21105,90.3,10.6
0500000US21107,91.4,8.4
0500000US21109,99.1,0.3
0500000US21111,70.5,23.9
0500000US21113,92.2,5.9
0500000US21115,98.8,0.6
0500000US21117,91.2,6.8
0500000US21119,99.1,1.0
0500000US21121,98.0,1.7
0500000US21123,95.3,3.7
0500000US21125,97.6,1.4
0500000US21127,99.2,0.7
0500000US21129,95.6,4.1
0500000US21131,99.0,0.8
0500000US21133,98.9,0.8
0500000US21135,99.2,0.9
0500000US21137,96.8,2.9
0500000US21139,98.2,1.1
0500000US21141,91.3,7.9
0500000US21143,92.4,6.5
0500000US21145,85.8,13.3
0500000US21147,93.5,5.9
0500000US21149,98.3,1.1
0500000US21151,92.0,5.9
0500000US21153,99.3,0.4
0500000US21155,90.8,8.1
0500000US21157,98.4,0.9
0500000US21159,92.4,7.3
0500000US21161,91.8,8.6
0500000US21163,93.9,4.9
0500000US21165,98.9,1.0
0500000US21167,94.1,5.0
0500000US21169,97.3,1.6
0500000US21171,95.0,2.6
0500000US21173,95.2,3.2
0500000US21175,94.9,4.6
0500000US21177,94.7,5.1
0500000US21179,93.4,6.4
0500000US21181,98.0,1.0
0500000US21183,96.0,1.4
0500000US21185,92.7,4.6
0500000US21187,97.5,1.4
0500000US21189,98.8,1.1
0500000US21191,98.4,1.0
0500000US21193,97.1,2.1
0500000US21195,97.9,1.4
0500000US21197,98.3,1.1
0500000US21199,96.6,1.9
0500000US21201,99.0,1.0
0500000US21203,98.7,0.8
0500000US21205,96.1,2.2
0500000US21207,96.3,1.2
0500000US21209,91.0,7.1
0500000US21211,87.5,7.6
0500000US21213,88.9,10.5
0500000US21215,96.9,2.3
0500000US21217,92.4,6.7
0500000US21219,89.0,8.7
0500000US21221,91.8,8.2
0500000US21223,98.2,1.0
0500000US21225,91.1,9.2
0500000US21227,79.9,11.6
0500000US21229,91.4,7.4
0500000US21231,95.7,2.0
0500000US21233,92.1,5.0
0500000US21235,96.8,2.2
0500000US21237,98.8,0.9
0500000US21239,90.2,6.1
0500000US22001,80.5,18.9
0500000US22003,76.1,19.7
0500000US22005,69.9,25.5
0500000US22007,69.1,29.6
0500000US22009,68.5,29.4
0500000US22011,86.0,12.7
0500000US22013,57.7,43.1
0500000US22015,69.6,25.3
0500000US22017,47.5,50.2
0500000US22019,69.4,27.4
0500000US22021,82.6,16.9
0500000US22023,96.3,2.2
0500000US22025,67.1,26.9
0500000US22027,53.9,44.9
0500000US22029,57.7,41.3
0500000US22031,60.9,37.2
0500000US22033,47.3,46.7
0500000US22035,29.5,70.7
0500000US22037,61.7,37.6
0500000US22039,69.4,28.5
0500000US22041,65.9,34.4
0500000US22043,84.0,15.0
0500000US22045,61.0,35.1
0500000US22047,52.3,45.4
0500000US22049,70.2,27.7
0500000US22051,58.8,28.6
0500000US22053,81.8,18.1
0500000US22055,68.9,26.9
0500000US22057,78.7,16.3
0500000US22059,79.9,9.6
0500000US22061,57.4,40.0
0500000US22063,88.3,8.9
0500000US22065,36.4,63.5
0500000US22067,51.1,48.7
0500000US22069,55.9,41.9
0500000US22071,37.8,57.0
0500000US22073,59.1,38.2
0500000US22075,68.5,23.1
0500000US22077,62.8,36.1
0500000US22079,64.4,32.8
0500000US22081,59.4,40.8
0500000US22083,61.7,37.9
0500000US22085,73.5,17.4
0500000US22087,65.3,28.1
0500000US22089,70.4,26.5
0500000US22091,44.2,55.2
0500000US22093,51.4,48.3
0500000US22095,37.3,59.3
0500000US22097,55.6,43.4
0500000US22099,67.8,30.8
0500000US22101,60.7,32.4
0500000US22103,82.3,14.6
0500000US22105,66.2,31.5
0500000US22107,44.4,55.8
0500000US22109,69.7,21.1
0500000US22111,72.1,24.8
0500000US22113,81.7,15.4
0500000US22115,79.6,15.6
0500000US22117,69.5,29.5
0500000US22119,65.1,34.3
0500000US22121,56.7,41.1
0500000US22123,84.2,14.6
0500000US22125,73.7,24.4
0500000US22127,65.7,27.1
0500000US23001,92.0,7.1
0500000US23003,96.3,1.2
0500000US23005,92.2,4.9
0500000US23007,97.0,1.1
0500000US23009,97.0,1.2
0500000US23011,97.0,1.6
0500000US23013,97.5,1.3
0500000US23015,98.1,0.9
0500000US23017,98.1,1.0
0500000US23019,96.1,1.8
0500000US23021,97.4,0.9
0500000US23023,97.5,1.6
0500000US23025,97.9,1.0
0500000US23027,98.0,0.9
0500000US23029,93.4,1.1
0500000US23031,96.7,1.7
0500000US24001,90.0,9.6
0500000US24003,71.8,20.2
0500000US24005,58.3,32.2
0500000US24009,82.9,15.6
0500000US24011,79.4,15.5
0500000US24013,91.9,5.0
0500000US24015,88.6,9.5
0500000US24017,41.3,53.6
0500000US24019,66.9,30.6
0500000US24021,78.3,12.6
0500000US24023,98.2,1.3
0500000US24025,79.4,16.7
0500000US24027,55.1,22.3
0500000US24029,81.1,16.2
0500000US24031,53.0,20.9
0500000US24033,18.2,63.0
0500000US24035,90.0,6.8
0500000US24037,79.6,17.0
0500000US24039,56.8,40.5
0500000US24041,81.3,12.8
0500000US24043,82.7,14.3
0500000US24045,65.1,29.9
0500000US24047,84.5,13.4
0500000US24510,32.3,60.4
0500000US25001,92.1,4.5
0500000US25003,92.0,5.3
0500000US25005,85.3,7.9
0500000US25007,88.9,6.3
0500000US25009,76.6,6.7
0500000US25011,94.3,2.9
0500000US25013,74.0,11.5
0500000US25015,86.9,4.6
0500000US25017,75.7,6.6
0500000US25019,79.8,9.3
0500000US25021,77.0,8.9
0500000US25023,82.6,13.0
0500000US25025,54.8,22.8
0500000US25027,81.5,7.4
0500000US26001,98.4,0.8
0500000US26003,88.5,7.1
0500000US26005,93.7,2.4
0500000US26007,98.3,1.0
0500000US26009,98.0,0.5
0500000US26011,98.0,0.8
0500000US26013,77.9,8.2
0500000US26015,97.4,1.3
0500000US26017,96.0,3.2
0500000US26019,97.4,1.1
0500000US26021,80.2,15.7
0500000US26023,93.6,3.3
0500000US26025,83.3,13.7
0500000US26027,91.7,6.6
0500000US26029,97.0,0.8
0500000US26031,96.0,1.0
0500000US26033,76.1,7.9
0500000US26035,97.9,1.1
0500000US26037,93.4,3.4
0500000US26039,97.8,1.0
0500000US26041,96.5,0.8
0500000US26043,98.1,0.8
0500000US26045,88.2,9.0
0500000US26047,94.9,1.0
0500000US26049,77.3,21.9
0500000US26051,98.4,0.8
0500000US26053,94.9,1.1
0500000US26055,96.2,1.3
0500000US26057,90.8,6.0
0500000US26059,98.0,1.1
0500000US26061,95.7,1.4
0500000US26063,97.9,0.7
0500000US26065,77.6,15.7
0500000US26067,92.7,5.6
0500000US26069,97.2,1.3
0500000US26071,98.0,0.7
0500000US26073,90.0,4.7
0500000US26075,89.4,10.1
0500000US26077,82.3,14.3
0500000US26079,97.8,0.9
0500000US26081,80.0,12.0
0500000US26083,98.4,0.9
0500000US26085,90.8,9.3
0500000US26087,96.3,1.7
0500000US26089,94.6,1.0
0500000US26091,94.0,4.0
0500000US26093,97.4,1.1
0500000US26095,92.2,1.1
0500000US26097,82.7,1.0
0500000US26099,81.6,14.0
0500000US26101,94.1,3.3
0500000US26103,95.9,1.9
0500000US26105,96.5,1.4
0500000US26107,95.6,3.3
0500000US26109,95.2,1.1
0500000US26111,95.2,2.1
0500000US26113,97.5,0.9
0500000US26115,94.9,3.9
0500000US26117,94.9,3.9
0500000US26119,98.0,0.9
0500000US26121,82.7,15.6
0500000US26123,95.7,1.7
0500000US26125,75.9,14.8
0500000US26127,91.5,1.2
0500000US26129,98.2,0.8
0500000US26131,98.2,0.5
0500000US26133,97.8,1.5
0500000US26135,98.5,0.6
0500000US26137,97.9,1.0
0500000US26139,90.6,3.0
0500000US26141,98.4,1.0
0500000US26143,98.4,0.8
0500000US26145,76.7,20.3
0500000US26147,95.6,3.9
0500000US26149,91.2,3.8
0500000US26151,97.9,0.9
0500000US26153,90.6,0.6
0500000US26155,97.9,1.3
0500000US26157,97.6,1.4
0500000US26159,89.1,4.7
0500000US26161,76.6,13.7
0500000US26163,54.7,39.7
0500000US26165,97.6,1.3
0500000US27001,96.4,0.8
0500000US27003,83.1,9.5
0500000US27005,91.2,1.1
0500000US27007,76.9,2.1
0500000US27009,92.1,6.2
0500000US27011,96.2,1.5
0500000US27013,89.1,7.1
0500000US27015,97.1,1.0
0500000US27017,91.2,2.2
0500000US27019,91.7,3.0
0500000US27021,86.9,0.8
0500000US27023,89.3,1.3
0500000US27025,95.5,2.3
0500000US27027,90.6,6.0
0500000US27029,89.9,1.2
0500000US27031,89.1,1.4
0500000US27033,88.3,1.7
0500000US27035,97.2,1.3
0500000US27037,82.0,9.3
0500000US27039,96.1,1.2
0500000US27041,97.6,1.2
0500000US27043,95.6,1.1
0500000US27045,98.3,0.8
0500000US27047,90.0,2.4
0500000US27049,94.5,2.4
0500000US27051,97.8,1.0
0500000US27053,73.2,15.6
0500000US27055,98.1,1.3
0500000US27057,95.2,1.2
0500000US27059,96.5,1.5
0500000US27061,95.2,1.0
0500000US27063,95.0,1.9
0500000US27065,97.9,0.9
0500000US27067,86.7,6.6
0500000US27069,98.1,1.1
0500000US27071,96.3,1.0
0500000US27073,96.9,1.0
0500000US27075,98.5,0.6
0500000US27077,98.2,1.2
0500000US27079,95.6,1.5
0500000US27081,98.2,0.8
0500000US27083,87.4,4.6
0500000US27085,95.6,1.2
0500000US27087,55.6,0.9
0500000US27089,97.9,0.5
0500000US27091,95.7,1.3
0500000US27093,97.2,0.9
0500000US27095,92.5,1.0
0500000US27097,97.9,1.1
0500000US27099,83.1,5.0
0500000US27101,95.4,0.8
0500000US27103,90.7,5.8
0500000US27105,67.0,5.1
0500000US27107,95.9,0.9
0500000US27109,83.7,8.2
0500000US27111,95.6,2.0
0500000US27113,94.3,2.2
0500000US27115,93.0,2.4
0500000US27117,90.8,2.3
0500000US27119,92.7,3.8
0500000US27121,98.2,0.9
0500000US27123,66.0,15.3
0500000US27125,96.0,1.2
0500000US27127,90.3,1.1
0500000US27129,94.6,1.1
0500000US27131,84.4,7.4
0500000US27133,96.8,1.4
0500000US27135,94.2,1.2
0500000US27137,93.8,3.2
0500000US27139,83.5,6.7
0500000US27141,93.0,4.7
0500000US27143,94.7,1.2
0500000US27145,86.7,9.6
0500000US27147,91.1,4.6
0500000US27149,90.1,1.6
0500000US27151,93.4,1.9
0500000US27153,92.8,1.4
0500000US27155,90.1,1.8
0500000US27157,97.4,1.0
0500000US27159,97.3,1.9
0500000US27161,94.5,2.8
0500000US27163,85.2,6.7
0500000US27165,82.1,0.9
0500000US27167,96.5,1.3
0500000US27169,94.0,2.9
0500000US27171,94.7,2.9
0500000US27173,93.6,1.6
0500000US28001,39.3,58.2
0500000US28003,84.4,13.8
0500000US28005,60.5,39.2
0500000US28007,54.7,43.9
0500000US28009,63.1,36.8
0500000US28011,34.8,63.8
0500000US28013,69.5,27.4
0500000US28015,67.6,31.3
0500000US28017,53.2,44.9
0500000US28019,70.8,29.7
0500000US28021,11.9,88.6
0500000US28023,66.3,33.9
0500000US28025,40.5,59.0
0500000US28027,21.6,77.6
0500000US28029,45.9,52.0
0500000US28031,62.7,36.0
0500000US28033,64.0,31.7
0500000US28035,59.3,37.7
0500000US28037,65.5,34.6
0500000US28039,90.4,8.0
0500000US28041,75.3,24.0
0500000US28043,55.1,44.8
0500000US28045,88.3,10.0
0500000US28047,68.2,27.0
0500000US28049,27.8,70.9
0500000US28051,15.4,85.2
0500000US28053,20.3,80.4
0500000US28055,41.3,57.8
0500000US28057,91.8,7.6
0500000US28059,72.4,22.7
0500000US28061,47.9,52.0
0500000US28063,13.8,86.7
0500000US28065,40.3,60.2
0500000US28067,65.5,29.7
0500000US28069,32.7,62.4
0500000US28071,74.5,21.3
0500000US28073,73.4,23.7
0500000US28075,53.2,45.4
0500000US28077,67.8,31.5
0500000US28079,49.6,39.8
0500000US28081,67.3,30.4
0500000US28083,23.0,75.1
0500000US28085,68.3,31.2
0500000US28087,53.5,45.4
0500000US28089,58.7,36.4
0500000US28091,67.2,32.3
0500000US28093,51.8,45.5
0500000US28095,68.6,31.3
0500000US28097,54.1,45.9
0500000US28099,59.2,23.6
0500000US28101,62.7,31.6
0500000US28103,28.3,72.2
0500000US28105,60.0,36.4
0500000US28107,49.8,49.8
0500000US28109,85.5,13.2
0500000US28111,80.4,19.2
0500000US28113,44.4,54.7
0500000US28115,81.1,14.8
0500000US28117,84.2,15.6
0500000US28119,25.6,75.1
0500000US28121,75.5,21.7
0500000US28123,51.6,37.2
0500000US28125,27.8,72.3
0500000US28127,64.2,35.3
0500000US28129,76.8,22.6
0500000US28131,79.6,18.7
0500000US28133,27.9,71.0
0500000US28135,40.8,59.4
0500000US28137,68.0,30.9
0500000US28139,80.1,17.3
0500000US28141,95.7,3.1
0500000US28143,20.4,78.4
0500000US28145,81.6,15.5
0500000US28147,57.0,42.6
0500000US28149,50.1,48.9
0500000US28151,26.8,72.6
0500000US28153,59.3,40.1
0500000US28155,80.9,19.3
0500000US28157,31.6,69.1
0500000US28159,51.9,47.1
0500000US28161,61.7,38.6
0500000US28163,39.2,60.8
0500000US29001,90.9,6.2
0500000US29003,97.8,1.8
0500000US29005,98.1,1.0
0500000US29007,92.3,7.1
0500000US29009,90.7,0.7
0500000US29011,97.1,0.8
0500000US29013,97.3,1.7
0500000US29015,98.1,1.0
0500000US29017,98.7,0.8
0500000US29019,83.2,12.3
0500000US29021,89.8,7.4
0500000US29023,91.8,7.8
0500000US29025,97.7,1.3
0500000US29027,93.6,6.0
0500000US29029,97.1,1.2
0500000US29031,88.8,9.6
0500000US29033,97.7,2.1
0500000US29035,98.4,1.0
0500000US29037,91.9,6.1
0500000US29039,97.7,0.9
0500000US29041,97.3,2.6
0500000US29043,96.7,1.6
0500000US29045,98.9,0.8
0500000US29047,86.7,9.2
0500000US29049,97.4,2.0
0500000US29051,86.2,12.4
0500000US29053,92.9,7.3
0500000US29055,97.5,1.1
0500000US29057,97.9,1.0
0500000US29059,98.1,1.1
0500000US29061,98.5,1.0
0500000US29063,92.4,6.6
0500000US29065,97.9,1.1
0500000US29067,98.0,1.0
0500000US29069,83.8,13.3
0500000US29071,97.4,1.7
0500000US29073,98.6,0.8
0500000US29075,98.7,0.6
0500000US29077,91.6,5.3
0500000US29079,97.4,1.1
0500000US29081,97.8,0.8
0500000US29083,97.2,1.8
0500000US29085,98.1,0.5
0500000US29087,98.0,0.5
0500000US29089,92.7,6.9
0500000US29091,97.4,1.1
0500000US29093,97.0,2.3
0500000US29095,69.1,24.8
0500000US29097,88.9,3.5
0500000US29099,97.0,1.9
0500000US29101,91.5,6.1
0500000US29103,98.2,1.0
0500000US29105,97.2,1.6
0500000US29107,95.8,3.4
0500000US29109,94.4,1.0
0500000US29111,96.6,3.1
0500000US29113,96.2,3.0
0500000US29115,98.0,1.3
0500000US29117,96.3,3.1
0500000US29119,83.5,2.6
0500000US29121,96.5,3.4
0500000US29123,97.3,1.1
0500000US29125,98.3,0.8
0500000US29127,93.4,6.6
0500000US29129,96.2,0.4
0500000US29131,98.0,1.1
0500000US29133,74.0,25.8
0500000US29135,94.9,2.5
0500000US29137,96.4,3.5
0500000US29139,97.4,1.7
0500000US29141,97.6,1.1
0500000US29143,81.9,18.3
0500000US29145,90.6,1.7
0500000US29147,95.4,2.4
0500000US29149,98.4,0.6
0500000US29151,99.3,0.6
0500000US29153,98.1,0.5
0500000US29155,70.3,29.8
0500000US29157,97.5,0.9
0500000US29159,90.0,4.8
0500000US29161,92.4,3.3
0500000US29163,93.1,6.9
0500000US29165,86.0,9.5
0500000US29167,97.4,1.5
0500000US29169,79.8,14.2
0500000US29171,98.3,0.7
0500000US29173,97.6,2.0
0500000US29175,92.8,7.4
0500000US29177,97.1,2.0
0500000US29179,97.9,1.1
0500000US29181,98.8,1.1
0500000US29183,90.1,6.6
0500000US29185,97.6,0.8
0500000US29186,97.4,2.1
0500000US29187,94.4,4.7
0500000US29189,68.2,26.3
0500000US29195,83.9,7.0
0500000US29197,98.4,0.7
0500000US29199,99.1,0.9
0500000US29201,86.3,13.3
0500000US29203,98.3,0.6
0500000US29205,98.2,1.3
0500000US29207,97.5,1.7
0500000US29209,97.6,0.8
0500000US29211,85.7,3.9
0500000US29213,92.4,2.4
0500000US29215,95.2,3.6
0500000US29217,96.9,1.2
0500000US29219,95.0,3.4
0500000US29221,96.4,3.1
0500000US29223,98.2,1.0
0500000US29225,97.6,1.0
0500000US29227,98.6,0.5
0500000US29229,97.7,1.3
0500000US29510,49.2,45.4
0500000US30001,96.2,0.8
0500000US30003,31.3,0.6
0500000US30005,45.7,0.6
0500000US30007,98.0,0.9
0500000US30009,97.7,0.4
0500000US30011,98.6,0.6
0500000US30013,90.9,2.5
0500000US30015,74.8,0.7
0500000US30017,96.3,1.0
0500000US30019,95.5,0.8
0500000US30021,95.6,0.9
0500000US30023,96.3,0.6
0500000US30025,98.1,0.8
0500000US30027,97.8,0.4
0500000US30029,96.9,0.7
0500000US30031,95.5,1.0
0500000US30033,98.0,0.4
0500000US30035,31.3,0.9
0500000US30037,95.3,2.9
0500000US30039,97.6,0.9
0500000US30041,75.1,1.1
0500000US30043,97.2,0.6
0500000US30045,97.8,1.0
0500000US30047,75.8,0.8
0500000US30049,95.7,1.0
0500000US30051,98.3,1.0
0500000US30053,97.0,0.7
0500000US30055,96.8,0.5
0500000US30057,97.8,0.4
0500000US30059,97.7,1.9
0500000US30061,96.6,0.8
0500000US30063,92.8,1.4
0500000US30065,96.0,0.6
0500000US30067,97.5,0.8
0500000US30069,98.6,1.0
0500000US30071,90.0,0.5
0500000US30073,83.5,0.6
0500000US30075,96.8,0.8
0500000US30077,92.4,1.8
0500000US30079,97.2,0.7
0500000US30081,97.0,0.6
0500000US30083,94.8,1.1
0500000US30085,40.4,0.7
0500000US30087,62.7,0.8
0500000US30089,94.2,0.6
0500000US30091,96.6,0.8
0500000US30093,96.2,0.8
0500000US30095,97.5,0.5
0500000US30097,97.7,0.6
0500000US30099,96.9,0.9
0500000US30101,90.6,1.0
0500000US30103,95.0,2.0
0500000US30105,89.1,0.8
0500000US30107,98.0,0.9
0500000US30109,97.1,1.1
0500000US30111,91.9,1.8
0500000US31001,92.0,1.7
0500000US31003,97.2,0.9
0500000US31005,98.2,1.2
0500000US31007,96.6,0.3
0500000US31009,96.5,1.4
0500000US31011,97.6,0.7
0500000US31013,91.4,1.3
0500000US31015,98.0,0.4
0500000US31017,95.3,0.6
0500000US31019,92.3,2.0
0500000US31021,96.8,1.0
0500000US31023,95.7,0.8
0500000US31025,97.6,1.0
0500000US31027,98.4,0.7
0500000US31029,91.3,0.8
0500000US31031,93.5,0.8
0500000US31033,94.9,1.2
0500000US31035,95.1,0.6
0500000US31037,64.0,3.8
0500000US31039,91.5,0.8
0500000US31041,97.5,1.0
0500000US31043,66.0,8.4
0500000US31045,91.5,2.7
0500000US31047,72.7,5.5
0500000US31049,96.7,0.6
0500000US31051,91.2,1.0
0500000US31053,89.0,1.3
0500000US31055,76.2,13.2
0500000US31057,95.5,1.1
0500000US31059,97.6,0.7
0500000US31061,97.6,0.4
0500000US31063,97.6,1.3
0500000US31065,97.3,1.1
0500000US31067,97.5,1.4
0500000US31069,96.8,1.2
0500000US31071,99.2,1.2
0500000US31073,97.3,0.5
0500000US31075,96.6,2.0
0500000US31077,97.3,0.6
0500000US31079,78.4,3.9
0500000US31081,97.8,0.7
0500000US31083,98.3,0.6
0500000US31085,94.0,1.1
0500000US31087,98.6,0.3
0500000US31089,96.1,0.9
0500000US31091,98.0,1.1
0500000US31093,98.4,0.7
0500000US31095,96.3,0.8
0500000US31097,83.0,6.6
0500000US31099,96.6,0.5
0500000US31101,95.7,1.1
0500000US31103,98.7,0.8
0500000US31105,96.3,1.1
0500000US31107,86.6,0.8
0500000US31109,86.9,6.2
0500000US31111,94.3,2.1
0500000US31113,98.6,0.4
0500000US31115,98.0,1.3
0500000US31117,97.5,0.8
0500000US31119,88.6,2.0
0500000US31121,96.3,1.0
0500000US31123,92.2,0.7
0500000US31125,98.6,0.9
0500000US31127,96.8,1.8
0500000US31129,98.4,0.4
0500000US31131,94.8,1.2
0500000US31133,98.8,0.6
0500000US31135,96.6,1.0
0500000US31137,96.6,0.9
0500000US31139,98.3,0.8
0500000US31141,86.4,1.7
0500000US31143,97.0,0.8
0500000US31145,95.0,1.7
0500000US31147,95.8,0.9
0500000US31149,98.9,1.1
0500000US31151,78.9,1.5
0500000US31153,88.8,5.9
0500000US31155,97.8,1.0
0500000US31157,88.6,1.4
0500000US31159,97.7,1.1
0500000US31161,86.1,0.8
0500000US31163,98.2,1.3
0500000US31165,97.4,0.9
0500000US31167,96.0,1.4
0500000US31169,98.0,0.6
0500000US31171,98.2,0.9
0500000US31173,39.1,0.8
0500000US31175,97.7,0.6
0500000US31177,97.7,1.1
0500000US31179,87.1,4.5
0500000US31181,97.2,0.9
0500000US31183,98.3,0.8
0500000US31185,94.5,1.9
0500000US32001,84.1,3.3
0500000US32003,57.9,15.3
0500000US32005,90.5,1.1
0500000US32007,80.2,1.7
0500000US32009,84.2,1.9
0500000US32011,94.2,1.7
0500000US32013,81.0,1.5
0500000US32015,84.4,0.9
0500000US32017,92.1,4.1
0500000US32019,87.2,2.1
0500000US32021,72.7,5.5
0500000US32023,85.8,4.3
0500000US32027,75.4,5.9
0500000US32029,92.8,1.5
0500000US32031,76.4,3.9
0500000US32033,82.4,5.5
0500000US32510,80.4,2.9
0500000US33001,97.6,1.2
0500000US33003,98.0,0.7
0500000US33005,96.4,1.6
0500000US33007,96.8,2.2
0500000US33009,94.6,1.7
0500000US33011,89.3,3.9
0500000US33013,95.0,2.5
0500000US33015,95.7,1.5
0500000US33017,93.9,2.3
0500000US33019,97.3,1.2
0500000US34001,65.3,17.5
0500000US34003,65.9,7.5
0500000US34005,72.7,19.6
0500000US34007,62.9,21.9
0500000US34009,91.2,5.1
0500000US34011,58.9,21.6
0500000US34013,38.2,42.2
0500000US34015,82.4,13.0
0500000US34017,46.5,13.6
0500000US34019,89.4,3.2
0500000US34021,53.5,21.4
0500000US34023,49.6,11.7
0500000US34025,81.4,7.7
0500000US34027,78.3,4.4
0500000US34029,90.1,4.0
0500000US34031,54.2,13.5
0500000US34033,78.4,16.9
0500000US34035,61.9,10.7
0500000US34037,92.1,3.2
0500000US34039,53.0,22.9
0500000US34041,87.0,7.0
0500000US35001,72.3,4.6
0500000US35003,92.2,1.6
0500000US35005,74.6,2.7
0500000US35006,41.7,1.6
0500000US35007,86.4,0.9
0500000US35009,73.2,8.0
0500000US35011,86.7,1.6
0500000US35013,74.2,2.8
0500000US35015,76.5,2.3
0500000US35017,83.8,1.8
0500000US35019,75.9,2.4
0500000US35021,90.7,1.7
0500000US35023,86.6,1.4
0500000US35025,66.4,4.7
0500000US35027,85.7,1.2
0500000US35028,87.8,1.8
0500000US35029,74.7,1.9
0500000US35031,14.8,1.1
0500000US35033,79.1,1.6
0500000US35035,73.8,5.5
0500000US35037,84.5,1.9
0500000US35039,59.6,1.1
0500000US35041,77.8,3.7
0500000US35043,72.1,3.4
0500000US35045,50.0,1.3
0500000US35047,74.6,1.7
0500000US35049,78.9,1.6
0500000US35051,88.3,1.2
0500000US35053,67.1,2.1
0500000US35055,76.7,1.2
0500000US35057,80.2,1.7
0500000US35059,86.2,2.9
0500000US35061,74.5,2.1
0500000US36001,74.5,16.4
0500000US36003,95.5,2.5
0500000US36005,21.6,39.4
0500000US36007,86.0,8.8
0500000US36009,93.4,2.5
0500000US36011,93.6,5.7
0500000US36013,92.5,4.4
0500000US36015,90.3,9.1
0500000US36017,97.6,1.7
0500000US36019,93.1,5.0
0500000US36021,90.2,5.9
0500000US36023,93.7,3.2
0500000US36025,94.4,3.4
0500000US36027,77.9,13.3
0500000US36029,77.6,15.9
0500000US36031,96.4,2.5
0500000US36033,85.8,4.4
0500000US36035,95.6,3.2
0500000US36037,93.4,4.0
0500000US36039,91.3,6.7
0500000US36041,98.0,1.6
0500000US36043,97.1,2.4
0500000US36045,89.0,7.8
0500000US36047,43.3,31.9
0500000US36049,98.3,0.9
0500000US36051,95.0,2.9
0500000US36053,95.7,2.6
0500000US36055,75.0,18.1
0500000US36057,89.7,4.4
0500000US36059,65.7,12.6
0500000US36061,58.1,16.8
0500000US36063,88.1,10.1
0500000US36065,85.1,8.9
0500000US36067,80.4,14.5
0500000US36069,93.6,3.8
0500000US36071,70.6,14.1
0500000US36073,91.7,6.6
0500000US36075,96.4,2.3
0500000US36077,94.6,3.2
0500000US36079,86.3,4.2
0500000US36081,32.8,19.6
0500000US36083,85.6,10.5
0500000US36085,66.2,12.5
0500000US36087,70.6,12.1
0500000US36089,93.9,3.6
0500000US36091,93.6,2.8
0500000US36093,75.4,14.5
0500000US36095,96.8,1.8
0500000US36097,97.8,1.3
0500000US36099,93.0,5.5
0500000US36101,95.6,2.6
0500000US36103,75.5,9.2
0500000US36105,80.0,11.2
0500000US36107,97.1,1.8
0500000US36109,82.2,6.4
0500000US36111,86.1,8.4
0500000US36113,96.5,2.2
0500000US36115,95.1,3.6
0500000US36117,94.3,4.6
0500000US36119,62.4,16.5
0500000US36121,92.7,5.5
0500000US36123,97.6,1.3
0500000US37001,67.8,22.0
0500000US37003,90.3,6.4
0500000US37005,92.7,1.7
0500000US37007,51.2,46.4
0500000US37009,95.9,1.0
0500000US37011,92.2,4.2
0500000US37013,70.5,24.5
0500000US37015,37.7,61.5
0500000US37017,58.0,33.9
0500000US37019,87.3,9.6
0500000US37021,88.0,7.1
0500000US37023,84.5,6.8
0500000US37025,67.9,21.2
0500000US37027,90.6,6.4
0500000US37029,86.7,11.9
0500000US37031,91.4,6.0
0500000US37033,66.4,31.6
0500000US37035,80.6,9.8
0500000US37037,78.1,11.9
0500000US37039,95.2,2.2
0500000US37041,64.6,33.6
0500000US37043,96.7,1.3
0500000US37045,76.1,22.1
0500000US37047,63.3,30.6
0500000US37049,72.6,22.3
0500000US37051,50.5,42.5
0500000US37053,91.9,6.5
0500000US37055,93.5,2.8
0500000US37057,83.4,10.9
0500000US37059,88.3,7.1
0500000US37061,59.4,25.2
0500000US37063,49.1,36.3
0500000US37065,38.9,57.8
0500000US37067,62.7,27.1
0500000US37069,68.6,25.2
0500000US37071,74.9,19.5
0500000US37073,68.8,31.2
0500000US37075,90.2,1.5
0500000US37077,61.5,32.1
0500000US37079,52.8,36.8
0500000US37081,54.2,36.0
0500000US37083,42.2,53.0
0500000US37085,69.0,23.3
0500000US37087,95.7,1.8
0500000US37089,87.5,4.0
0500000US37091,38.0,59.3
0500000US37093,49.0,36.4
0500000US37095,68.8,27.6
0500000US37097,81.0,13.2
0500000US37099,83.1,3.0
0500000US37101,73.6,17.6
0500000US37103,67.9,29.9
0500000US37105,68.4,19.2
0500000US37107,53.3,42.0
0500000US37109,89.9,6.3
0500000US37111,90.7,4.9
0500000US37113,92.8,1.5
0500000US37115,96.5,1.7
0500000US37117,55.7,42.1
0500000US37119,53.5,31.9
0500000US37121,96.5,1.0
0500000US37123,70.4,17.7
0500000US37125,83.3,12.2
0500000US37127,53.7,40.7
0500000US37129,81.7,13.7
0500000US37131,42.3,57.2
0500000US37133,76.8,16.9
0500000US37135,74.2,12.3
0500000US37137,79.8,18.7
0500000US37139,59.5,37.9
0500000US37141,81.1,13.9
0500000US37143,77.1,22.6
0500000US37145,69.9,27.2
0500000US37147,57.0,37.8
0500000US37149,93.0,4.5
0500000US37151,83.8,7.4
0500000US37153,60.8,32.0
0500000US37155,29.5,24.7
0500000US37157,76.6,20.2
0500000US37159,76.1,17.2
0500000US37161,87.3,11.0
0500000US37163,58.3,25.6
0500000US37165,46.5,40.5
0500000US37167,83.2,12.8
0500000US37169,94.0,4.6
0500000US37171,88.7,4.5
0500000US37173,67.1,1.8
0500000US37175,93.1,4.4
0500000US37177,63.9,31.0
0500000US37179,76.8,12.9
0500000US37181,42.6,51.7
0500000US37183,65.6,20.4
0500000US37185,41.6,51.1
0500000US37187,48.0,50.4
0500000US37189,89.6,4.9
0500000US37191,59.0,32.8
0500000US37193,90.9,5.1
0500000US37195,51.9,40.2
0500000US37197,88.2,3.8
0500000US37199,95.9,1.2
0500000US38001,96.1,1.2
0500000US38003,95.8,2.3
0500000US38005,45.2,0.4
0500000US38007,98.3,1.0
0500000US38009,94.6,1.1
0500000US38011,96.8,0.5
0500000US38013,97.0,0.9
0500000US38015,90.6,3.1
0500000US38017,86.9,8.2
0500000US38019,97.9,0.7
0500000US38021,96.4,1.3
0500000US38023,96.9,1.9
0500000US38025,85.8,2.3
0500000US38027,95.0,1.7
0500000US38029,98.8,0.7
0500000US38031,97.6,1.1
0500000US38033,97.9,1.0
0500000US38035,88.1,5.5
0500000US38037,97.2,1.1
0500000US38039,98.4,0.9
0500000US38041,97.0,0.7
0500000US38043,97.1,0.8
0500000US38045,97.7,0.7
0500000US38047,98.0,0.8
0500000US38049,98.3,0.9
0500000US38051,97.3,0.9
0500000US38053,79.4,2.2
0500000US38055,90.1,1.3
0500000US38057,95.5,0.9
0500000US38059,92.3,2.2
0500000US38061,65.6,2.2
0500000US38063,97.6,0.8
0500000US38065,97.3,0.6
0500000US38067,96.0,0.9
0500000US38069,94.1,1.6
0500000US38071,86.9,1.2
0500000US38073,97.4,1.4
0500000US38075,98.4,1.4
0500000US38077,93.8,1.6
0500000US38079,23.0,0.5
0500000US38081,97.2,1.8
0500000US38083,97.2,1.5
0500000US38085,13.6,0.5
0500000US38087,98.9,1.4
0500000US38089,91.4,3.9
0500000US38091,98.9,0.7
0500000US38093,94.8,2.8
0500000US38095,95.1,0.9
0500000US38097,96.8,1.2
0500000US38099,93.3,1.3
0500000US38101,89.0,6.2
0500000US38103,98.5,1.3
0500000US38105,86.1,6.1
0500000US39001,98.9,0.8
0500000US39003,84.8,15.3
0500000US39005,97.7,1.5
0500000US39007,93.8,5.4
0500000US39009,91.8,6.0
0500000US39011,98.0,1.3
0500000US39013,95.7,4.5
0500000US39015,98.4,1.4
0500000US39017,82.7,10.9
0500000US39019,98.5,1.0
0500000US39021,96.8,3.4
0500000US39023,87.7,11.6
0500000US39025,95.9,2.6
0500000US39027,96.1,3.5
0500000US39029,96.5,3.1
0500000US39031,98.0,2.1
0500000US39033,98.3,1.7
0500000US39035,63.4,31.5
0500000US39037,98.1,1.3
0500000US39039,93.7,2.9
0500000US39041,86.3,4.9
0500000US39043,88.8,11.9
0500000US39045,88.0,10.2
0500000US39047,96.3,3.7
0500000US39049,67.0,25.5
0500000US39051,95.4,1.4
0500000US39053,96.6,3.4
0500000US39055,97.4,1.6
0500000US39057,88.1,8.8
0500000US39059,97.3,2.5
0500000US39061,68.5,27.4
0500000US39063,94.1,3.2
0500000US39065,97.3,1.8
0500000US39067,97.5,3.0
0500000US39069,95.8,1.1
0500000US39071,97.7,2.3
0500000US39073,98.6,1.3
0500000US39075,99.1,0.7
0500000US39077,95.6,2.2
0500000US39079,98.4,1.3
0500000US39081,92.7,7.5
0500000US39083,97.1,1.8
0500000US39085,91.0,6.1
0500000US39087,96.9,3.2
0500000US39089,91.6,5.6
0500000US39091,96.4,3.1
0500000US39093,86.9,10.4
0500000US39095,75.4,22.7
0500000US39097,91.5,7.5
0500000US39099,81.0,17.3
0500000US39101,91.4,8.0
0500000US39103,96.4,2.1
0500000US39105,98.6,1.2
0500000US39107,96.7,1.0
0500000US39109,94.7,4.1
0500000US39111,99.2,0.4
0500000US39113,73.8,23.6
0500000US39115,95.9,5.8
0500000US39117,98.3,1.1
0500000US39119,95.0,6.3
0500000US39121,93.5,5.8
0500000US39123,97.2,1.6
0500000US39125,96.3,1.6
0500000US39127,98.9,0.8
0500000US39129,94.8,4.8
0500000US39131,98.2,1.7
0500000US39133,91.7,6.4
0500000US39135,98.4,1.2
0500000US39137,96.3,0.9
0500000US39139,89.0,11.0
0500000US39141,93.3,7.1
0500000US39143,92.8,5.3
0500000US39145,95.6,3.9
0500000US39147,94.8,4.2
0500000US39149,95.9,3.4
0500000US39151,89.7,10.2
0500000US39153,79.4,16.8
0500000US39155,89.9,10.3
0500000US39157,95.9,1.6
0500000US39159,90.3,3.1
0500000US39161,96.8,2.0
0500000US39163,99.1,1.0
0500000US39165,87.9,4.5
0500000US39167,97.6,2.2
0500000US39169,96.3,2.6
0500000US39171,96.4,1.4
0500000US39173,93.4,3.6
0500000US39175,97.8,0.9
0500000US40001,52.4,0.8
0500000US40003,89.7,5.3
0500000US40005,77.3,5.5
0500000US40007,82.6,0.7
0500000US40009,85.4,6.4
0500000US40011,83.3,5.4
0500000US40013,79.4,3.4
0500000US40015,71.0,4.3
0500000US40017,84.3,5.5
0500000US40019,78.1,8.9
0500000US40021,59.6,2.6
0500000US40023,69.4,13.0
0500000US40025,86.8,0.6
0500000US40027,81.4,7.5
0500000US40029,77.4,2.0
0500000US40031,68.6,20.7
0500000US40033,86.0,3.0
0500000US40035,74.5,4.8
0500000US40037,85.2,3.8
0500000US40039,81.7,4.3
0500000US40041,75.1,1.2
0500000US40043,92.2,1.1
0500000US40045,94.3,1.4
0500000US40047,81.8,4.6
0500000US40049,84.3,3.8
0500000US40051,89.1,3.8
0500000US40053,94.1,2.2
0500000US40055,86.0,7.8
0500000US40057,81.4,8.6
0500000US40059,83.9,0.6
0500000US40061,77.5,1.3
0500000US40063,70.8,7.0
0500000US40065,78.6,9.5
0500000US40067,88.7,1.6
0500000US40069,78.2,3.8
0500000US40071,83.2,3.5
0500000US40073,86.6,2.3
0500000US40075,84.9,5.4
0500000US40077,73.5,1.5
0500000US40079,78.7,3.0
0500000US40081,89.4,3.3
0500000US40083,85.4,8.6
0500000US40085,81.7,3.2
0500000US40087,88.0,2.1
0500000US40089,71.5,10.9
0500000US40091,78.0,5.1
0500000US40093,93.0,1.0
0500000US40095,78.2,2.2
0500000US40097,76.5,1.6
0500000US40099,80.5,2.5
0500000US40101,66.2,13.2
0500000US40103,88.0,2.6
0500000US40105,80.2,3.6
0500000US40107,68.5,8.3
0500000US40109,66.7,18.2
0500000US40111,71.9,10.7
0500000US40113,72.4,12.4
0500000US40115,76.9,2.0
0500000US40117,85.3,1.7
0500000US40119,85.4,5.8
0500000US40121,78.9,4.7
0500000US40123,74.7,5.0
0500000US40125,80.8,5.1
0500000US40127,80.1,1.9
0500000US40129,93.6,1.2
0500000US40131,81.5,2.5
0500000US40133,73.1,7.1
0500000US40135,72.0,3.1
0500000US40137,88.9,3.4
0500000US40139,63.5,5.7
0500000US40141,77.1,9.1
0500000US40143,71.7,12.9
0500000US40145,80.9,5.4
0500000US40147,82.3,4.7
0500000US40149,92.6,2.1
0500000US40151,90.1,3.5
0500000US40153,88.3,2.6
0500000US41001,95.6,1.1
0500000US41003,87.4,2.0
0500000US41005,88.7,2.2
0500000US41007,92.5,1.3
0500000US41009,94.6,1.4
0500000US41011,93.2,1.1
0500000US41013,94.3,0.8
0500000US41015,93.9,1.0
0500000US41017,93.8,1.1
0500000US41019,94.5,0.9
0500000US41021,95.5,1.0
0500000US41023,97.1,1.4
0500000US41025,94.0,1.1
0500000US41027,83.5,0.9
0500000US41029,90.5,1.8
0500000US41031,74.5,1.3
0500000US41033,94.4,1.3
0500000US41035,88.1,1.7
0500000US41037,92.7,1.3
0500000US41039,90.5,2.5
0500000US41041,90.0,1.1
0500000US41043,92.9,1.4
0500000US41045,78.5,2.0
0500000US41047,79.3,2.2
0500000US41049,74.6,1.1
0500000US41051,78.3,7.6
0500000US41053,88.4,1.9
0500000US41055,94.7,1.0
0500000US41057,91.8,1.0
0500000US41059,78.2,1.6
0500000US41061,93.7,1.5
0500000US41063,96.3,0.8
0500000US41065,85.2,1.2
0500000US41067,75.3,3.7
0500000US41069,94.7,1.4
0500000US41071,87.7,1.7
0500000US42001,93.3,2.5
0500000US42003,80.5,15.1
0500000US42005,98.6,1.3
0500000US42007,91.5,8.6
0500000US42009,98.7,0.9
0500000US42011,79.8,7.5
0500000US42013,96.3,3.2
0500000US42015,97.7,1.3
0500000US42017,87.3,5.2
0500000US42019,96.4,1.9
0500000US42021,94.1,6.0
0500000US42023,97.5,0.9
0500000US42025,95.0,2.8
0500000US42027,87.6,4.3
0500000US42029,83.7,6.9
0500000US42031,97.4,2.0
0500000US42033,96.3,2.8
0500000US42035,97.2,1.9
0500000US42037,95.8,2.2
0500000US42039,96.8,2.9
0500000US42041,88.0,5.8
0500000US42043,69.8,21.1
0500000US42045,68.3,24.3
0500000US42047,98.8,0.9
0500000US42049,87.8,9.6
0500000US42051,94.2,5.8
0500000US42053,77.6,18.0
0500000US42055,91.6,5.0
0500000US42057,98.0,1.5
0500000US42059,95.6,3.6
0500000US42061,92.9,6.0
0500000US42063,95.1,3.8
0500000US42065,98.9,0.7
0500000US42067,97.0,1.2
0500000US42069,88.3,5.6
0500000US42071,87.6,5.8
0500000US42073,94.3,6.3
0500000US42075,88.8,3.7
0500000US42077,74.0,10.1
0500000US42079,84.9,6.8
0500000US42081,92.7,7.0
0500000US42083,96.5,2.8
0500000US42085,92.7,7.4
0500000US42087,97.8,1.6
0500000US42089,73.9,17.8
0500000US42091,78.9,11.3
0500000US42093,93.2,2.8
0500000US42095,83.7,8.3
0500000US42097,94.3,3.8
0500000US42099,98.1,1.5
0500000US42101,41.9,42.0
0500000US42103,88.6,7.1
0500000US42105,98.6,0.6
0500000US42107,93.4,4.0
0500000US42109,96.8,2.0
0500000US42111,96.3,3.0
0500000US42113,97.0,2.1
0500000US42115,98.1,0.8
0500000US42117,97.9,1.5
0500000US42119,90.2,6.8
0500000US42121,98.1,1.8
0500000US42123,98.5,0.9
0500000US42125,94.7,4.9
0500000US42127,94.2,4.1
0500000US42129,95.7,3.9
0500000US42131,97.7,1.5
0500000US42133,87.6,8.1
0500000US44001,94.4,2.8
0500000US44003,92.1,3.5
0500000US44005,90.7,5.5
0500000US44007,69.0,12.8
0500000US44009,94.1,2.3
0500000US45001,72.8,27.0
0500000US45003,70.9,25.5
0500000US45005,26.8,71.8
0500000US45007,80.9,16.7
0500000US45009,40.0,59.6
0500000US45011,54.4,44.7
0500000US45013,77.1,16.4
0500000US45015,68.7,24.9
0500000US45017,59.0,39.3
0500000US45019,70.7,24.0
0500000US45021,75.7,21.9
0500000US45023,62.1,37.0
0500000US45025,65.0,32.8
0500000US45027,51.9,46.0
0500000US45029,61.1,36.9
0500000US45031,57.2,42.1
0500000US45033,49.9,47.1
0500000US45035,69.7,26.3
0500000US45037,63.4,33.9
0500000US45039,43.9,55.5
0500000US45041,54.2,43.3
0500000US45043,68.5,29.6
0500000US45045,73.8,18.5
0500000US45047,63.8,31.8
0500000US45049,45.9,52.8
0500000US45051,82.9,13.0
0500000US45053,54.1,35.1
0500000US45055,72.5,25.2
0500000US45057,74.6,21.8
0500000US45059,71.5,25.5
0500000US45061,37.0,62.3
0500000US45063,78.5,16.3
0500000US45065,57.0,42.2
0500000US45067,41.0,57.9
0500000US45069,44.0,52.2
0500000US45071,66.2,29.3
0500000US45073,89.3,8.2
0500000US45075,35.9,62.1
0500000US45077,88.4,8.0
0500000US45079,47.4,48.2
0500000US45081,68.9,22.7
0500000US45083,72.4,21.4
0500000US45085,49.4,48.4
0500000US45087,67.3,33.2
0500000US45089,34.7,64.7
0500000US45091,74.2,20.2
0500000US46003,92.3,0.9
0500000US46005,79.0,1.8
0500000US46007,37.2,0.9
0500000US46009,90.7,1.9
0500000US46011,92.2,2.6
0500000US46013,90.9,2.3
0500000US46015,88.3,1.0
0500000US46017,18.4,0.4
0500000US46019,96.2,0.7
0500000US46021,96.6,0.5
0500000US46023,65.1,0.7
0500000US46025,96.9,0.9
0500000US46027,90.8,2.8
0500000US46029,95.5,0.9
0500000US46031,28.1,1.1
0500000US46033,96.1,1.0
0500000US46035,93.0,1.4
0500000US46037,88.9,0.5
0500000US46039,97.1,0.7
0500000US46041,19.9,0.9
0500000US46043,97.5,0.6
0500000US46045,97.4,0.7
0500000US46047,91.5,1.2
0500000US46049,96.2,0.8
0500000US46051,94.6,0.5
0500000US46053,91.8,0.7
0500000US46055,96.1,0.8
0500000US46057,95.7,0.4
0500000US46059,97.8,1.4
0500000US46061,99.0,0.5
0500000US46063,96.3,0.8
0500000US46065,85.5,1.3
0500000US46067,97.3,0.6
0500000US46069,89.7,1.0
0500000US46071,43.2,0.9
0500000US46073,96.6,0.5
0500000US46075,93.2,1.4
0500000US46077,98.1,0.6
0500000US46079,95.4,1.7
0500000US46081,95.6,1.1
0500000US46083,94.9,2.7
0500000US46085,54.7,1.1
0500000US46087,97.2,0.6
0500000US46089,96.6,1.2
0500000US46091,89.5,0.8
0500000US46093,93.1,2.5
0500000US46095,40.6,1.1
0500000US46097,98.0,1.4
0500000US46099,85.9,7.3
0500000US46101,82.6,0.9
0500000US46102,5.0,0.6
0500000US46103,84.9,2.6
0500000US46105,96.6,0.6
0500000US46107,96.2,0.6
0500000US46109,59.0,1.2
0500000US46111,97.9,1.1
0500000US46115,97.4,0.8
0500000US46117,92.2,0.9
0500000US46119,97.0,1.1
0500000US46121,10.1,0.6
0500000US46123,81.5,0.7
0500000US46125,97.2,1.0
0500000US46127,94.8,1.8
0500000US46129,83.7,0.7
0500000US46135,92.6,2.3
0500000US46137,19.8,0.2
0500000US47001,92.8,5.3
0500000US47003,81.9,8.9
0500000US47005,95.9,2.9
0500000US47007,92.6,5.8
0500000US47009,94.1,3.8
0500000US47011,89.4,6.4
0500000US47013,98.5,0.9
0500000US47015,97.0,2.0
0500000US47017,89.1,10.4
0500000US47019,97.0,2.1
0500000US47021,95.1,2.9
0500000US47023,88.9,10.4
0500000US47025,97.5,1.6
0500000US47027,97.7,1.6
0500000US47029,96.5,2.7
0500000US47031,91.9,5.2
0500000US47033,78.5,14.5
0500000US47035,97.2,1.0
0500000US47037,62.9,26.0
0500000US47039,95.6,3.2
0500000US47041,93.7,2.1
0500000US47043,93.0,5.2
0500000US47045,82.4,16.4
0500000US47047,70.6,27.4
0500000US47049,98.8,0.4
0500000US47051,92.0,5.7
0500000US47053,79.9,19.3
0500000US47055,88.2,11.7
0500000US47057,97.1,1.0
0500000US47059,95.6,2.9
0500000US47061,98.4,0.9
0500000US47063,86.2,5.0
0500000US47065,75.8,19.1
0500000US47067,98.3,1.2
0500000US47069,57.7,41.1
0500000US47071,94.9,4.0
0500000US47073,97.4,1.8
0500000US47075,45.7,51.8
0500000US47077,91.0,8.9
0500000US47079,90.3,8.7
0500000US47081,94.2,4.6
0500000US47083,95.2,4.0
0500000US47085,95.7,3.9
0500000US47087,98.3,1.1
0500000US47089,95.3,2.4
0500000US47091,93.9,4.7
0500000US47093,85.4,10.1
0500000US47095,72.0,28.0
0500000US47097,64.0,35.0
0500000US47099,96.6,2.6
0500000US47101,96.8,2.2
0500000US47103,91.2,7.9
0500000US47105,92.2,1.8
0500000US47107,93.4,5.0
0500000US47109,92.7,7.2
0500000US47111,95.2,1.2
0500000US47113,59.0,38.3
0500000US47115,94.4,4.8
0500000US47117,90.3,7.7
0500000US47119,83.7,13.0
0500000US47121,97.3,1.9
0500000US47123,95.6,2.4
0500000US47125,71.9,23.9
0500000US47127,96.7,2.8
0500000US47129,93.9,5.0
0500000US47131,86.1,12.0
0500000US47133,98.4,1.1
0500000US47135,96.0,3.1
0500000US47137,98.4,0.7
0500000US47139,98.2,0.9
0500000US47141,90.6,3.9
0500000US47143,93.4,2.9
0500000US47145,95.6,3.5
0500000US47147,86.4,8.4
0500000US47149,73.6,18.0
0500000US47151,99.1,0.7
0500000US47153,96.5,1.0
0500000US47155,93.0,1.6
0500000US47157,39.4,53.0
0500000US47159,96.2,3.0
0500000US47161,96.4,2.4
0500000US47163,95.7,3.1
0500000US47165,87.1,9.5
0500000US47167,79.8,19.2
0500000US47169,80.9,18.3
0500000US47171,96.4,0.7
0500000US47173,98.3,0.9
0500000US47175,99.2,0.9
0500000US47177,90.9,4.0
0500000US47179,91.6,5.8
0500000US47181,92.5,6.0
0500000US47183,90.0,9.4
0500000US47185,96.7,2.4
0500000US47187,88.2,4.9
0500000US47189,87.7,8.3
0500000US48001,66.2,21.2
0500000US48003,79.0,2.0
0500000US48005,72.8,16.3
0500000US48007,88.9,1.7
0500000US48009,94.4,1.2
0500000US48011,95.3,1.8
0500000US48013,82.0,1.5
0500000US48015,79.4,9.3
0500000US48017,67.8,1.3
0500000US48019,93.9,1.3
0500000US48021,73.9,7.1
0500000US48023,93.9,3.3
0500000US48025,67.5,8.2
0500000US48027,61.4,27.1
0500000US48029,70.9,9.8
0500000US48031,91.3,1.1
0500000US48033,96.0,2.5
0500000US48035,89.6,2.8
0500000US48037,67.8,27.1
0500000US48039,65.2,16.4
0500000US48041,71.7,11.9
0500000US48043,86.4,3.0
0500000US48045,87.8,2.1
0500000US48047,87.8,0.7
0500000US48049,87.2,4.9
0500000US48051,80.1,12.2
0500000US48053,88.1,2.1
0500000US48055,71.4,6.4
0500000US48057,79.3,2.7
0500000US48059,95.3,2.0
0500000US48061,78.7,0.8
0500000US48063,69.6,16.8
0500000US48065,95.5,1.6
0500000US48067,80.6,17.4
0500000US48069,76.4,2.1
0500000US48071,81.2,8.1
0500000US48073,73.0,14.0
0500000US48075,75.2,10.1
0500000US48077,96.2,1.2
0500000US48079,73.5,3.7
0500000US48081,93.1,0.7
0500000US48083,92.1,3.1
0500000US48085,64.9,11.9
0500000US48087,82.8,5.6
0500000US48089,74.9,12.3
0500000US48091,89.0,3.3
0500000US48093,87.9,0.9
0500000US48095,85.2,3.2
0500000US48097,87.0,4.0
0500000US48099,71.8,18.4
0500000US48101,82.0,9.3
0500000US48103,77.2,2.2
0500000US48105,83.0,1.2
0500000US48107,78.3,4.0
0500000US48109,72.7,2.2
0500000US48111,77.8,2.0
0500000US48113,50.5,23.4
0500000US48115,76.6,8.1
0500000US48117,73.0,1.6
0500000US48119,89.2,7.7
0500000US48121,70.2,12.5
0500000US48123,77.6,9.4
0500000US48125,87.6,3.6
0500000US48127,79.3,1.5
0500000US48129,89.4,7.0
0500000US48131,84.7,2.1
0500000US48133,90.7,2.8
0500000US48135,71.3,5.8
0500000US48137,89.7,1.2
0500000US48139,74.7,14.0
0500000US48141,71.3,4.4
0500000US48143,86.3,3.9
0500000US48145,65.6,23.7
0500000US48147,86.3,7.4
0500000US48149,84.6,7.0
0500000US48151,88.6,4.1
0500000US48153,83.9,3.8
0500000US48155,89.7,3.0
0500000US48157,46.3,22.3
0500000US48159,87.5,5.2
0500000US48161,74.3,15.6
0500000US48163,66.7,4.2
0500000US48165,87.4,1.6
0500000US48167,74.1,14.0
0500000US48169,81.7,6.6
0500000US48171,92.3,0.9
0500000US48173,89.8,2.4
0500000US48175,87.4,5.0
0500000US48177,73.7,7.1
0500000US48179,81.6,4.9
0500000US48181,83.8,7.3
0500000US48183,67.8,22.1
0500000US48185,74.0,14.4
0500000US48187,78.4,9.3
0500000US48189,70.7,5.6
0500000US48191,78.4,8.4
0500000US48193,94.1,0.8
0500000US48195,74.0,0.8
0500000US48197,85.5,5.5
0500000US48199,91.3,6.3
0500000US48201,52.2,20.7
0500000US48203,70.7,21.1
0500000US48205,79.6,4.6
0500000US48207,84.5,4.9
0500000US48209,79.6,5.4
0500000US48211,83.7,0.9
0500000US48213,86.6,6.9
0500000US48215,74.7,0.8
0500000US48217,82.7,7.0
0500000US48219,80.6,3.7
0500000US48221,92.7,1.5
0500000US48223,83.1,7.7
0500000US48225,66.0,24.8
0500000US48227,81.4,6.1
0500000US48229,77.8,0.9
0500000US48231,81.7,9.4
0500000US48233,84.7,3.7
0500000US48235,88.9,2.0
0500000US48237,85.6,4.1
0500000US48239,78.7,7.9
0500000US48241,78.4,18.0
0500000US48243,89.0,1.4
0500000US48245,50.5,34.5
0500000US48247,84.7,0.2
0500000US48249,85.1,1.1
0500000US48251,84.1,4.9
0500000US48253,73.2,11.1
0500000US48255,73.3,8.6
0500000US48257,72.6,16.8
0500000US48259,91.6,1.4
0500000US48261,73.7,3.4
0500000US48263,93.5,1.5
0500000US48265,89.1,2.1
0500000US48267,90.3,0.9
0500000US48269,93.2,3.0
0500000US48271,87.9,2.1
0500000US48273,80.6,4.4
0500000US48275,79.6,6.3
0500000US48277,80.2,14.6
0500000US48279,79.4,4.2
0500000US48281,87.3,5.0
0500000US48283,81.9,3.9
0500000US48285,87.1,7.4
0500000US48287,79.6,11.1
0500000US48289,86.1,6.7
0500000US48291,71.8,8.8
0500000US48293,70.0,18.6
0500000US48295,79.6,0.7
0500000US48297,90.5,2.4
0500000US48299,94.2,1.1
0500000US48301,96.9,4.7
0500000US48303,75.2,10.0
0500000US48305,78.0,2.7
0500000US48307,89.6,2.6
0500000US48309,71.2,16.0
0500000US48311,93.2,2.8
0500000US48313,63.9,20.2
0500000US48315,77.7,20.8
0500000US48317,81.8,2.4
0500000US48319,91.7,1.0
0500000US48321,69.6,11.9
0500000US48323,72.0,0.5
0500000US48325,83.6,3.5
0500000US48327,87.8,1.7
0500000US48329,76.5,7.5
0500000US48331,79.8,10.2
0500000US48333,92.3,1.2
0500000US48335,69.2,11.9
0500000US48337,94.4,1.0
0500000US48339,78.9,6.9
0500000US48341,63.1,3.9
0500000US48343,74.1,22.6
0500000US48345,93.6,1.7
0500000US48347,70.7,18.0
0500000US48349,69.9,13.8
0500000US48351,80.9,18.4
0500000US48353,82.5,6.5
0500000US48355,79.6,5.0
0500000US48357,73.2,0.7
0500000US48359,88.7,4.4
0500000US48361,85.0,10.5
0500000US48363,88.4,3.0
0500000US48365,80.1,15.6
0500000US48367,92.5,2.0
0500000US48369,72.9,1.4
0500000US48371,68.0,4.1
0500000US48373,79.5,10.8
0500000US48375,68.0,12.2
0500000US48377,77.5,0.8
0500000US48379,92.1,3.0
0500000US48381,87.3,4.7
0500000US48383,73.6,2.3
0500000US48385,91.6,1.8
0500000US48387,79.7,16.4
0500000US48389,79.3,2.3
0500000US48391,81.0,7.9
0500000US48393,96.6,2.5
0500000US48395,69.9,20.2
0500000US48397,81.4,9.1
0500000US48399,87.3,2.5
0500000US48401,72.7,17.3
0500000US48403,89.6,8.6
0500000US48405,72.0,24.0
0500000US48407,82.4,8.8
0500000US48409,84.4,2.5
0500000US48411,83.6,2.6
0500000US48413,69.6,1.8
0500000US48415,77.8,4.8
0500000US48417,93.6,1.5
0500000US48419,70.9,17.0
0500000US48421,78.3,2.2
0500000US48423,71.1,17.9
0500000US48425,91.8,1.2
0500000US48427,80.0,0.2
0500000US48429,85.7,3.6
0500000US48431,89.7,1.6
0500000US48433,91.5,3.3
0500000US48435,83.2,0.9
0500000US48437,75.8,7.5
0500000US48439,62.7,19.2
0500000US48441,80.7,10.2
0500000US48443,77.8,2.9
0500000US48445,80.0,4.6
0500000US48447,96.8,1.2
0500000US48449,67.2,10.7
0500000US48451,82.8,5.1
0500000US48453,70.6,9.3
0500000US48455,86.9,9.3
0500000US48457,83.5,11.5
0500000US48459,86.7,8.8
0500000US48461,84.9,3.6
0500000US48463,81.4,1.1
0500000US48465,79.0,2.0
0500000US48467,91.7,3.4
0500000US48469,77.9,7.5
0500000US48471,62.5,22.7
0500000US48473,58.9,22.6
0500000US48475,75.6,5.7
0500000US48477,75.5,16.9
0500000US48479,78.4,0.6
0500000US48481,70.0,14.5
0500000US48483,85.8,2.7
0500000US48485,77.2,12.8
0500000US48487,72.9,9.8
0500000US48489,73.9,2.8
0500000US48491,75.6,8.4
0500000US48493,87.8,2.2
0500000US48495,71.4,2.7
0500000US48497,89.6,1.8
0500000US48499,89.8,4.7
0500000US48501,71.8,1.4
0500000US48503,88.8,1.8
0500000US48505,84.4,0.3
0500000US48507,81.6,1.4
0500000US49001,88.6,0.9
0500000US49003,93.8,0.8
0500000US49005,90.7,1.4
0500000US49007,94.3,0.8
0500000US49009,98.3,1.0
0500000US49011,90.7,2.1
0500000US49013,91.2,0.4
0500000US49015,96.6,0.3
0500000US49017,93.4,0.9
0500000US49019,89.2,1.4
0500000US49021,91.9,1.3
0500000US49023,96.7,0.4
0500000US49025,96.2,0.9
0500000US49027,88.6,0.6
0500000US49029,98.6,0.6
0500000US49031,97.8,0.6
0500000US49033,97.6,1.1
0500000US49035,80.9,2.9
0500000US49037,47.0,0.8
0500000US49039,90.0,1.2
0500000US49041,95.6,0.7
0500000US49043,91.5,0.9
0500000US49045,91.8,1.4
0500000US49047,89.0,0.9
0500000US49049,90.2,1.4
0500000US49051,90.9,1.0
0500000US49053,91.0,1.2
0500000US49055,96.1,1.1
0500000US49057,86.9,2.5
0500000US50001,95.8,1.6
0500000US50003,96.6,2.0
0500000US50005,96.9,1.4
0500000US50007,91.4,4.0
0500000US50009,98.6,0.7
0500000US50011,97.0,1.3
0500000US50013,97.3,1.2
0500000US50015,97.3,1.9
0500000US50017,97.7,1.1
0500000US50019,97.7,1.2
0500000US50021,97.4,1.6
0500000US50023,96.6,1.9
0500000US50025,96.1,2.3
0500000US50027,97.1,1.6
0500000US51001,65.3,27.6
0500000US51003,79.5,10.6
0500000US51005,94.2,5.8
0500000US51007,78.2,21.0
0500000US51009,79.5,20.0
0500000US51011,80.1,19.8
0500000US51013,71.0,10.4
0500000US51015,93.5,5.2
0500000US51017,95.7,4.3
0500000US51019,91.1,7.5
0500000US51021,96.9,3.7
0500000US51023,95.2,3.6
0500000US51025,43.4,55.9
0500000US51027,96.3,3.4
0500000US51029,65.9,34.3
0500000US51031,82.6,16.0
0500000US51033,69.2,28.6
0500000US51035,97.0,1.2
0500000US51036,48.9,44.3
0500000US51037,70.4,29.0
0500000US51041,65.9,25.2
0500000US51043,91.1,5.2
0500000US51045,98.7,0.7
0500000US51047,77.0,15.2
0500000US51049,68.1,31.5
0500000US51051,99.2,0.8
0500000US51053,67.2,31.2
0500000US51057,60.9,38.3
0500000US51059,59.9,11.3
0500000US51061,86.1,9.0
0500000US51063,96.2,2.5
0500000US51065,83.2,16.1
0500000US51067,89.9,8.7
0500000US51069,88.1,5.7
0500000US51071,97.4,2.2
0500000US51073,90.2,8.8
0500000US51075,82.6,14.5
0500000US51077,92.0,6.8
0500000US51079,86.9,9.2
0500000US51081,40.1,59.5
0500000US51083,62.9,36.3
0500000US51085,87.0,10.3
0500000US51087,56.7,31.3
0500000US51089,73.6,23.9
0500000US51091,98.7,0.9
0500000US51093,74.3,24.3
0500000US51095,80.7,14.9
0500000US51097,72.6,25.9
0500000US51099,80.3,17.9
0500000US51101,81.3,16.6
0500000US51103,71.3,28.0
0500000US51105,95.1,4.4
0500000US51107,63.6,9.0
0500000US51109,82.4,16.7
0500000US51111,64.2,33.9
0500000US51113,89.7,10.0
0500000US51115,90.3,9.0
0500000US51117,62.6,36.2
0500000US51119,83.6,16.1
0500000US51121,85.3,5.6
0500000US51125,86.0,11.8
0500000US51127,84.3,13.4
0500000US51131,63.0,32.5
0500000US51133,74.5,24.3
0500000US51135,59.1,38.9
0500000US51137,83.7,14.5
0500000US51139,96.6,2.7
0500000US51141,92.8,5.7
0500000US51143,77.1,21.9
0500000US51145,89.9,9.4
0500000US51147,52.3,44.7
0500000US51149,61.4,32.9
0500000US51153,53.4,23.2
0500000US51155,93.2,6.7
0500000US51157,94.5,3.8
0500000US51159,68.4,29.3
0500000US51161,88.4,7.5
0500000US51163,94.9,3.6
0500000US51165,92.0,3.4
0500000US51167,98.5,1.2
0500000US51169,98.7,1.2
0500000US51171,92.1,3.6
0500000US51173,97.1,2.1
0500000US51175,65.1,34.7
0500000US51177,73.5,19.6
0500000US51179,68.6,23.0
0500000US51181,56.9,43.0
0500000US51183,44.9,55.1
0500000US51185,96.3,3.3
0500000US51187,91.3,6.0
0500000US51191,97.1,1.9
0500000US51193,70.6,27.1
0500000US51195,93.8,5.7
0500000US51197,96.1,3.6
0500000US51199,77.7,15.6
0500000US51510,61.3,22.2
0500000US51520,91.6,8.6
0500000US51530,92.7,6.3
0500000US51540,72.3,17.4
0500000US51550,63.0,31.7
0500000US51570,76.7,18.6
0500000US51580,84.8,15.1
0500000US51590,43.8,53.4
0500000US51595,29.5,66.0
0500000US51600,66.9,6.0
0500000US51610,81.1,5.6
0500000US51620,40.1,59.0
0500000US51630,65.3,25.5
0500000US51640,83.3,7.5
0500000US51650,43.3,53.6
0500000US51660,74.8,10.3
0500000US51670,50.2,46.4
0500000US51678,87.3,7.3
0500000US51680,66.6,29.9
0500000US51683,51.1,14.2
0500000US51685,44.1,14.8
0500000US51690,48.8,48.2
0500000US51700,47.1,46.4
0500000US51710,50.0,43.6
0500000US51720,92.6,7.5
0500000US51730,19.7,77.2
0500000US51735,95.3,1.9
0500000US51740,41.8,56.8
0500000US51750,81.5,15.6
0500000US51760,48.5,42.9
0500000US51770,64.1,30.8
0500000US51775,87.6,9.6
0500000US51790,84.9,14.1
0500000US51800,53.0,44.9
0500000US51810,69.2,21.8
0500000US51820,81.9,15.0
0500000US51830,54.6,39.2
0500000US51840,73.1,12.8
0500000US53001,61.1,0.6
0500000US53003,95.6,1.4
0500000US53005,81.9,2.5
0500000US53007,80.3,0.9
0500000US53009,89.2,1.7
0500000US53011,85.3,3.9
0500000US53013,94.6,1.0
0500000US53015,91.0,1.7
0500000US53017,78.6,0.9
0500000US53019,78.9,1.4
0500000US53021,63.4,2.8
0500000US53023,96.1,1.4
0500000US53025,70.8,1.6
0500000US53027,86.6,2.3
0500000US53029,88.0,4.5
0500000US53031,94.1,1.4
0500000US53033,65.6,8.6
0500000US53035,85.5,4.9
0500000US53037,90.3,1.8
0500000US53039,89.3,0.9
0500000US53041,91.3,1.6
0500000US53043,95.5,1.3
0500000US53045,87.1,2.2
0500000US53047,75.1,1.0
0500000US53049,89.9,1.1
0500000US53051,94.3,1.1
0500000US53053,76.0,10.6
0500000US53055,93.9,1.0
0500000US53057,84.7,1.5
0500000US53059,93.8,1.4
0500000US53061,76.2,5.2
0500000US53063,90.7,3.7
0500000US53065,91.6,1.0
0500000US53067,84.0,5.5
0500000US53069,95.3,1.4
0500000US53071,83.4,2.7
0500000US53073,86.7,2.3
0500000US53075,85.2,3.9
0500000US53077,62.9,1.6
0500000US54001,97.4,2.9
0500000US54003,88.0,10.7
0500000US54005,98.8,1.2
0500000US54007,98.9,0.9
0500000US54009,97.4,2.8
0500000US54011,92.4,7.0
0500000US54013,99.3,0.5
0500000US54015,99.2,0.6
0500000US54017,96.8,2.5
0500000US54019,94.7,5.4
0500000US54021,86.5,13.0
0500000US54023,98.3,1.4
0500000US54025,96.0,3.6
0500000US54027,98.0,1.7
0500000US54029,96.5,3.7
0500000US54031,94.0,3.9
0500000US54033,96.6,2.9
0500000US54035,98.6,1.0
0500000US54037,89.0,8.3
0500000US54039,90.0,9.7
0500000US54041,98.7,0.9
0500000US54043,99.3,0.8
0500000US54045,97.7,2.5
0500000US54047,88.0,12.4
0500000US54049,95.4,4.8
0500000US54051,98.2,1.5
0500000US54053,98.6,1.5
0500000US54055,92.4,7.9
0500000US54057,96.2,4.3
0500000US54059,97.7,2.6
0500000US54061,91.0,5.7
0500000US54063,98.3,1.7
0500000US54065,98.1,1.5
0500000US54067,99.0,0.6
0500000US54069,94.1,5.8
0500000US54071,97.9,2.5
0500000US54073,97.9,1.7
0500000US54075,98.2,1.2
0500000US54077,93.4,6.5
0500000US54079,96.9,2.0
0500000US54081,90.1,9.3
0500000US54083,97.3,2.2
0500000US54085,99.0,0.4
0500000US54087,98.8,0.8
0500000US54089,95.7,4.4
0500000US54091,98.7,1.5
0500000US54093,99.1,0.8
0500000US54095,99.4,0.9
0500000US54097,98.1,1.6
0500000US54099,98.8,1.0
0500000US54101,99.3,0.5
0500000US54103,98.8,0.9
0500000US54105,99.5,0.7
0500000US54107,97.3,2.5
0500000US54109,99.0,1.1
0500000US55001,94.4,3.6
0500000US55003,85.1,1.4
0500000US55005,95.2,2.3
0500000US55007,88.2,0.8
0500000US55009,86.1,4.5
0500000US55011,97.9,0.8
0500000US55013,93.9,1.0
0500000US55015,93.2,1.5
0500000US55017,95.7,2.2
0500000US55019,95.3,0.8
0500000US55021,95.9,2.3
0500000US55023,97.0,2.2
0500000US55025,84.2,7.2
0500000US55027,93.3,3.8
0500000US55029,96.9,1.2
0500000US55031,95.5,2.4
0500000US55033,94.3,1.7
0500000US55035,92.8,2.3
0500000US55037,98.4,0.4
0500000US55039,92.8,3.4
0500000US55041,85.2,1.1
0500000US55043,96.5,1.8
0500000US55045,96.6,1.2
0500000US55047,96.1,1.3
0500000US55049,97.5,1.1
0500000US55051,97.7,0.6
0500000US55053,89.7,2.7
0500000US55055,94.2,1.8
0500000US55057,95.0,2.7
0500000US55059,85.0,9.2
0500000US55061,96.5,0.7
0500000US55063,92.2,3.0
0500000US55065,95.4,0.6
0500000US55067,96.9,1.1
0500000US55069,97.9,1.1
0500000US55071,93.4,2.0
0500000US55073,91.0,1.7
0500000US55075,97.3,1.0
0500000US55077,97.7,0.9
0500000US55078,13.8,0.7
0500000US55079,60.5,28.7
0500000US55081,94.1,2.2
0500000US55083,97.3,0.6
0500000US55085,97.0,0.9
0500000US55087,91.1,2.6
0500000US55089,94.4,2.4
0500000US55091,97.6,0.6
0500000US55093,96.5,1.9
0500000US55095,97.3,1.0
0500000US55097,93.6,2.1
0500000US55099,97.3,0.5
0500000US55101,80.6,14.2
0500000US55103,97.2,1.2
0500000US55105,88.2,7.1
0500000US55107,97.9,0.7
0500000US55109,96.6,1.5
0500000US55111,93.9,1.7
0500000US55113,81.8,1.2
0500000US55115,89.5,0.9
0500000US55117,88.4,3.1
0500000US55119,97.7,0.7
0500000US55121,90.0,0.8
0500000US55123,98.3,0.8
0500000US55125,89.0,0.8
0500000US55127,92.6,1.8
0500000US55129,97.5,0.7
0500000US55131,95.8,2.0
0500000US55133,92.5,2.5
0500000US55135,96.8,0.9
0500000US55137,94.4,2.0
0500000US55139,91.1,4.1
0500000US55141,95.1,1.6
0500000US56001,91.3,2.0
0500000US56003,95.0,0.5
0500000US56005,93.0,1.1
0500000US56007,90.6,1.5
0500000US56009,95.8,0.8
0500000US56011,98.1,0.4
0500000US56013,75.9,1.1
0500000US56015,94.4,1.0
0500000US56017,97.0,1.5
0500000US56019,97.1,0.7
0500000US56021,90.1,3.9
0500000US56023,96.3,0.5
0500000US56025,94.0,2.1
0500000US56027,97.2,0.9
0500000US56029,96.4,0.7
0500000US56031,95.7,0.6
0500000US56033,96.2,0.9
0500000US56035,95.1,0.5
0500000US56037,91.1,1.6
0500000US56039,91.4,0.5
0500000US56041,93.6,0.8
0500000US56043,93.1,0.7
0500000US56045,95.2,1.0
0500000US72001,71.4,8.4
0500000US72003,67.0,10.6
0500000US72005,64.2,12.4
0500000US72007,52.5,20.5
0500000US72009,63.2,12.2
0500000US72011,65.1,14.1
0500000US72013,66.6,12.5
0500000US72015,36.6,25.8
0500000US72017,65.4,14.2
0500000US72019,60.6,10.8
0500000US72021,61.9,16.3
0500000US72023,68.4,11.0
0500000US72025,57.3,16.8
0500000US72027,71.1,10.0
0500000US72029,47.1,33.4
0500000US72031,51.3,27.3
0500000US72033,56.5,21.8
0500000US72035,61.4,14.6
0500000US72037,47.2,23.8
0500000US72039,77.0,7.2
0500000US72041,58.1,15.1
0500000US72043,56.4,15.4
0500000US72045,60.2,15.5
0500000US72047,63.8,9.8
0500000US72049,60.7,27.7
0500000US72051,54.5,20.6
0500000US72053,44.7,21.3
0500000US72054,61.6,9.6
0500000US72055,61.5,12.8
0500000US72057,50.0,21.6
0500000US72059,62.1,13.5
0500000US72061,67.9,13.6
0500000US72063,55.1,19.5
0500000US72065,70.8,10.0
0500000US72067,61.7,13.2
0500000US72069,43.6,21.3
0500000US72071,66.3,12.8
0500000US72073,73.6,7.5
0500000US72075,53.3,18.8
0500000US72077,50.6,22.9
0500000US72079,66.6,10.9
0500000US72081,74.7,6.8
0500000US72083,63.3,10.0
0500000US72085,49.6,21.0
0500000US72087,20.6,64.7
0500000US72089,50.5,25.7
0500000US72091,63.6,12.7
0500000US72093,57.0,12.6
0500000US72095,28.7,32.7
0500000US72097,65.7,13.8
0500000US72099,69.8,9.5
0500000US72101,72.3,8.8
0500000US72103,49.1,20.9
0500000US72105,63.6,14.8
0500000US72107,63.4,14.5
0500000US72109,42.3,24.1
0500000US72111,62.1,15.8
0500000US72113,64.8,13.3
0500000US72115,75.9,8.6
0500000US72117,64.7,15.0
0500000US72119,45.9,32.0
0500000US72121,67.6,10.9
0500000US72123,48.1,22.1
0500000US72125,67.5,13.3
0500000US72127,56.7,22.2
0500000US72129,51.1,17.1
0500000US72131,73.1,7.4
0500000US72133,48.6,20.7
0500000US72135,59.0,15.1
0500000US72137,54.7,22.1
0500000US72139,58.5,20.7
0500000US72141,71.6,7.9
0500000US72143,51.3,18.3
0500000US72145,59.4,16.6
0500000US72147,35.8,26.0
0500000US72149,58.3,16.0
0500000US72151,43.9,20.1
0500000US72153,61.9,11.7