GEO_ID,median_income
0500000US01001,31259
0500000US01003,28534
0500000US01005,23174
0500000US01007,26704
0500000US01009,31793
0500000US01011,22364
0500000US01013,25929
0500000US01015,24415
0500000US01017,26846
0500000US01019,29048
0500000US01021,27846
0500000US01023,26169
0500000US01025,29283
0500000US01027,23774
0500000US01029,26697
0500000US01031,27494
0500000US01033,27570
0500000US01035,25132
0500000US01037,24243
0500000US01039,26588
0500000US01041,27101
0500000US01043,27389
0500000US01045,26522
0500000US01047,21752
0500000US01049,25032
0500000US01051,31534
0500000US01053,24883
0500000US01055,25491
0500000US01057,25383
0500000US01059,23384
0500000US01061,25272
0500000US01063,21485
0500000US01065,25325
0500000US01067,26822
0500000US01069,26701
0500000US01071,25466
0500000US01073,30807
0500000US01075,26561
0500000US01077,25900
0500000US01079,31294
0500000US01081,25533
0500000US01083,30816
0500000US01085,25498
0500000US01087,20922
0500000US01089,32452
0500000US01091,27024
0500000US01093,24598
0500000US01095,24558
0500000US01097,27933
0500000US01099,26550
0500000US01101,27882
0500000US01103,26702
0500000US01105,22647
0500000US01107,22962
0500000US01109,21867
0500000US01111,27374
0500000US01113,27297
0500000US01115,31903
0500000US01117,37971
0500000US01119,17607
0500000US01121,25380
0500000US01123,27113
0500000US01125,25575
0500000US01127,24639
0500000US01129,26449
0500000US01131,21696
0500000US01133,23050
0500000US02013,26826
0500000US02016,31948
0500000US02020,40129
0500000US02050,20292
0500000US02060,45242
0500000US02068,34250
0500000US02070,25694
0500000US02090,36608
0500000US02100,27100
0500000US02105,30129
0500000US02110,42408
0500000US02122,35186
0500000US02130,35075
0500000US02150,32376
0500000US02158,13125
0500000US02164,20762
0500000US02170,36673
0500000US02180,23529
0500000US02185,56913
0500000US02188,27014
0500000US02195,31444
0500000US02198,25172
0500000US02220,37044
0500000US02230,35117
0500000US02240,36085
0500000US02261,36250
0500000US02275,31676
0500000US02282,32353
0500000US02290,19798
0500000US04001,27274
0500000US04003,24149
0500000US04005,23255
0500000US04007,24190
0500000US04009,26934
0500000US04011,36779
0500000US04012,20453
0500000US04013,31884
0500000US04015,22929
0500000US04017,23300
0500000US04019,25992
0500000US04021,29550
0500000US04023,25036
0500000US04025,24158
0500000US04027,22349
0500000US05001,25692
0500000US05003,27131
0500000US05005,24020
0500000US05007,32491
0500000US05009,24271
0500000US05011,26715
0500000US05013,24592
0500000US05015,22099
0500000US05017,22315
0500000US05019,18996
0500000US05021,22680
0500000US05023,26832
0500000US05025,30052
0500000US05027,21942
0500000US05029,26928
0500000US05031,25679
0500000US05033,27151
0500000US05035,29563
0500000US05037,27295
0500000US05039,24669
0500000US05041,23482
0500000US05043,22211
0500000US05045,27125
0500000US05047,26524
0500000US05049,23243
0500000US05051,24124
0500000US05053,31154
0500000US05055,26821
0500000US05057,22142
0500000US05059,23983
0500000US05061,25116
0500000US05063,24995
0500000US05065,24283
0500000US05067,22786
0500000US05069,26423
0500000US05071,23363
0500000US05073,22542
0500000US05075,23272
0500000US05077,21586
0500000US05079,26728
0500000US05081,24688
0500000US05083,24498
0500000US05085,32838
0500000US05087,26766
0500000US05089,19994
0500000US05091,26451
0500000US05093,24159
0500000US05095,24876
0500000US05097,25511
0500000US05099,24037
0500000US05101,19297
0500000US05103,25615
0500000US05105,26467
0500000US05107,21851
0500000US05109,24555
0500000US05111,24864
0500000US05113,21700
0500000US05115,22066
0500000US05117,29029
0500000US05119,31064
0500000US05121,24544
0500000US05123,22341
0500000US05125,32525
0500000US05127,21453
0500000US05129,23220
0500000US05131,25223
0500000US05133,23876
0500000US05135,22316
0500000US05137,20146
0500000US05139,27270
0500000US05141,21128
0500000US05143,26860
0500000US05145,25846
0500000US05147,22000
0500000US05149,26321
0500000US06001,41381
0500000US06003,17313
0500000US06005,31529
0500000US06007,23491
0500000US06009,32999
0500000US06011,27129
0500000US06013,41590
0500000US06015,23054
0500000US06017,35809
0500000US06019,24353
0500000US06021,25832
0500000US06023,22316
0500000US06025,22692
0500000US06027,30529
0500000US06029,26053
0500000US06031,26505
0500000US06033,22369
0500000US06035,31858
0500000US06037,30176
0500000US06039,22269
0500000US06041,47563
0500000US06043,27016
0500000US06045,22328
0500000US06047,23588
0500000US06049,24101
0500000US06051,29633
0500000US06053,25386
0500000US06055,32726
0500000US06057,30983
0500000US06059,35323
0500000US06061,41309
0500000US06063,26619
0500000US06065,28905
0500000US06067,32102
0500000US06069,30604
0500000US06071,28124
0500000US06073,32656
0500000US06075,51229
0500000US06077,29056
0500000US06079,28995
0500000US06081,45591
0500000US06083,26405
0500000US06085,47594
0500000US06087,29284
0500000US06089,27534
0500000US06091,26830
0500000US06093,22014
0500000US06095,35192
0500000US06097,32221
0500000US06099,27882
0500000US06101,26563
0500000US06103,25642
0500000US06105,19879
0500000US06107,22753
0500000US06109,28145
0500000US06111,32290
0500000US06113,27775
0500000US06115,26847
0500000US08001,31925
0500000US08003,16331
0500000US08005,35599
0500000US08007,25657
0500000US08009,24672
0500000US08011,28198
0500000US08013,31950
0500000US08014,44516
0500000US08015,26943
0500000US08017,28219
0500000US08019,37009
0500000US08021,25432
0500000US08023,21353
0500000US08025,16932
0500000US08027,22656
0500000US08029,25030
0500000US08031,36026
0500000US08033,24853
0500000US08035,52132
0500000US08037,35518
0500000US08039,41765
0500000US08041,31247
0500000US08043,22716
0500000US08045,35089
0500000US08047,36486
0500000US08049,32160
0500000US08051,22058
0500000US08053,28906
0500000US08055,23610
0500000US08057,30463
0500000US08059,39037
0500000US08061,22179
0500000US08063,25568
0500000US08065,30969
0500000US08067,30425
0500000US08069,29303
0500000US08071,23499
0500000US08073,24732
0500000US08075,25731
0500000US08077,27108
0500000US08079,24784
0500000US08081,28071
0500000US08083,25382
0500000US08085,25731
0500000US08087,27270
0500000US08089,23865
0500000US08091,31275
0500000US08093,36325
0500000US08095,29583
0500000US08097,35125
0500000US08099,23843
0500000US08101,26862
0500000US08103,30973
0500000US08105,23223
0500000US08107,30977
0500000US08109,20924
0500000US08111,26480
0500000US08113,31226
0500000US08115,24071
0500000US08117,31723
0500000US08119,32238
0500000US08121,26656
0500000US08123,32186
0500000US08125,28818
0500000US09001,41231
0500000US09003,40176
0500000US09005,40162
0500000US09007,45191
0500000US09009,37216
0500000US09011,35187
0500000US09013,35975
0500000US09015,31701
0500000US10001,30855
0500000US10003,36970
0500000US10005,30170
0500000US11001,48059
0500000US12001,25218
0500000US12003,30657
0500000US12005,26589
0500000US12007,30543
0500000US12009,28757
0500000US12011,30667
0500000US12013,26241
0500000US12015,24719
0500000US12017,24271
0500000US12019,31377
0500000US12021,26818
0500000US12023,26454
0500000US12027,21441
0500000US12029,24721
0500000US12031,30548
0500000US12033,26295
0500000US12035,26040
0500000US12037,25599
0500000US12039,26516
0500000US12041,25014
0500000US12043,21497
0500000US12045,25220
0500000US12047,22479
0500000US12049,22905
0500000US12051,21796
0500000US12053,26688
0500000US12055,20887
0500000US12057,31179
0500000US12059,24651
0500000US12061,25047
0500000US12063,22368
0500000US12065,28973
0500000US12067,28476
0500000US12069,26578
0500000US12071,26465
0500000US12073,25979
0500000US12075,23223
0500000US12077,26987
0500000US12079,25000
0500000US12081,27970
0500000US12083,24706
0500000US12085,29539
0500000US12086,26357
0500000US12087,30388
0500000US12089,31359
0500000US12091,29942
0500000US12093,24035
0500000US12095,27807
0500000US12097,24916
0500000US12099,30352
0500000US12101,30536
0500000US12103,30876
0500000US12105,27090
0500000US12107,22273
0500000US12109,35788
0500000US12111,26220
0500000US12113,31333
0500000US12115,28393
0500000US12117,32243
0500000US12119,21393
0500000US12121,23786
0500000US12123,22749
0500000US12125,26065
0500000US12127,26239
0500000US12129,31878
0500000US12131,26578
0500000US12133,26464
0500000US13001,25767
0500000US13003,22971
0500000US13005,25621
0500000US13007,31865
0500000US13009,20558
0500000US13011,25333
0500000US13013,29205
0500000US13015,30116
0500000US13017,25430
0500000US13019,25702
0500000US13021,25443
0500000US13023,27468
0500000US13025,24883
0500000US13027,26338
0500000US13029,34079
0500000US13031,19066
0500000US13033,25779
0500000US13035,26678
0500000US13037,21429
0500000US13039,28517
0500000US13043,21179
0500000US13045,26583
0500000US13047,29884
0500000US13049,22422
0500000US13051,26994
0500000US13053,22996
0500000US13055,27480
0500000US13057,36720
0500000US13059,16849
0500000US13061,18949
0500000US13063,25925
0500000US13065,26725
0500000US13067,36158
0500000US13069,24924
0500000US13071,21095
0500000US13073,37557
0500000US13075,24540
0500000US13077,35896
0500000US13079,29635
0500000US13081,21649
0500000US13083,25909
0500000US13085,30701
0500000US13087,26610
0500000US13089,31907
0500000US13091,26617
0500000US13093,20878
0500000US13095,23842
0500000US13097,31074
0500000US13099,24909
0500000US13101,24208
0500000US13103,32964
0500000US13105,25135
0500000US13107,23146
0500000US13109,26506
0500000US13111,25724
0500000US13113,41675
0500000US13115,26040
0500000US13117,43815
0500000US13119,24382
0500000US13121,36764
0500000US13123,23228
0500000US13125,25257
0500000US13127,26253
0500000US13129,26419
0500000US13131,25078
0500000US13133,22380
0500000US13135,31731
0500000US13137,26091
0500000US13139,27169
0500000US13141,17050
0500000US13143,29282
0500000US13145,32593
0500000US13147,25329
0500000US13149,28163
0500000US13151,32432
0500000US13153,31724
0500000US13155,24546
0500000US13157,31937
0500000US13159,26413
0500000US13161,27359
0500000US13163,23284
0500000US13165,23716
0500000US13167,24006
0500000US13169,32298
0500000US13171,26230
0500000US13173,27386
0500000US13175,26877
0500000US13177,36397
0500000US13179,28160
0500000US13181,26645
0500000US13183,31548
0500000US13185,22741
0500000US13187,21160
0500000US13189,25387
0500000US13191,30613
0500000US13193,19775
0500000US13195,30078
0500000US13197,27033
0500000US13199,25211
0500000US13201,25327
0500000US13205,22898
0500000US13207,31026
0500000US13209,23400
0500000US13211,28551
0500000US13213,26552
0500000US13215,25696
0500000US13217,30213
0500000US13219,36668
0500000US13221,27124
0500000US13223,34684
0500000US13225,25687
0500000US13227,30255
0500000US13229,28377
0500000US13231,30963
0500000US13233,26584
0500000US13235,25564
0500000US13237,22218
0500000US13239,19538
0500000US13241,24060
0500000US13243,23632
0500000US13245,24062
0500000US13247,31288
0500000US13249,28203
0500000US13251,26064
0500000US13253,26763
0500000US13255,26234
0500000US13257,24758
0500000US13259,20758
0500000US13261,22500
0500000US13263,25389
0500000US13265,20784
0500000US13267,25002
0500000US13269,21542
0500000US13271,25966
0500000US13273,23365
0500000US13275,25625
0500000US13277,25064
0500000US13279,25870
0500000US13281,17188
0500000US13283,26638
0500000US13285,26694
0500000US13287,23955
0500000US13289,32479
0500000US13291,23660
0500000US13293,25242
0500000US13295,27557
0500000US13297,30793
0500000US13299,23757
0500000US13301,24774
0500000US13303,25816
0500000US13305,26020
0500000US13307,26114
0500000US13309,26914
0500000US13311,25477
0500000US13313,26061
0500000US13315,27765
0500000US13317,22451
0500000US13319,26651
0500000US13321,24798
0500000US15001,29867
0500000US15003,35775
0500000US15005,50625
0500000US15007,32236
0500000US15009,32278
0500000US16001,31099
0500000US16003,23418
0500000US16005,22862
0500000US16007,22841
0500000US16009,25000
0500000US16011,24969
0500000US16013,30651
0500000US16015,29427
0500000US16017,24495
0500000US16019,25936
0500000US16021,25938
0500000US16023,24596
0500000US16025,24808
0500000US16027,23694
0500000US16029,30357
0500000US16031,24587
0500000US16033,20000
0500000US16035,23138
0500000US16037,24850
0500000US16039,26007
0500000US16041,25096
0500000US16043,22848
0500000US16045,19978
0500000US16047,26149
0500000US16049,21939
0500000US16051,25874
0500000US16053,23534
0500000US16055,26603
0500000US16057,18948
0500000US16059,22212
0500000US16061,22536
0500000US16063,25091
0500000US16065,10425
0500000US16067,25704
0500000US16069,28109
0500000US16071,23190
0500000US16073,21768
0500000US16075,25880
0500000US16077,24881
0500000US16079,24140
0500000US16081,31877
0500000US16083,23805
0500000US16085,23587
0500000US16087,22235
0500000US17001,30952
0500000US17003,20408
0500000US17005,24375
0500000US17007,31774
0500000US17009,30149
0500000US17011,30547
0500000US17013,30619
0500000US17015,28880
0500000US17017,27229
0500000US17019,25091
0500000US17021,28726
0500000US17023,28059
0500000US17025,30228
0500000US17027,33613
0500000US17029,20932
0500000US17031,34792
0500000US17033,28936
0500000US17035,28052
0500000US17037,24458
0500000US17039,31891
0500000US17041,30850
0500000US17043,40879
0500000US17045,27645
0500000US17047,30663
0500000US17049,28286
0500000US17051,27174
0500000US17053,30892
0500000US17055,26604
0500000US17057,26781
0500000US17059,29925
0500000US17061,26206
0500000US17063,35998
0500000US17065,30763
0500000US17067,30876
0500000US17069,24525
0500000US17071,27977
0500000US17073,31637
0500000US17075,27236
0500000US17077,19196
0500000US17079,30449
0500000US17081,27282
0500000US17083,30254
0500000US17085,28930
0500000US17087,25558
0500000US17089,32082
0500000US17091,30681
0500000US17093,41616
0500000US17095,26097
0500000US17097,36633
0500000US17099,28592
0500000US17101,27067
0500000US17103,30593
0500000US17105,31244
0500000US17107,29362
0500000US17109,19895
0500000US17111,38049
0500000US17113,30856
0500000US17115,28578
0500000US17117,31132
0500000US17119,32343
0500000US17121,26829
0500000US17123,30579
0500000US17125,26358
0500000US17127,26872
0500000US17129,35776
0500000US17131,31529
0500000US17133,40738
0500000US17135,25893
0500000US17137,26278
0500000US17139,31209
0500000US17141,32131
0500000US17143,30372
0500000US17145,29730
0500000US17147,35225
0500000US17149,27394
0500000US17151,26181
0500000US17153,25162
0500000US17155,34950
0500000US17157,29333
0500000US17159,29380
0500000US17161,29077
0500000US17163,31666
0500000US17165,25341
0500000US17167,32567
0500000US17169,30968
0500000US17171,28180
0500000US17173,30585
0500000US17175,27528
0500000US17177,26702
0500000US17179,33774
0500000US17181,28550
0500000US17183,30430
0500000US17185,27769
0500000US17187,22943
0500000US17189,32235
0500000US17191,31366
0500000US17193,28492
0500000US17195,28076
0500000US17197,37231
0500000US17199,29596
0500000US17201,29543
0500000US17203,34313
0500000US18001,29009
0500000US18003,30330
0500000US18005,31538
0500000US18007,27405
0500000US18009,26090
0500000US18011,38638
0500000US18013,28135
0500000US18015,30586
0500000US18017,26819
0500000US18019,31570
0500000US18021,29650
0500000US18023,28180
0500000US18025,28344
0500000US18027,27991
0500000US18029,31796
0500000US18031,30562
0500000US18033,29561
0500000US18035,20603
0500000US18037,31849
0500000US18039,27836
0500000US18041,28550
0500000US18043,31426
0500000US18045,30264
0500000US18047,31167
0500000US18049,27282
0500000US18051,31259
0500000US18053,22440
0500000US18055,28151
0500000US18057,45731
0500000US18059,37195
0500000US18061,30430
0500000US18063,39755
0500000US18065,27486
0500000US18067,29723
0500000US18069,27137
0500000US18071,30433
0500000US18073,29800
0500000US18075,25616
0500000US18077,28445
0500000US18079,28737
0500000US18081,34854
0500000US18083,26094
0500000US18085,30741
0500000US18087,31821
0500000US18089,30797
0500000US18091,27561
0500000US18093,26811
0500000US18095,26604
0500000US18097,28727
0500000US18099,29728
0500000US18101,28713
0500000US18103,26961
0500000US18105,18627
0500000US18107,29230
0500000US18109,30808
0500000US18111,30756
0500000US18113,28822
0500000US18115,32969
0500000US18117,25691
0500000US18119,28686
0500000US18121,25965
0500000US18123,27736
0500000US18125,28598
0500000US18127,35742
0500000US18129,33149
0500000US18131,28520
0500000US18133,26343
0500000US18135,26935
0500000US18137,30406
0500000US18139,31537
0500000US18141,26768
0500000US18143,30633
0500000US18145,30259
0500000US18147,31401
0500000US18149,26477
0500000US18151,26696
0500000US18153,26518
0500000US18155,27297
0500000US18157,21959
0500000US18159,32453
0500000US18161,26220
0500000US18163,27749
0500000US18165,28396
0500000US18167,22652
0500000US18169,27083
0500000US18171,33151
0500000US18173,33838
0500000US18175,29069
0500000US18177,25806
0500000US18179,29653
0500000US18181,29021
0500000US18183,31712
0500000US19001,31506
0500000US19003,29880
0500000US19005,28718
0500000US19007,27485
0500000US19009,27310
0500000US19011,34563
0500000US19013,27979
0500000US19015,31885
0500000US19017,31932
0500000US19019,32409
0500000US19021,26127
0500000US19023,31209
0500000US19025,26420
0500000US19027,31332
0500000US19029,27884
0500000US19031,34919
0500000US19033,28930
0500000US19035,30507
0500000US19037,31574
0500000US19039,30181
0500000US19041,30109
0500000US19043,29261
0500000US19045,30652
0500000US19047,28789
0500000US19049,43120
0500000US19051,28739
0500000US19053,20577
0500000US19055,31331
0500000US19057,26580
0500000US19059,31194
0500000US19061,30044
0500000US19063,26767
0500000US19065,26288
0500000US19067,27429
0500000US19069,30289
0500000US19071,32643
0500000US19073,26795
0500000US19075,36396
0500000US19077,31155
0500000US19079,32408
0500000US19081,31848
0500000US19083,30218
0500000US19085,32019
0500000US19087,29894
0500000US19089,29845
0500000US19091,30527
0500000US19093,29776
0500000US19095,31660
0500000US19097,30949
0500000US19099,30841
0500000US19101,25128
0500000US19103,28190
0500000US19105,31388
0500000US19107,30379
0500000US19109,30793
0500000US19111,27804
0500000US19113,34878
0500000US19115,30488
0500000US19117,29072
0500000US19119,32119
0500000US19121,36293
0500000US19123,30435
0500000US19125,30916
0500000US19127,30035
0500000US19129,35694
0500000US19131,30757
0500000US19133,26740
0500000US19135,31789
0500000US19137,26750
0500000US19139,31151
0500000US19141,30568
0500000US19143,26997
0500000US19145,29172
0500000US19147,29352
0500000US19149,34581
0500000US19151,30786
0500000US19153,35121
0500000US19155,31657
0500000US19157,24258
0500000US19159,27585
0500000US19161,30292
0500000US19163,32582
0500000US19165,28962
0500000US19167,28100
0500000US19169,18959
0500000US19171,31113
0500000US19173,30590
0500000US19175,27422
0500000US19177,29712
0500000US19179,27318
0500000US19181,36543
0500000US19183,31092
0500000US19185,26887
0500000US19187,25615
0500000US19189,28874
0500000US19191,26460
0500000US19193,27239
0500000US19195,28517
0500000US19197,30756
0500000US20001,25646
0500000US20003,25293
0500000US20005,22017
0500000US20007,27108
0500000US20009,28279
0500000US20011,26848
0500000US20013,25713
0500000US20015,32507
0500000US20017,28795
0500000US20019,26601
0500000US20021,25779
0500000US20023,29716
0500000US20025,30946
0500000US20027,26769
0500000US20029,25279
0500000US20031,32099
0500000US20033,26003
0500000US20035,25125
0500000US20037,22103
0500000US20039,26469
0500000US20041,28483
0500000US20043,29082
0500000US20045,23536
0500000US20047,32917
0500000US20049,24359
0500000US20051,26126
0500000US20053,28852
0500000US20055,28267
0500000US20057,27242
0500000US20059,30920
0500000US20061,26989
0500000US20063,26883
0500000US20065,24028
0500000US20067,31160
0500000US20069,32488
0500000US20071,26461
0500000US20073,24739
0500000US20075,28207
0500000US20077,29658
0500000US20079,30423
0500000US20081,28177
0500000US20083,29639
0500000US20085,30713
0500000US20087,32418
0500000US20089,24936
0500000US20091,41164
0500000US20093,27166
0500000US20095,31042
0500000US20097,27216
0500000US20099,26581
0500000US20101,31152
0500000US20103,32497
0500000US20105,28263
0500000US20107,32443
0500000US20109,27063
0500000US20111,23432
0500000US20113,30364
0500000US20115,27381
0500000US20117,28485
0500000US20119,30738
0500000US20121,36150
0500000US20123,27510
0500000US20125,25663
0500000US20127,30210
0500000US20129,31431
0500000US20131,29703
0500000US20133,26358
0500000US20135,30095
0500000US20137,26715
0500000US20139,30754
0500000US20141,27247
0500000US20143,30885
0500000US20145,27053
0500000US20147,26643
0500000US20149,34233
0500000US20151,26386
0500000US20153,30239
0500000US20155,26619
0500000US20157,27440
0500000US20159,26702
0500000US20161,21773
0500000US20163,26093
0500000US20165,26042
0500000US20167,24423
0500000US20169,28522
0500000US20171,35013
0500000US20173,30805
0500000US20175,26980
0500000US20177,31417
0500000US20179,32443
0500000US20181,28670
0500000US20183,26040
0500000US20185,27236
0500000US20187,26705
0500000US20189,27750
0500000US20191,30848
0500000US20193,27085
0500000US20195,31534
0500000US20197,32252
0500000US20199,30804
0500000US20201,27752
0500000US20203,31357
0500000US20205,25798
0500000US20207,21759
0500000US20209,25609
0500000US21001,21503
0500000US21003,25876
0500000US21005,31060
0500000US21007,28590
0500000US21009,25051
0500000US21011,26130
0500000US21013,20556
0500000US21015,36231
0500000US21017,26897
0500000US21019,27132
0500000US21021,22924
0500000US21023,31261
0500000US21025,21468
0500000US21027,23292
0500000US21029,31306
0500000US21031,26578
0500000US21033,29264
0500000US21035,19986
0500000US21037,34606
0500000US21039,26875
0500000US21041,25552
0500000US21043,24306
0500000US21045,22104
0500000US21047,25759
0500000US21049,29520
0500000US21051,20537
0500000US21053,24669
0500000US21055,26291
0500000US21057,25621
0500000US21059,29120
0500000US21061,25728
0500000US21063,21984
0500000US21065,19822
0500000US21067,27103
0500000US21069,24936
0500000US21071,24313
0500000US21073,30524
0500000US21075,21181
0500000US21077,31061
0500000US21079,28909
0500000US21081,26511
0500000US21083,26118
0500000US21085,25318
0500000US21087,22321
0500000US21089,28826
0500000US21091,30132
0500000US21093,28714
0500000US21095,22267
0500000US21097,27113
0500000US21099,25548
0500000US21101,26825
0500000US21103,26888
0500000US21105,25271
0500000US21107,27665
0500000US21109,30033
0500000US21111,31032
0500000US21113,26303
0500000US21115,29796
0500000US21117,32286
0500000US21119,23672
0500000US21121,23194
0500000US21123,24288
0500000US21125,25700
0500000US21127,26734
0500000US21129,22837
0500000US21131,28611
0500000US21133,22660
0500000US21135,24709
0500000US21137,25963
0500000US21139,28839
0500000US21141,26233
0500000US21143,21742
0500000US21145,27724
0500000US21147,17364
0500000US21149,30371
0500000US21151,22558
0500000US21153,26735
0500000US21155,25209
0500000US21157,29212
0500000US21159,23254
0500000US21161,25313
0500000US21163,30456
0500000US21165,30364
0500000US21167,30073
0500000US21169,25369
0500000US21171,22675
0500000US21173,26204
0500000US21175,25311
0500000US21177,25400
0500000US21179,30095
0500000US21181,26639
0500000US21183,23523
0500000US21185,38902
0500000US21187,26749
0500000US21189,25147
0500000US21191,29582
0500000US21193,25706
0500000US21195,25605
0500000US21197,25096
0500000US21199,23489
0500000US21201,32670
0500000US21203,23062
0500000US21205,21400
0500000US21207,24032
0500000US21209,31898
0500000US21211,29400
0500000US21213,26785
0500000US21215,36133
0500000US21217,21500
0500000US21219,26535
0500000US21221,30650
0500000US21223,30643
0500000US21225,24433
0500000US21227,23718
0500000US21229,25340
0500000US21231,22185
0500000US21233,25955
0500000US21235,21391
0500000US21237,19612
0500000US21239,31161
0500000US22001,26406
0500000US22003,28045
0500000US22005,41075
0500000US22007,30135
0500000US22009,27020
0500000US22011,29524
0500000US22013,28911
0500000US22015,31827
0500000US22017,27694
0500000US22019,28239
0500000US22021,22170
0500000US22023,36963
0500000US22025,26006
0500000US22027,21733
0500000US22029,21675
0500000US22031,29065
0500000US22033,29753
0500000US22035,15724
0500000US22037,30600
0500000US22039,22170
0500000US22041,22092
0500000US22043,25127
0500000US22045,27193
0500000US22047,29482
0500000US22049,23918
0500000US22051,31326
0500000US22053,27460
0500000US22055,31208
0500000US22057,32166
0500000US22059,29306
0500000US22061,17418
0500000US22063,36189
0500000US22065,20912
0500000US22067,22486
0500000US22069,21936
0500000US22071,29130
0500000US22073,27196
0500000US22075,33122
0500000US22077,32815
0500000US22079,27191
0500000US22081,26868
0500000US22083,22326
0500000US22085,28782
0500000US22087,29590
0500000US22089,36089
0500000US22091,21265
0500000US22093,31969
0500000US22095,31858
0500000US22097,25335
0500000US22099,27945
0500000US22101,29491
0500000US22103,33777
0500000US22105,26758
0500000US22107,17286
0500000US22109,30498
0500000US22111,28254
0500000US22113,30518
0500000US22115,28949
0500000US22117,24456
0500000US22119,22731
0500000US22121,35131
0500000US22123,25910
0500000US22125,28949
0500000US22127,25038
0500000US23001,30161
0500000US23003,25936
0500000US23005,32783
0500000US23007,23957
0500000US23009,26582
0500000US23011,29910
0500000US23013,26873
0500000US23015,26749
0500000US23017,24775
0500000US23019,26498
0500000US23021,25726
0500000US23023,31318
0500000US23025,26081
0500000US23027,26126
0500000US23029,23545
0500000US23031,31372
0500000US24001,24428
0500000US24003,45777
0500000US24005,40562
0500000US24009,47943
0500000US24011,28193
0500000US24013,41781
0500000US24015,38264
0500000US24017,49185
0500000US24019,29794
0500000US24021,42480
0500000US24023,24745
0500000US24025,41900
0500000US24027,56879
0500000US24029,27175
0500000US24031,48266
0500000US24033,38361
0500000US24035,40994
0500000US24037,46184
0500000US24039,21387
0500000US24041,32053
0500000US24043,32430
0500000US24045,27847
0500000US24047,29752
0500000US24510,32210
0500000US25001,33683
0500000US25003,30261
0500000US25005,35222
0500000US25007,37827
0500000US25009,37435
0500000US25011,32404
0500000US25013,32030
0500000US25015,25670
0500000US25017,45109
0500000US25019,37349
0500000US25021,47353
0500000US25023,38994
0500000US25025,35045
0500000US25027,37697
0500000US26001,21816
0500000US26003,23105
0500000US26005,31223
0500000US26007,23851
0500000US26009,24518
0500000US26011,24440
0500000US26013,25335
0500000US26015,31286
0500000US26017,27231
0500000US26019,24804
0500000US26021,27330
0500000US26023,26605
0500000US26025,27020
0500000US26027,28716
0500000US26029,25384
0500000US26031,21310
0500000US26033,20685
0500000US26035,21638
0500000US26037,33641
0500000US26039,23187
0500000US26041,25762
0500000US26043,27120
0500000US26045,31432
0500000US26047,25594
0500000US26049,26075
0500000US26051,24418
0500000US26053,20996
0500000US26055,26884
0500000US26057,25328
0500000US26059,25969
0500000US26061,18372
0500000US26063,26397
0500000US26065,21900
0500000US26067,27278
0500000US26069,21279
0500000US26071,22936
0500000US26073,13686
0500000US26075,28245
0500000US26077,25580
0500000US26079,24904
0500000US26081,29306
0500000US26083,22443
0500000US26085,20211
0500000US26087,28513
0500000US26089,25928
0500000US26091,26310
0500000US26093,38196
0500000US26095,21449
0500000US26097,22210
0500000US26099,32018
0500000US26101,23664
0500000US26103,22722
0500000US26105,23694
0500000US26107,19116
0500000US26109,26538
0500000US26111,30352
0500000US26113,24438
0500000US26115,32062
0500000US26117,25829
0500000US26119,20438
0500000US26121,25619
0500000US26123,26174
0500000US26125,39673
0500000US26127,22836
0500000US26129,22497
0500000US26131,22560
0500000US26133,24750
0500000US26135,19462
0500000US26137,26373
0500000US26139,28299
0500000US26141,22725
0500000US26143,20528
0500000US26145,25349
0500000US26147,27442
0500000US26149,27032
0500000US26151,25254
0500000US26153,22704
0500000US26155,28759
0500000US26157,25047
0500000US26159,26967
0500000US26161,28892
0500000US26163,27692
0500000US26165,24371
0500000US27001,25643
0500000US27003,39356
0500000US27005,30251
0500000US27007,24003
0500000US27009,31055
0500000US27011,30619
0500000US27013,24751
0500000US27015,29654
0500000US27017,30754
0500000US27019,43571
0500000US27021,26196
0500000US27023,28523
0500000US27025,36604
0500000US27027,30871
0500000US27029,27334
0500000US27031,26894
0500000US27033,27782
0500000US27035,28309
0500000US27037,40884
0500000US27039,36963
0500000US27041,30996
0500000US27043,29931
0500000US27045,31288
0500000US27047,29306
0500000US27049,33695
0500000US27051,30613
0500000US27053,38608
0500000US27055,31667
0500000US27057,26391
0500000US27059,32759
0500000US27061,27072
0500000US27063,31113
0500000US27065,28087
0500000US27067,28837
0500000US27069,30229
0500000US27071,27611
0500000US27073,29394
0500000US27075,35740
0500000US27077,26662
0500000US27079,33374
0500000US27081,30362
0500000US27083,29264
0500000US27085,31707
0500000US27087,26034
0500000US27089,31751
0500000US27091,30012
0500000US27093,31888
0500000US27095,29689
0500000US27097,30329
0500000US27099,30855
0500000US27101,30290
0500000US27103,30809
0500000US27105,28639
0500000US27107,30088
0500000US27109,38063
0500000US27111,30302
0500000US27113,30555
0500000US27115,25241
0500000US27117,28904
0500000US27119,30374
0500000US27121,30909
0500000US27123,32126
0500000US27125,30779
0500000US27127,28578
0500000US27129,31575
0500000US27131,26689
0500000US27133,30847
0500000US27135,31872
0500000US27137,26929
0500000US27139,43595
0500000US27141,37048
0500000US27143,31965
0500000US27145,28574
0500000US27147,34611
0500000US27149,24479
0500000US27151,30621
0500000US27153,27965
0500000US27155,30465
0500000US27157,34383
0500000US27159,24723
0500000US27161,29514
0500000US27163,42412
0500000US27165,29174
0500000US27167,32041
0500000US27169,24134
0500000US27171,38621
0500000US27173,29471
0500000US28001,25998
0500000US28003,25045
0500000US28005,22183
0500000US28007,22028
0500000US28009,30233
0500000US28011,22024
0500000US28013,23225
0500000US28015,30491
0500000US28017,23406
0500000US28019,25613
0500000US28021,16653
0500000US28023,27273
0500000US28025,24297
0500000US28027,21469
0500000US28029,22334
0500000US28031,23802
0500000US28033,34223
0500000US28035,20553
0500000US28037,30629
0500000US28039,30388
0500000US28041,25059
0500000US28043,23188
0500000US28045,28389
0500000US28047,26082
0500000US28049,26039
0500000US28051,21431
0500000US28053,18912
0500000US28055,20000
0500000US28057,26859
0500000US28059,30744
0500000US28061,27307
0500000US28063,21227
0500000US28065,20943
0500000US28067,26546
0500000US28069,20192
0500000US28071,20824
0500000US28073,30446
0500000US28075,24856
0500000US28077,27335
0500000US28079,24137
0500000US28081,26906
0500000US28083,26094
0500000US28085,26553
0500000US28087,26280
0500000US28089,37684
0500000US28091,22070
0500000US28093,30868
0500000US28095,26902
0500000US28097,26085
0500000US28099,24730
0500000US28101,26056
0500000US28103,20803
0500000US28105,16806
0500000US28107,27831
0500000US28109,28162
0500000US28111,23332
0500000US28113,24377
0500000US28115,25990
0500000US28117,21811
0500000US28119,21373
0500000US28121,35082
0500000US28123,21063
0500000US28125,21802
0500000US28127,26855
0500000US28129,25555
0500000US28131,23830
0500000US28133,21695
0500000US28135,25374
0500000US28137,27187
0500000US28139,27479
0500000US28141,24426
0500000US28143,25725
0500000US28145,26076
0500000US28147,22442
0500000US28149,27681
0500000US28151,24361
0500000US28153,25435
0500000US28155,28143
0500000US28157,26194
0500000US28159,24193
0500000US28161,26120
0500000US28163,21462
0500000US29001,18017
0500000US29003,31592
0500000US29005,27402
0500000US29007,25527
0500000US29009,23211
0500000US29011,25952
0500000US29013,25578
0500000US29015,21815
0500000US29017,27492
0500000US29019,26226
0500000US29021,26110
0500000US29023,24127
0500000US29025,30749
0500000US29027,29301
0500000US29029,21568
0500000US29031,26454
0500000US29033,23899
0500000US29035,23993
0500000US29037,34994
0500000US29039,22097
0500000US29041,25550
0500000US29043,30548
0500000US29045,26135
0500000US29047,34706
0500000US29049,32137
0500000US29051,31830
0500000US29053,28884
0500000US29055,22243
0500000US29057,21153
0500000US29059,25786
0500000US29061,28129
0500000US29063,28716
0500000US29065,25068
0500000US29067,19274
0500000US29069,24291
0500000US29071,30316
0500000US29073,24974
0500000US29075,24429
0500000US29077,25258
0500000US29079,27461
0500000US29081,25229
0500000US29083,26334
0500000US29085,20006
0500000US29087,26989
0500000US29089,25269
0500000US29091,23064
0500000US29093,22268
0500000US29095,31414
0500000US29097,26163
0500000US29099,31568
0500000US29101,22851
0500000US29103,25660
0500000US29105,24950
0500000US29107,29174
0500000US29109,25334
0500000US29111,22747
0500000US29113,29845
0500000US29115,26341
0500000US29117,26744
0500000US29119,26642
0500000US29121,24200
0500000US29123,22740
0500000US29125,24773
0500000US29127,25164
0500000US29129,26207
0500000US29131,24592
0500000US29133,20498
0500000US29135,29205
0500000US29137,24801
0500000US29139,26640
0500000US29141,21870
0500000US29143,24123
0500000US29145,26046
0500000US29147,16384
0500000US29149,23893
0500000US29151,30905
0500000US29153,23262
0500000US29155,24061
0500000US29157,30841
0500000US29159,22840
0500000US29161,23798
0500000US29163,26159
0500000US29165,39891
0500000US29167,22558
0500000US29169,20789
0500000US29171,26466
0500000US29173,27803
0500000US29175,25550
0500000US29177,30946
0500000US29179,21938
0500000US29181,20396
0500000US29183,38906
0500000US29185,19789
0500000US29186,28982
0500000US29187,25071
0500000US29189,35000
0500000US29195,24201
0500000US29197,22254
0500000US29199,25748
0500000US29201,25853
0500000US29203,20939
0500000US29205,25354
0500000US29207,26235
0500000US29209,23498
0500000US29211,26427
0500000US29213,20790
0500000US29215,22767
0500000US29217,23179
0500000US29219,29279
0500000US29221,22180
0500000US29223,21289
0500000US29225,26768
0500000US29227,26496
0500000US29229,21876
0500000US29510,28156
0500000US30001,20920
0500000US30003,26245
0500000US30005,22053
0500000US30007,26318
0500000US30009,27407
0500000US30011,27198
0500000US30013,26648
0500000US30015,23289
0500000US30017,27946
0500000US30019,30123
0500000US30021,30017
0500000US30023,22218
0500000US30025,34815
0500000US30027,24810
0500000US30029,26030
0500000US30031,26184
0500000US30033,26523
0500000US30035,22644
0500000US30037,25972
0500000US30039,22016
0500000US30041,24445
0500000US30043,31677
0500000US30045,28169
0500000US30047,22391
0500000US30049,31702
0500000US30051,23890
0500000US30053,21724
0500000US30055,31368
0500000US30057,22504
0500000US30059,16827
0500000US30061,17391
0500000US30063,23286
0500000US30065,26260
0500000US30067,25940
0500000US30069,30054
0500000US30071,23097
0500000US30073,21848
0500000US30075,30168
0500000US30077,22769
0500000US30079,29500
0500000US30081,21830
0500000US30083,32687
0500000US30085,27806
0500000US30087,30722
0500000US30089,20830
0500000US30091,30252
0500000US30093,23916
0500000US30095,30000
0500000US30097,25822
0500000US30099,26287
0500000US30101,22932
0500000US30103,22784
0500000US30105,27348
0500000US30107,22161
0500000US30109,30724
0500000US30111,30705
0500000US31001,27742
0500000US31003,26849
0500000US31005,24583
0500000US31007,25185
0500000US31009,28333
0500000US31011,30135
0500000US31013,32437
0500000US31015,26304
0500000US31017,28376
0500000US31019,26033
0500000US31021,29963
0500000US31023,31865
0500000US31025,34315
0500000US31027,29942
0500000US31029,30574
0500000US31031,26770
0500000US31033,33824
0500000US31035,28722
0500000US31037,28776
0500000US31039,29629
0500000US31041,30111
0500000US31043,26421
0500000US31045,20025
0500000US31047,26696
0500000US31049,27150
0500000US31051,29460
0500000US31053,27790
0500000US31055,32159
0500000US31057,27946
0500000US31059,30277
0500000US31061,26875
0500000US31063,28102
0500000US31065,25695
0500000US31067,29199
0500000US31069,24806
0500000US31071,25647
0500000US31073,31222
0500000US31075,21648
0500000US31077,30151
0500000US31079,27303
0500000US31081,33568
0500000US31083,27210
0500000US31085,29286
0500000US31087,25542
0500000US31089,30007
0500000US31091,22946
0500000US31093,31738
0500000US31095,27054
0500000US31097,23471
0500000US31099,31331
0500000US31101,27415
0500000US31103,26773
0500000US31105,22758
0500000US31107,27344
0500000US31109,28206
0500000US31111,28816
0500000US31113,30000
0500000US31115,27868
0500000US31117,32188
0500000US31119,27597
0500000US31121,28103
0500000US31123,26715
0500000US31125,29960
0500000US31127,27867
0500000US31129,27482
0500000US31131,31279
0500000US31133,27029
0500000US31135,32092
0500000US31137,29919
0500000US31139,31010
0500000US31141,31008
0500000US31143,31553
0500000US31145,25318
0500000US31147,31388
0500000US31149,27974
0500000US31151,29621
0500000US31153,36924
0500000US31155,33964
0500000US31157,26267
0500000US31159,28687
0500000US31161,26412
0500000US31163,26614
0500000US31165,28854
0500000US31167,30884
0500000US31169,29555
0500000US31171,27361
0500000US31173,25431
0500000US31175,26928
0500000US31177,36174
0500000US31179,21324
0500000US31181,26259
0500000US31183,26192
0500000US31185,26558
0500000US32001,27162
0500000US32003,30754
0500000US32005,31731
0500000US32007,39131
0500000US32009,26818
0500000US32011,50223
0500000US32013,34063
0500000US32015,46976
0500000US32017,27560
0500000US32019,28514
0500000US32021,29483
0500000US32023,25177
0500000US32027,29219
0500000US32029,45817
0500000US32031,30338
0500000US32033,33961
0500000US32510,28846
0500000US33001,32493
0500000US33003,30249
0500000US33005,30206
0500000US33007,26396
0500000US33009,29759
0500000US33011,38298
0500000US33013,35954
0500000US33015,41375
0500000US33017,30234
0500000US33019,35404
0500000US34001,30062
0500000US34003,47255
0500000US34005,41976
0500000US34007,35961
0500000US34009,30593
0500000US34011,25510
0500000US34013,34605
0500000US34015,41479
0500000US34017,37296
0500000US34019,52260
0500000US34021,36302
0500000US34023,42403
0500000US34025,43607
0500000US34027,51215
0500000US34029,35350
0500000US34031,32843
0500000US34033,36652
0500000US34035,51239
0500000US34037,42018
0500000US34039,36355
0500000US34041,39207
0500000US35001,29497
0500000US35003,21042
0500000US35005,24250
0500000US35006,21816
0500000US35007,21717
0500000US35009,25195
0500000US35011,24932
0500000US35013,19823
0500000US35015,34778
0500000US35017,24311
0500000US35019,19260
0500000US35021,15521
0500000US35023,20429
0500000US35025,32219
0500000US35027,22140
0500000US35028,63010
0500000US35029,16255
0500000US35031,20522
0500000US35033,18298
0500000US35035,21564
0500000US35037,20806
0500000US35039,27045
0500000US35041,19907
0500000US35043,32949
0500000US35045,27273
0500000US35047,22951
0500000US35049,31072
0500000US35051,19270
0500000US35053,19365
0500000US35055,22297
0500000US35057,23631
0500000US35059,23491
0500000US35061,26076
0500000US36001,34930
0500000US36003,21231
0500000US36005,25985
0500000US36007,26288
0500000US36009,27423
0500000US36011,31022
0500000US36013,25354
0500000US36015,30449
0500000US36017,29095
0500000US36019,27272
0500000US36021,35041
0500000US36023,26021
0500000US36025,25299
0500000US36027,33392
0500000US36029,32057
0500000US36031,27253
0500000US36033,30395
0500000US36035,29974
0500000US36037,30271
0500000US36039,31237
0500000US36041,27315
0500000US36043,29809
0500000US36045,27307
0500000US36047,33846
0500000US36049,31894
0500000US36051,27887
0500000US36053,31033
0500000US36055,31538
0500000US36057,27504
0500000US36059,45163
0500000US36061,54658
0500000US36063,31270
0500000US36065,30106
0500000US36067,32833
0500000US36069,31499
0500000US36071,35502
0500000US36073,28951
0500000US36075,26595
0500000US36077,22460
0500000US36079,43786
0500000US36081,33111
0500000US36083,35792
0500000US36085,43227
0500000US36087,38012
0500000US36089,25135
0500000US36091,40579
0500000US36093,31682
0500000US36095,27589
0500000US36097,27685
0500000US36099,27261
0500000US36101,29385
0500000US36103,41077
0500000US36105,29796
0500000US36107,32268
0500000US36109,26241
0500000US36111,31649
0500000US36113,30404
0500000US36115,28399
0500000US36117,30532
0500000US36119,43379
0500000US36121,31119
0500000US36123,24598
0500000US37001,27079
0500000US37003,26296
0500000US37005,21179
0500000US37007,24887
0500000US37009,22254
0500000US37011,21517
0500000US37013,27021
0500000US37015,23701
0500000US37017,26464
0500000US37019,24553
0500000US37021,27388
0500000US37023,25833
0500000US37025,32060
0500000US37027,25802
0500000US37029,37737
0500000US37031,27390
0500000US37033,26390
0500000US37035,27483
0500000US37037,31431
0500000US37039,22419
0500000US37041,26069
0500000US37043,22974
0500000US37045,26615
0500000US37047,26407
0500000US37049,26635
0500000US37051,27630
0500000US37053,32383
0500000US37055,27659
0500000US37057,29576
0500000US37059,30480
0500000US37061,21575
0500000US37063,32224
0500000US37065,23876
0500000US37067,29238
0500000US37069,28458
0500000US37071,28543
0500000US37073,31488
0500000US37075,22699
0500000US37077,31318
0500000US37079,23512
0500000US37081,29108
0500000US37083,24297
0500000US37085,30358
0500000US37087,27748
0500000US37089,27476
0500000US37091,22319
0500000US37093,27883
0500000US37095,23281
0500000US37097,30929
0500000US37099,21186
0500000US37101,30415
0500000US37103,25817
0500000US37105,26360
0500000US37107,23859
0500000US37109,31376
0500000US37111,25525
0500000US37113,23423
0500000US37115,24396
0500000US37117,25899
0500000US37119,33700
0500000US37121,26033
0500000US37123,25242
0500000US37125,30791
0500000US37127,26520
0500000US37129,27535
0500000US37131,23714
0500000US37133,25602
0500000US37135,28840
0500000US37137,25402
0500000US37139,26898
0500000US37141,26539
0500000US37143,30635
0500000US37145,28038
0500000US37147,25364
0500000US37149,25389
0500000US37151,28075
0500000US37153,23934
0500000US37155,23988
0500000US37157,26553
0500000US37159,27253
0500000US37161,25013
0500000US37163,22364
0500000US37165,23986
0500000US37167,27409
0500000US37169,29490
0500000US37171,26546
0500000US37173,26170
0500000US37175,21859
0500000US37177,22447
0500000US37179,33298
0500000US37181,23851
0500000US37183,37634
0500000US37185,25180
0500000US37187,22080
0500000US37189,13632
0500000US37191,25827
0500000US37193,24776
0500000US37195,26317
0500000US37197,28218
0500000US37199,26847
0500000US38001,30689
0500000US38003,31883
0500000US38005,26975
0500000US38007,39856
0500000US38009,31507
0500000US38011,39149
0500000US38013,40635
0500000US38015,37161
0500000US38017,31186
0500000US38019,37837
0500000US38021,26497
0500000US38023,34057
0500000US38025,35625
0500000US38027,32232
0500000US38029,30503
0500000US38031,35981
0500000US38033,29085
0500000US38035,26304
0500000US38037,29821
0500000US38039,30508
0500000US38041,30579
0500000US38043,33696
0500000US38045,32147
0500000US38047,31325
0500000US38049,38425
0500000US38051,30032
0500000US38053,38221
0500000US38055,35294
0500000US38057,38137
0500000US38059,37090
0500000US38061,36586
0500000US38063,31423
0500000US38065,39856
0500000US38067,32224
0500000US38069,27008
0500000US38071,30262
0500000US38073,34254
0500000US38075,40313
0500000US38077,29652
0500000US38079,30817
0500000US38081,36419
0500000US38083,30720
0500000US38085,28984
0500000US38087,30524
0500000US38089,40520
0500000US38091,35774
0500000US38093,32424
0500000US38095,38077
0500000US38097,33953
0500000US38099,31257
0500000US38101,33075
0500000US38103,31125
0500000US38105,44561
0500000US39001,24702
0500000US39003,25535
0500000US39005,26137
0500000US39007,26514
0500000US39009,12057
0500000US39011,31858
0500000US39013,25542
0500000US39015,29162
0500000US39017,31293
0500000US39019,27481
0500000US39021,29995
0500000US39023,26756
0500000US39025,33364
0500000US39027,28527
0500000US39029,26045
0500000US39031,26248
0500000US39033,26125
0500000US39035,31039
0500000US39037,28364
0500000US39039,28483
0500000US39041,47466
0500000US39043,28175
0500000US39045,32512
0500000US39047,29133
0500000US39049,32005
0500000US39051,30604
0500000US39053,26419
0500000US39055,37182
0500000US39057,31568
0500000US39059,26529
0500000US39061,31395
0500000US39063,30602
0500000US39065,22644
0500000US39067,28566
0500000US39069,31807
0500000US39071,26051
0500000US39073,26564
0500000US39075,25642
0500000US39077,27498
0500000US39079,28822
0500000US39081,26206
0500000US39083,25567
0500000US39085,34738
0500000US39087,27817
0500000US39089,30616
0500000US39091,30632
0500000US39093,30332
0500000US39095,27629
0500000US39097,31274
0500000US39099,25871
0500000US39101,27418
0500000US39103,35442
0500000US39105,26359
0500000US39107,31211
0500000US39109,31103
0500000US39111,23117
0500000US39113,28405
0500000US39115,25223
0500000US39117,29544
0500000US39119,26938
0500000US39121,17368
0500000US39123,30773
0500000US39125,28934
0500000US39127,26996
0500000US39129,30263
0500000US39131,28544
0500000US39133,25778
0500000US39135,29157
0500000US39137,31876
0500000US39139,25805
0500000US39141,30183
0500000US39143,30068
0500000US39145,27418
0500000US39147,26828
0500000US39149,31989
0500000US39151,28266
0500000US39153,31424
0500000US39155,27693
0500000US39157,27674
0500000US39159,37048
0500000US39161,30034
0500000US39163,26800
0500000US39165,41510
0500000US39167,27527
0500000US39169,27930
0500000US39171,27929
0500000US39173,26735
0500000US39175,31590
0500000US40001,24099
0500000US40003,25210
0500000US40005,25045
0500000US40007,31150
0500000US40009,31191
0500000US40011,25907
0500000US40013,26436
0500000US40015,27301
0500000US40017,33964
0500000US40019,28752
0500000US40021,23440
0500000US40023,25376
0500000US40025,32078
0500000US40027,30539
0500000US40029,27275
0500000US40031,25925
0500000US40033,29026
0500000US40035,24098
0500000US40037,31544
0500000US40039,25871
0500000US40041,23758
0500000US40043,30300
0500000US40045,31981
0500000US40047,27419
0500000US40049,31323
0500000US40051,31419
0500000US40053,35168
0500000US40055,23310
0500000US40057,21408
0500000US40059,27788
0500000US40061,23914
0500000US40063,22159
0500000US40065,26370
0500000US40067,23750
0500000US40069,25832
0500000US40071,25922
0500000US40073,32457
0500000US40075,26495
0500000US40077,27144
0500000US40079,25916
0500000US40081,28733
0500000US40083,30400
0500000US40085,27042
0500000US40087,32711
0500000US40089,25475
0500000US40091,26055
0500000US40093,31291
0500000US40095,26541
0500000US40097,27221
0500000US40099,30706
0500000US40101,25900
0500000US40103,31382
0500000US40105,29104
0500000US40107,25913
0500000US40109,29359
0500000US40111,26389
0500000US40113,31758
0500000US40115,22892
0500000US40117,31025
0500000US40119,20154
0500000US40121,27349
0500000US40123,27426
0500000US40125,25749
0500000US40127,25776
0500000US40129,31654
0500000US40131,33129
0500000US40133,24949
0500000US40135,24418
0500000US40137,27214
0500000US40139,28564
0500000US40141,26250
0500000US40143,30885
0500000US40145,32070
0500000US40147,29664
0500000US40149,32054
0500000US40151,23458
0500000US40153,30755
0500000US41001,25427
0500000US41003,21537
0500000US41005,36103
0500000US41007,25833
0500000US41009,31286
0500000US41011,22299
0500000US41013,23963
0500000US41015,21638
0500000US41017,28845
0500000US41019,24629
0500000US41021,31003
0500000US41023,24979
0500000US41025,21091
0500000US41027,26323
0500000US41029,24709
0500000US41031,25085
0500000US41033,22131
0500000US41035,24502
0500000US41037,22051
0500000US41039,23758
0500000US41041,22982
0500000US41043,27009
0500000US41045,21411
0500000US41047,25641
0500000US41049,29620
0500000US41051,31529
0500000US41053,26846
0500000US41055,24932
0500000US41057,25496
0500000US41059,24775
0500000US41061,23350
0500000US41063,24366
0500000US41065,26252
0500000US41067,35767
0500000US41069,25078
0500000US41071,26948
0500000US42001,30299
0500000US42003,34050
0500000US42005,30104
0500000US42007,31723
0500000US42009,27160
0500000US42011,31410
0500000US42013,27226
0500000US42015,30867
0500000US42017,41385
0500000US42019,35245
0500000US42021,27144
0500000US42023,27828
0500000US42025,30228
0500000US42027,23615
0500000US42029,42832
0500000US42031,24961
0500000US42033,25421
0500000US42035,24459
0500000US42037,29062
0500000US42039,26317
0500000US42041,33293
0500000US42043,33063
0500000US42045,36399
0500000US42047,31343
0500000US42049,27170
0500000US42051,27922
0500000US42053,14369
0500000US42055,32022
0500000US42057,30374
0500000US42059,27905
0500000US42061,26078
0500000US42063,22256
0500000US42065,27776
0500000US42067,30213
0500000US42069,29318
0500000US42071,31177
0500000US42073,29677
0500000US42075,31200
0500000US42077,31598
0500000US42079,29889
0500000US42081,28113
0500000US42083,27175
0500000US42085,25573
0500000US42087,26676
0500000US42089,29788
0500000US42091,42754
0500000US42093,33129
0500000US42095,32248
0500000US42097,29058
0500000US42099,33397
0500000US42101,30173
0500000US42103,30315
0500000US42105,26449
0500000US42107,30799
0500000US42109,26297
0500000US42111,26957
0500000US42113,28462
0500000US42115,28839
0500000US42117,27307
0500000US42119,22416
0500000US42121,26579
0500000US42123,27186
0500000US42125,32713
0500000US42127,27309
0500000US42129,32234
0500000US42131,28937
0500000US42133,32979
0500000US44001,37235
0500000US44003,37890
0500000US44005,36718
0500000US44007,31241
0500000US44009,34611
0500000US45001,24485
0500000US45003,28992
0500000US45005,21451
0500000US45007,28346
0500000US45009,25959
0500000US45011,28763
0500000US45013,27708
0500000US45015,31188
0500000US45017,30324
0500000US45019,31455
0500000US45021,25635
0500000US45023,26563
0500000US45025,25760
0500000US45027,23360
0500000US45029,25137
0500000US45031,25070
0500000US45033,21407
0500000US45035,31607
0500000US45037,25969
0500000US45039,24727
0500000US45041,27655
0500000US45043,24597
0500000US45045,30782
0500000US45047,23217
0500000US45049,25219
0500000US45051,23374
0500000US45053,21617
0500000US45055,30275
0500000US45057,29508
0500000US45059,23752
0500000US45061,22892
0500000US45063,31949
0500000US45065,22934
0500000US45067,22304
0500000US45069,22404
0500000US45071,26223
0500000US45073,24526
0500000US45075,22503
0500000US45077,22449
0500000US45079,26623
0500000US45081,26651
0500000US45083,27290
0500000US45085,25235
0500000US45087,25093
0500000US45089,21832
0500000US45091,32481
0500000US46003,30430
0500000US46005,28668
0500000US46007,26424
0500000US46009,24976
0500000US46011,21239
0500000US46013,31176
0500000US46015,28426
0500000US46017,18814
0500000US46019,28229
0500000US46021,30984
0500000US46023,24596
0500000US46025,25440
0500000US46027,11665
0500000US46029,29959
0500000US46031,22615
0500000US46033,30530
0500000US46035,28459
0500000US46037,26020
0500000US46039,30368
0500000US46041,26750
0500000US46043,28542
0500000US46045,32106
0500000US46047,26426
0500000US46049,26753
0500000US46051,29803
0500000US46053,26008
0500000US46055,25568
0500000US46057,30629
0500000US46059,32143
0500000US46061,30248
0500000US46063,25481
0500000US46065,35649
0500000US46067,26974
0500000US46069,31354
0500000US46071,25104
0500000US46073,28977
0500000US46075,22446
0500000US46077,32865
0500000US46079,26523
0500000US46081,25631
0500000US46083,37078
0500000US46085,24556
0500000US46087,31892
0500000US46089,22321
0500000US46091,29085
0500000US46093,28621
0500000US46095,21884
0500000US46097,27172
0500000US46099,31399
0500000US46101,28991
0500000US46102,19947
0500000US46103,26957
0500000US46105,27704
0500000US46107,27781
0500000US46109,25924
0500000US46111,27708
0500000US46115,30074
0500000US46117,31775
0500000US46119,35995
0500000US46121,21593
0500000US46123,27168
0500000US46125,31918
0500000US46127,36106
0500000US46129,27285
0500000US46135,26159
0500000US46137,24129
0500000US47001,27717
0500000US47003,25366
0500000US47005,24497
0500000US47007,23674
0500000US47009,27137
0500000US47011,26168
0500000US47013,25102
0500000US47015,24596
0500000US47017,25193
0500000US47019,22801
0500000US47021,31384
0500000US47023,28019
0500000US47025,24736
0500000US47027,21783
0500000US47029,21404
0500000US47031,26759
0500000US47033,27094
0500000US47035,24610
0500000US47037,30620
0500000US47039,27120
0500000US47041,26999
0500000US47043,30072
0500000US47045,27294
0500000US47047,34351
0500000US47049,19794
0500000US47051,25525
0500000US47053,26646
0500000US47055,25897
0500000US47057,26163
0500000US47059,24805
0500000US47061,20377
0500000US47063,25594
0500000US47065,29925
0500000US47067,23564
0500000US47069,25238
0500000US47071,24850
0500000US47073,25335
0500000US47075,25922
0500000US47077,26506
0500000US47079,25279
0500000US47081,24273
0500000US47083,23347
0500000US47085,26924
0500000US47087,22408
0500000US47089,24610
0500000US47091,19957
0500000US47093,30011
0500000US47095,22530
0500000US47097,24880
0500000US47099,26039
0500000US47101,23544
0500000US47103,26777
0500000US47105,27688
0500000US47107,24583
0500000US47109,25140
0500000US47111,25973
0500000US47113,28438
0500000US47115,27092
0500000US47117,27726
0500000US47119,30069
0500000US47121,28974
0500000US47123,26621
0500000US47125,30041
0500000US47127,30778
0500000US47129,24429
0500000US47131,24670
0500000US47133,25533
0500000US47135,22289
0500000US47137,20817
0500000US47139,29333
0500000US47141,24495
0500000US47143,23603
0500000US47145,26285
0500000US47147,31481
0500000US47149,31523
0500000US47151,22984
0500000US47153,27328
0500000US47155,23519
0500000US47157,29304
0500000US47159,30855
0500000US47161,25884
0500000US47163,25981
0500000US47165,31990
0500000US47167,30844
0500000US47169,26741
0500000US47171,25282
0500000US47173,27984
0500000US47175,25302
0500000US47177,24438
0500000US47179,25565
0500000US47181,23771
0500000US47183,22593
0500000US47185,23085
0500000US47187,46550
0500000US47189,35493
0500000US48001,26612
0500000US48003,37941
0500000US48005,24879
0500000US48007,23357
0500000US48009,33653
0500000US48011,37220
0500000US48013,27602
0500000US48015,32117
0500000US48017,22411
0500000US48019,28180
0500000US48021,31112
0500000US48023,31069
0500000US48025,23959
0500000US48027,28559
0500000US48029,28057
0500000US48031,26997
0500000US48033,45242
0500000US48035,26004
0500000US48037,27104
0500000US48039,41065
0500000US48041,20981
0500000US48043,25124
0500000US48045,28456
0500000US48047,16353
0500000US48049,26970
0500000US48051,32102
0500000US48053,26750
0500000US48055,25631
0500000US48057,30850
0500000US48059,31149
0500000US48061,21285
0500000US48063,24656
0500000US48065,35902
0500000US48067,28692
0500000US48069,25641
0500000US48071,41598
0500000US48073,24940
0500000US48075,25973
0500000US48077,26619
0500000US48079,29000
0500000US48081,27317
0500000US48083,29359
0500000US48085,46394
0500000US48087,22069
0500000US48089,30202
0500000US48091,33523
0500000US48093,26753
0500000US48095,24050
0500000US48097,29447
0500000US48099,27096
0500000US48101,20927
0500000US48103,32708
0500000US48105,32313
0500000US48107,25447
0500000US48109,16448
0500000US48111,24771
0500000US48113,30287
0500000US48115,29985
0500000US48117,26291
0500000US48119,24976
0500000US48121,40015
0500000US48123,27832
0500000US48125,25054
0500000US48127,19415
0500000US48129,21362
0500000US48131,21702
0500000US48133,22402
0500000US48135,31941
0500000US48137,25515
0500000US48139,34173
0500000US48141,23948
0500000US48143,22044
0500000US48145,23072
0500000US48147,26818
0500000US48149,30508
0500000US48151,27787
0500000US48153,27471
0500000US48155,25700
0500000US48157,44225
0500000US48159,23256
0500000US48161,30053
0500000US48163,19229
0500000US48165,31324
0500000US48167,35501
0500000US48169,27643
0500000US48171,25366
0500000US48173,32314
0500000US48175,32809
0500000US48177,26011
0500000US48179,30311
0500000US48181,28539
0500000US48183,26131
0500000US48185,29169
0500000US48187,33708
0500000US48189,26628
0500000US48191,17387
0500000US48193,27927
0500000US48195,29484
0500000US48197,21409
0500000US48199,35584
0500000US48201,31414
0500000US48203,29200
0500000US48205,35308
0500000US48207,22699
0500000US48209,27019
0500000US48211,31621
0500000US48213,25411
0500000US48215,20574
0500000US48217,25371
0500000US48219,27518
0500000US48221,32320
0500000US48223,26264
0500000US48225,22596
0500000US48227,27391
0500000US48229,18081
0500000US48231,26044
0500000US48233,27671
0500000US48235,38152
0500000US48237,30707
0500000US48239,31156
0500000US48241,27246
0500000US48243,26103
0500000US48245,29114
0500000US48247,21151
0500000US48249,26575
0500000US48251,35312
0500000US48253,23696
0500000US48255,30950
0500000US48257,33475
0500000US48259,34129
0500000US48261,23917
0500000US48263,28487
0500000US48265,24029
0500000US48267,23585
0500000US48269,31563
0500000US48271,20903
0500000US48273,20679
0500000US48275,25037
0500000US48277,26443
0500000US48279,25238
0500000US48281,26865
0500000US48283,28243
0500000US48285,29231
0500000US48287,30138
0500000US48289,28035
0500000US48291,32304
0500000US48293,24127
0500000US48295,32361
0500000US48297,26384
0500000US48299,23704
0500000US48301,40625
0500000US48303,24335
0500000US48305,26814
0500000US48307,25199
0500000US48309,25067
0500000US48311,22273
0500000US48313,25495
0500000US48315,25879
0500000US48317,28033
0500000US48319,20217
0500000US48321,26086
0500000US48323,20566
0500000US48325,27381
0500000US48327,25089
0500000US48329,39059
0500000US48331,26770
0500000US48333,26408
0500000US48335,32302
0500000US48337,27238
0500000US48339,38298
0500000US48341,27743
0500000US48343,27349
0500000US48345,22413
0500000US48347,21908
0500000US48349,25124
0500000US48351,22033
0500000US48353,25404
0500000US48355,28026
0500000US48357,27165
0500000US48359,28833
0500000US48361,31427
0500000US48363,25264
0500000US48365,29390
0500000US48367,36375
0500000US48369,26551
0500000US48371,28917
0500000US48373,26049
0500000US48375,25262
0500000US48377,22046
0500000US48379,30362
0500000US48381,34790
0500000US48383,35743
0500000US48385,18326
0500000US48387,26007
0500000US48389,26425
0500000US48391,26893
0500000US48393,34135
0500000US48395,26841
0500000US48397,43432
0500000US48399,26912
0500000US48401,27577
0500000US48403,21497
0500000US48405,27312
0500000US48407,26367
0500000US48409,30671
0500000US48411,20689
0500000US48413,30151
0500000US48415,31083
0500000US48417,27829
0500000US48419,24416
0500000US48421,26993
0500000US48423,27070
0500000US48425,30108
0500000US48427,16336
0500000US48429,24076
0500000US48431,29917
0500000US48433,27788
0500000US48435,31452
0500000US48437,26330
0500000US48439,32413
0500000US48441,25003
0500000US48443,35417
0500000US48445,23624
0500000US48447,30469
0500000US48449,24807
0500000US48451,26613
0500000US48453,34886
0500000US48455,23576
0500000US48457,31082
0500000US48459,28649
0500000US48461,31679
0500000US48463,21461
0500000US48465,24424
0500000US48467,30224
0500000US48469,29716
0500000US48471,25778
0500000US48473,24566
0500000US48475,35666
0500000US48477,27181
0500000US48479,22170
0500000US48481,26918
0500000US48483,30630
0500000US48485,25280
0500000US48487,25346
0500000US48489,19139
0500000US48491,38918
0500000US48493,35469
0500000US48495,35101
0500000US48497,32331
0500000US48499,27068
0500000US48501,28471
0500000US48503,29441
0500000US48505,18961
0500000US48507,16372
0500000US49001,27083
0500000US49003,28495
0500000US49005,21354
0500000US49007,24475
0500000US49009,-
0500000US49011,31889
0500000US49013,35677
0500000US49015,28378
0500000US49017,21146
0500000US49019,23845
0500000US49021,20187
0500000US49023,22213
0500000US49025,24734
0500000US49027,26363
0500000US49029,37973
0500000US49031,23586
0500000US49033,26386
0500000US49035,30993
0500000US49037,25487
0500000US49039,18375
0500000US49041,24064
0500000US49043,40954
0500000US49045,33903
0500000US49047,32673
0500000US49049,22480
0500000US49051,32245
0500000US49053,24531
0500000US49055,25703
0500000US49057,29259
0500000US50001,29156
0500000US50003,28009
0500000US50005,27727
0500000US50007,31687
0500000US50009,25250
0500000US50011,34458
0500000US50013,32737
0500000US50015,30107
0500000US50017,31527
0500000US50019,26702
0500000US50021,28520
0500000US50023,32574
0500000US50025,27850
0500000US50027,32129
0500000US51001,26943
0500000US51003,36235
0500000US51005,31134
0500000US51007,31652
0500000US51009,27107
0500000US51011,32720
0500000US51013,65122
0500000US51015,29939
0500000US51017,31272
0500000US51019,31864
0500000US51021,28556
0500000US51023,34339
0500000US51025,21595
0500000US51027,27266
0500000US51029,26562
0500000US51031,30029
0500000US51033,31849
0500000US51035,26549
0500000US51036,30879
0500000US51037,22036
0500000US51041,37584
0500000US51043,39907
0500000US51045,27950
0500000US51047,33983
0500000US51049,27066
0500000US51051,25410
0500000US51053,29595
0500000US51057,26236
0500000US51059,52214
0500000US51061,42014
0500000US51063,30030
0500000US51065,35918
0500000US51067,28033
0500000US51069,35207
0500000US51071,29912
0500000US51073,34029
0500000US51075,36558
0500000US51077,23959
0500000US51079,33781
0500000US51081,22139
0500000US51083,27635
0500000US51085,40870
0500000US51087,35993
0500000US51089,24592
0500000US51091,27108
0500000US51093,38531
0500000US51095,35620
0500000US51097,33558
0500000US51099,41690
0500000US51101,36434
0500000US51103,26535
0500000US51105,22214
0500000US51107,56469
0500000US51109,31429
0500000US51111,26934
0500000US51113,25644
0500000US51115,30457
0500000US51117,25901
0500000US51119,26749
0500000US51121,21010
0500000US51125,27455
0500000US51127,38797
0500000US51131,25762
0500000US51133,30802
0500000US51135,27232
0500000US51137,33766
0500000US51139,25927
0500000US51141,25849
0500000US51143,26806
0500000US51145,40499
0500000US51147,16571
0500000US51149,32338
0500000US51153,42740
0500000US51155,30287
0500000US51157,32231
0500000US51159,26218
0500000US51161,35910
0500000US51163,28452
0500000US51165,28850
0500000US51167,29737
0500000US51169,26937
0500000US51171,28669
0500000US51173,27370
0500000US51175,30173
0500000US51177,37192
0500000US51179,43969
0500000US51181,32741
0500000US51183,15462
0500000US51185,26465
0500000US51187,34213
0500000US51191,28562
0500000US51193,31116
0500000US51195,24844
0500000US51197,26058
0500000US51199,40613
0500000US51510,53767
0500000US51520,23413
0500000US51530,17614
0500000US51540,26588
0500000US51550,36846
0500000US51570,33517
0500000US51580,25939
0500000US51590,24464
0500000US51595,21794
0500000US51600,45691
0500000US51610,59674
0500000US51620,25477
0500000US51630,30843
0500000US51640,23103
0500000US51650,29920
0500000US51660,14844
0500000US51670,27731
0500000US51678,5223
0500000US51680,17975
0500000US51683,34171
0500000US51685,38473
0500000US51690,24685
0500000US51700,28294
0500000US51710,25969
0500000US51720,23718
0500000US51730,25189
0500000US51735,42325
0500000US51740,29566
0500000US51750,10773
0500000US51760,26472
0500000US51770,26391
0500000US51775,28884
0500000US51790,27498
0500000US51800,35559
0500000US51810,35085
0500000US51820,29653
0500000US51830,10651
0500000US51840,26408
0500000US53001,25374
0500000US53003,28215
0500000US53005,33174
0500000US53007,27752
0500000US53009,26911
0500000US53011,34112
0500000US53013,25884
0500000US53015,29579
0500000US53017,26003
0500000US53019,21853
0500000US53021,27014
0500000US53023,31229
0500000US53025,25283
0500000US53027,26118
0500000US53029,31310
0500000US53031,24837
0500000US53033,42437
0500000US53035,33278
0500000US53037,21802
0500000US53039,26619
0500000US53041,26891
0500000US53043,29696
0500000US53045,28965
0500000US53047,24676
0500000US53049,24420
0500000US53051,29701
0500000US53053,35286
0500000US53055,28521
0500000US53057,30716
0500000US53059,32495
0500000US53061,39832
0500000US53063,29386
0500000US53065,28086
0500000US53067,36178
0500000US53069,31432
0500000US53071,24837
0500000US53073,26054
0500000US53075,12418
0500000US53077,23819
0500000US54001,21662
0500000US54003,32456
0500000US54005,29186
0500000US54007,25795
0500000US54009,29013
0500000US54011,24497
0500000US54013,28178
0500000US54015,24200
0500000US54017,27263
0500000US54019,26964
0500000US54021,18900
0500000US54023,27433
0500000US54025,25771
0500000US54027,27464
0500000US54029,26566
0500000US54031,24935
0500000US54033,30301
0500000US54035,28992
0500000US54037,35933
0500000US54039,30643
0500000US54041,27436
0500000US54043,27008
0500000US54045,27671
0500000US54047,22625
0500000US54049,27093
0500000US54051,27114
0500000US54053,27528
0500000US54055,25538
0500000US54057,25508
0500000US54059,27113
0500000US54061,24821
0500000US54063,26437
0500000US54065,27395
0500000US54067,26986
0500000US54069,26272
0500000US54071,25295
0500000US54073,29065
0500000US54075,21869
0500000US54077,25739
0500000US54079,35700
0500000US54081,26786
0500000US54083,26455
0500000US54085,25851
0500000US54087,24452
0500000US54089,23560
0500000US54091,29784
0500000US54093,24340
0500000US54095,25342
0500000US54097,26769
0500000US54099,28492
0500000US54101,20525
0500000US54103,25140
0500000US54105,26962
0500000US54107,27163
0500000US54109,27076
0500000US55001,21803
0500000US55003,23577
0500000US55005,27458
0500000US55007,25796
0500000US55009,31392
0500000US55011,31060
0500000US55013,25392
0500000US55015,36902
0500000US55017,30396
0500000US55019,27909
0500000US55021,34790
0500000US55023,25117
0500000US55025,33256
0500000US55027,31204
0500000US55029,27690
0500000US55031,28553
0500000US55033,23396
0500000US55035,25044
0500000US55037,24381
0500000US55039,31762
0500000US55041,24861
0500000US55043,23876
0500000US55045,31721
0500000US55047,28542
0500000US55049,31392
0500000US55051,25174
0500000US55053,28657
0500000US55055,30962
0500000US55057,26424
0500000US55059,30300
0500000US55061,32236
0500000US55063,26536
0500000US55065,29918
0500000US55067,26753
0500000US55069,30967
0500000US55071,31320
0500000US55073,31359
0500000US55075,29965
0500000US55077,28180
0500000US55078,23411
0500000US55079,30148
0500000US55081,31127
0500000US55083,31938
0500000US55085,26510
0500000US55087,33291
0500000US55089,38845
0500000US55091,29222
0500000US55093,29385
0500000US55095,30162
0500000US55097,25243
0500000US55099,28801
0500000US55101,32403
0500000US55103,27269
0500000US55105,29506
0500000US55107,25841
0500000US55109,38856
0500000US55111,29900
0500000US55113,23596
0500000US55115,28408
0500000US55117,31568
0500000US55119,29845
0500000US55121,31423
0500000US55123,29449
0500000US55125,24343
0500000US55127,27049
0500000US55129,27184
0500000US55131,38656
0500000US55133,41344
0500000US55135,30701
0500000US55137,26941
0500000US55139,30644
0500000US55141,30369
0500000US56001,19133
0500000US56003,26149
0500000US56005,42014
0500000US56007,35027
0500000US56009,31552
0500000US56011,36167
0500000US56013,27418
0500000US56015,26920
0500000US56017,29856
0500000US56019,31250
0500000US56021,32877
0500000US56023,32392
0500000US56025,31751
0500000US56027,26465
0500000US56029,29770
0500000US56031,27272
0500000US56033,31856
0500000US56035,39028
0500000US56037,35879
0500000US56039,32473
0500000US56041,25686
0500000US56043,28427
0500000US56045,35641
0500000US72001,15672
0500000US72003,12846
0500000US72005,15247
0500000US72007,15919
0500000US72009,19475
0500000US72011,14303
0500000US72013,16639
0500000US72015,15842
0500000US72017,17408
0500000US72019,16753
0500000US72021,17811
0500000US72023,17856
0500000US72025,18498
0500000US72027,15403
0500000US72029,16791
0500000US72031,18740
0500000US72033,17639
0500000US72035,17157
0500000US72037,16736
0500000US72039,16022
0500000US72041,16769
0500000US72043,15099
0500000US72045,14579
0500000US72047,15843
0500000US72049,15571
0500000US72051,22121
0500000US72053,15897
0500000US72054,15863
0500000US72055,13646
0500000US72057,16940
0500000US72059,13786
0500000US72061,24054
0500000US72063,21042
0500000US72065,15745
0500000US72067,15385
0500000US72069,16787
0500000US72071,15827
0500000US72073,15656
0500000US72075,15544
0500000US72077,16734
0500000US72079,15348
0500000US72081,16563
0500000US72083,12832
0500000US72085,16872
0500000US72087,15385
0500000US72089,16384
0500000US72091,17452
0500000US72093,10846
0500000US72095,16361
0500000US72097,14130
0500000US72099,14164
0500000US72101,15784
0500000US72103,16653
0500000US72105,15902
0500000US72107,16853
0500000US72109,16350
0500000US72111,14460
0500000US72113,15805
0500000US72115,14001
0500000US72117,11768
0500000US72119,16639
0500000US72121,16795
0500000US72123,14452
0500000US72125,14691
0500000US72127,18153
0500000US72129,16962
0500000US72131,15380
0500000US72133,15565
0500000US72135,20245
0500000US72137,17489
0500000US72139,19546
0500000US72141,15083
0500000US72143,18036
0500000US72145,18556
0500000US72147,16055
0500000US72149,14229
0500000US72151,15721
0500000US72153,15843