GEO_ID,manu_arg
0500000US01001,15.2
0500000US01003,10.6
0500000US01005,26.9
0500000US01007,25.0
0500000US01009,18.5
0500000US01011,38.5
0500000US01013,24.3
0500000US01015,18.0
0500000US01017,28.6
0500000US01019,24.6
0500000US01021,16.4
0500000US01023,27.8
0500000US01025,25.8
0500000US01027,38.8
0500000US01029,24.1
0500000US01031,15.5
0500000US01033,19.4
0500000US01035,24.8
0500000US01037,21.4
0500000US01039,21.8
0500000US01041,24.6
0500000US01043,19.2
0500000US01045,14.0
0500000US01047,24.2
0500000US01049,32.1
0500000US01051,13.5
0500000US01053,18.9
0500000US01055,20.0
0500000US01057,29.9
0500000US01059,31.7
0500000US01061,19.3
0500000US01063,24.3
0500000US01065,22.6
0500000US01067,17.2
0500000US01069,11.2
0500000US01071,29.0
0500000US01073,9.4
0500000US01075,22.7
0500000US01077,14.9
0500000US01079,28.5
0500000US01081,13.1
0500000US01083,17.3
0500000US01085,28.3
0500000US01087,16.8
0500000US01089,12.4
0500000US01091,21.6
0500000US01093,23.7
0500000US01095,23.6
0500000US01097,13.4
0500000US01099,22.9
0500000US01101,11.9
0500000US01103,20.8
0500000US01105,25.2
0500000US01107,23.9
0500000US01109,18.5
0500000US01111,30.7
0500000US01113,13.3
0500000US01115,16.3
0500000US01117,8.1
0500000US01119,15.0
0500000US01121,23.3
0500000US01123,26.8
0500000US01125,15.9
0500000US01127,16.9
0500000US01129,29.6
0500000US01131,19.4
0500000US01133,25.3
0500000US02013,69.6
0500000US02016,39.1
0500000US02020,5.8
0500000US02050,1.2
0500000US02060,11.3
0500000US02068,8.5
0500000US02070,8.7
0500000US02090,4.6
0500000US02100,12.2
0500000US02105,20.8
0500000US02110,5.8
0500000US02122,16.7
0500000US02130,8.0
0500000US02150,21.5
0500000US02158,6.3
0500000US02164,15.4
0500000US02170,8.4
0500000US02180,7.5
0500000US02185,31.4
0500000US02188,7.3
0500000US02195,37.2
0500000US02198,22.9
0500000US02220,15.2
0500000US02230,12.2
0500000US02240,18.4
0500000US02261,19.9
0500000US02275,17.3
0500000US02282,21.7
0500000US02290,5.8
0500000US04001,4.2
0500000US04003,7.8
0500000US04005,8.5
0500000US04007,11.3
0500000US04009,16.6
0500000US04011,45.6
0500000US04012,18.1
0500000US04013,8.2
0500000US04015,7.2
0500000US04017,7.2
0500000US04019,7.9
0500000US04021,12.8
0500000US04023,8.6
0500000US04025,7.9
0500000US04027,15.2
0500000US05001,31.4
0500000US05003,24.8
0500000US05005,18.9
0500000US05007,15.0
0500000US05009,15.4
0500000US05011,26.7
0500000US05013,30.9
0500000US05015,25.7
0500000US05017,20.5
0500000US05019,15.1
0500000US05021,25.6
0500000US05023,21.6
0500000US05025,20.4
0500000US05027,26.4
0500000US05029,20.3
0500000US05031,16.4
0500000US05033,19.0
0500000US05035,14.8
0500000US05037,18.4
0500000US05039,30.5
0500000US05041,24.4
0500000US05043,18.5
0500000US05045,11.5
0500000US05047,23.2
0500000US05049,11.6
0500000US05051,9.1
0500000US05053,19.3
0500000US05055,25.7
0500000US05057,26.4
0500000US05059,15.9
0500000US05061,39.1
0500000US05063,20.2
0500000US05065,16.9
0500000US05067,26.6
0500000US05069,17.9
0500000US05071,29.4
0500000US05073,27.6
0500000US05075,20.0
0500000US05077,25.9
0500000US05079,21.4
0500000US05081,25.3
0500000US05083,25.4
0500000US05085,13.1
0500000US05087,28.5
0500000US05089,26.3
0500000US05091,15.9
0500000US05093,31.5
0500000US05095,26.5
0500000US05097,19.8
0500000US05099,27.3
0500000US05101,17.9
0500000US05103,26.3
0500000US05105,15.8
0500000US05107,17.2
0500000US05109,27.2
0500000US05111,24.8
0500000US05113,21.0
0500000US05115,19.0
0500000US05117,25.1
0500000US05119,7.0
0500000US05121,23.5
0500000US05123,16.4
0500000US05125,8.1
0500000US05127,38.9
0500000US05129,21.1
0500000US05131,22.0
0500000US05133,36.8
0500000US05135,15.9
0500000US05137,20.9
0500000US05139,17.7
0500000US05141,12.7
0500000US05143,16.6
0500000US05145,13.7
0500000US05147,28.1
0500000US05149,32.4
0500000US06001,10.5
0500000US06003,1.9
0500000US06005,7.7
0500000US06007,10.5
0500000US06009,10.9
0500000US06011,38.7
0500000US06013,7.7
0500000US06015,8.6
0500000US06017,8.4
0500000US06019,17.5
0500000US06021,29.7
0500000US06023,8.1
0500000US06025,13.8
0500000US06027,7.0
0500000US06029,22.7
0500000US06031,24.0
0500000US06033,11.1
0500000US06035,8.0
0500000US06037,10.6
0500000US06039,27.5
0500000US06041,5.3
0500000US06043,8.7
0500000US06045,13.2
0500000US06047,25.1
0500000US06049,20.9
0500000US06051,7.8
0500000US06053,22.8
0500000US06055,18.5
0500000US06057,8.7
0500000US06059,13.4
0500000US06061,7.1
0500000US06063,18.3
0500000US06065,10.5
0500000US06067,6.6
0500000US06069,18.9
0500000US06071,10.2
0500000US06073,10.3
0500000US06075,5.6
0500000US06077,14.5
0500000US06079,10.6
0500000US06081,8.3
0500000US06083,16.1
0500000US06085,18.5
0500000US06087,14.4
0500000US06089,7.8
0500000US06091,7.1
0500000US06093,15.1
0500000US06095,10.5
0500000US06097,13.2
0500000US06099,17.6
0500000US06101,16.7
0500000US06103,15.0
0500000US06105,8.4
0500000US06107,27.3
0500000US06109,7.0
0500000US06111,16.2
0500000US06113,10.3
0500000US06115,10.8
0500000US08001,10.7
0500000US08003,7.8
0500000US08005,6.8
0500000US08007,7.8
0500000US08009,25.1
0500000US08011,14.5
0500000US08013,11.1
0500000US08014,12.0
0500000US08015,6.9
0500000US08017,30.1
0500000US08019,9.7
0500000US08021,16.6
0500000US08023,21.3
0500000US08025,9.4
0500000US08027,10.6
0500000US08029,20.1
0500000US08031,6.6
0500000US08033,15.2
0500000US08035,8.1
0500000US08037,4.4
0500000US08039,9.3
0500000US08041,7.2
0500000US08043,7.0
0500000US08045,7.6
0500000US08047,10.0
0500000US08049,6.5
0500000US08051,3.5
0500000US08053,7.0
0500000US08055,14.7
0500000US08057,29.9
0500000US08059,9.1
0500000US08061,20.3
0500000US08063,23.4
0500000US08065,7.0
0500000US08067,7.8
0500000US08069,11.8
0500000US08071,11.8
0500000US08073,16.4
0500000US08075,17.8
0500000US08077,11.6
0500000US08079,8.9
0500000US08081,13.0
0500000US08083,10.6
0500000US08085,14.3
0500000US08087,28.4
0500000US08089,14.0
0500000US08091,8.6
0500000US08093,10.8
0500000US08095,24.5
0500000US08097,3.7
0500000US08099,16.7
0500000US08101,8.5
0500000US08103,27.0
0500000US08105,18.1
0500000US08107,9.7
0500000US08109,29.2
0500000US08111,11.2
0500000US08113,4.8
0500000US08115,23.7
0500000US08117,5.6
0500000US08119,8.8
0500000US08121,23.9
0500000US08123,16.4
0500000US08125,26.5
0500000US09001,8.6
0500000US09003,11.0
0500000US09005,13.9
0500000US09007,12.6
0500000US09009,11.5
0500000US09011,13.6
0500000US09013,12.0
0500000US09015,13.8
0500000US10001,9.7
0500000US10003,8.7
0500000US10005,11.8
0500000US11001,1.4
0500000US12001,4.6
0500000US12003,6.8
0500000US12005,6.9
0500000US12007,6.8
0500000US12009,10.4
0500000US12011,5.0
0500000US12013,14.6
0500000US12015,4.6
0500000US12017,5.5
0500000US12019,5.3
0500000US12021,6.8
0500000US12023,7.1
0500000US12027,28.1
0500000US12029,15.1
0500000US12031,5.9
0500000US12033,5.8
0500000US12035,6.4
0500000US12037,10.8
0500000US12039,6.7
0500000US12041,10.4
0500000US12043,24.2
0500000US12045,8.1
0500000US12047,17.6
0500000US12049,25.5
0500000US12051,33.4
0500000US12053,5.9
0500000US12055,11.2
0500000US12057,6.3
0500000US12059,12.0
0500000US12061,8.1
0500000US12063,8.1
0500000US12065,9.5
0500000US12067,18.4
0500000US12069,6.7
0500000US12071,4.2
0500000US12073,2.2
0500000US12075,10.9
0500000US12077,11.0
0500000US12079,13.7
0500000US12081,8.8
0500000US12083,9.6
0500000US12085,7.2
0500000US12086,5.5
0500000US12087,4.3
0500000US12089,8.7
0500000US12091,5.6
0500000US12093,15.1
0500000US12095,4.9
0500000US12097,3.8
0500000US12099,5.4
0500000US12101,5.8
0500000US12103,7.2
0500000US12105,8.6
0500000US12107,13.7
0500000US12109,6.8
0500000US12111,5.9
0500000US12113,7.2
0500000US12115,6.3
0500000US12117,5.7
0500000US12119,6.3
0500000US12121,12.6
0500000US12123,17.7
0500000US12125,10.5
0500000US12127,7.1
0500000US12129,6.0
0500000US12131,5.7
0500000US12133,7.0
0500000US13001,24.0
0500000US13003,39.2
0500000US13005,24.0
0500000US13007,29.6
0500000US13009,11.1
0500000US13011,26.9
0500000US13013,12.8
0500000US13015,18.3
0500000US13017,22.7
0500000US13019,20.6
0500000US13021,7.9
0500000US13023,15.8
0500000US13025,11.2
0500000US13027,14.7
0500000US13029,13.7
0500000US13031,11.9
0500000US13033,22.7
0500000US13035,13.5
0500000US13037,21.4
0500000US13039,9.8
0500000US13043,14.3
0500000US13045,17.4
0500000US13047,16.9
0500000US13049,13.0
0500000US13051,8.9
0500000US13053,11.3
0500000US13055,34.0
0500000US13057,11.1
0500000US13059,8.8
0500000US13061,26.3
0500000US13063,7.3
0500000US13065,30.1
0500000US13067,7.8
0500000US13069,22.7
0500000US13071,29.3
0500000US13073,10.1
0500000US13075,16.1
0500000US13077,13.5
0500000US13079,13.5
0500000US13081,13.2
0500000US13083,16.7
0500000US13085,15.1
0500000US13087,22.3
0500000US13089,6.1
0500000US13091,18.6
0500000US13093,25.7
0500000US13095,12.6
0500000US13097,8.7
0500000US13099,28.5
0500000US13101,35.1
0500000US13103,18.3
0500000US13105,31.7
0500000US13107,21.7
0500000US13109,19.5
0500000US13111,12.6
0500000US13113,9.6
0500000US13115,18.2
0500000US13117,10.0
0500000US13119,22.5
0500000US13121,6.6
0500000US13123,17.8
0500000US13125,21.4
0500000US13127,7.3
0500000US13129,34.7
0500000US13131,19.9
0500000US13133,16.3
0500000US13135,8.9
0500000US13137,25.0
0500000US13139,22.4
0500000US13141,10.9
0500000US13143,16.9
0500000US13145,13.6
0500000US13147,29.3
0500000US13149,21.3
0500000US13151,7.1
0500000US13153,10.3
0500000US13155,23.8
0500000US13157,16.4
0500000US13159,22.9
0500000US13161,20.7
0500000US13163,24.1
0500000US13165,16.4
0500000US13167,18.2
0500000US13169,9.2
0500000US13171,15.3
0500000US13173,11.5
0500000US13175,13.8
0500000US13177,13.3
0500000US13179,6.9
0500000US13181,16.6
0500000US13183,15.4
0500000US13185,8.4
0500000US13187,15.0
0500000US13189,19.0
0500000US13191,14.1
0500000US13193,31.1
0500000US13195,21.9
0500000US13197,15.4
0500000US13199,23.8
0500000US13201,19.2
0500000US13205,21.6
0500000US13207,8.8
0500000US13209,15.5
0500000US13211,17.5
0500000US13213,39.5
0500000US13215,9.7
0500000US13217,14.8
0500000US13219,10.5
0500000US13221,21.0
0500000US13223,9.9
0500000US13225,11.9
0500000US13227,12.1
0500000US13229,16.3
0500000US13231,15.0
0500000US13233,25.3
0500000US13235,17.9
0500000US13237,15.0
0500000US13239,20.0
0500000US13241,8.8
0500000US13243,22.8
0500000US13245,9.3
0500000US13247,11.7
0500000US13249,23.6
0500000US13251,23.0
0500000US13253,21.2
0500000US13255,15.9
0500000US13257,23.7
0500000US13259,22.7
0500000US13261,20.1
0500000US13263,22.0
0500000US13265,30.9
0500000US13267,16.6
0500000US13269,16.3
0500000US13271,24.7
0500000US13273,21.4
0500000US13275,15.1
0500000US13277,13.0
0500000US13279,18.7
0500000US13281,6.6
0500000US13283,14.1
0500000US13285,27.4
0500000US13287,18.5
0500000US13289,19.1
0500000US13291,12.1
0500000US13293,20.2
0500000US13295,20.2
0500000US13297,13.2
0500000US13299,15.4
0500000US13301,36.2
0500000US13303,17.3
0500000US13305,16.1
0500000US13307,28.6
0500000US13309,25.0
0500000US13311,16.1
0500000US13313,39.9
0500000US13315,16.8
0500000US13317,27.6
0500000US13319,21.8
0500000US13321,18.6
0500000US15001,6.8
0500000US15003,4.0
0500000US15005,2.8
0500000US15007,5.6
0500000US15009,4.6
0500000US16001,10.5
0500000US16003,20.2
0500000US16005,10.3
0500000US16007,25.1
0500000US16009,26.1
0500000US16011,20.7
0500000US16013,6.2
0500000US16015,19.0
0500000US16017,18.1
0500000US16019,12.6
0500000US16021,28.0
0500000US16023,15.5
0500000US16025,21.0
0500000US16027,15.6
0500000US16029,30.9
0500000US16031,35.5
0500000US16033,59.8
0500000US16035,27.5
0500000US16037,22.6
0500000US16039,16.8
0500000US16041,31.3
0500000US16043,20.3
0500000US16045,14.2
0500000US16047,36.6
0500000US16049,23.3
0500000US16051,21.3
0500000US16053,37.2
0500000US16055,10.4
0500000US16057,11.8
0500000US16059,21.3
0500000US16061,21.7
0500000US16063,30.7
0500000US16065,10.0
0500000US16067,35.8
0500000US16069,19.8
0500000US16071,30.8
0500000US16073,42.1
0500000US16075,21.6
0500000US16077,34.6
0500000US16079,19.1
0500000US16081,8.3
0500000US16083,18.0
0500000US16085,5.9
0500000US16087,23.3
0500000US17001,17.8
0500000US17003,14.6
0500000US17005,19.7
0500000US17007,24.6
0500000US17009,12.3
0500000US17011,22.4
0500000US17013,17.8
0500000US17015,30.0
0500000US17017,28.1
0500000US17019,8.8
0500000US17021,16.5
0500000US17023,29.4
0500000US17025,31.7
0500000US17027,15.3
0500000US17029,16.4
0500000US17031,10.3
0500000US17033,27.3
0500000US17035,26.0
0500000US17037,14.4
0500000US17039,17.2
0500000US17041,27.6
0500000US17043,12.6
0500000US17045,29.8
0500000US17047,29.7
0500000US17049,19.4
0500000US17051,21.5
0500000US17053,22.2
0500000US17055,20.2
0500000US17057,18.1
0500000US17059,25.0
0500000US17061,21.3
0500000US17063,12.8
0500000US17065,28.3
0500000US17067,22.6
0500000US17069,17.7
0500000US17071,23.2
0500000US17073,21.9
0500000US17075,21.7
0500000US17077,9.9
0500000US17079,22.3
0500000US17081,17.7
0500000US17083,16.6
0500000US17085,19.7
0500000US17087,9.1
0500000US17089,17.7
0500000US17091,16.4
0500000US17093,14.4
0500000US17095,13.8
0500000US17097,16.6
0500000US17099,18.1
0500000US17101,20.0
0500000US17103,20.8
0500000US17105,25.1
0500000US17107,17.4
0500000US17109,12.8
0500000US17111,16.8
0500000US17113,7.7
0500000US17115,19.4
0500000US17117,16.2
0500000US17119,13.9
0500000US17121,21.8
0500000US17123,27.3
0500000US17125,18.4
0500000US17127,11.5
0500000US17129,9.0
0500000US17131,22.3
0500000US17133,12.3
0500000US17135,14.3
0500000US17137,14.2
0500000US17139,29.1
0500000US17141,21.4
0500000US17143,16.4
0500000US17145,22.5
0500000US17147,19.0
0500000US17149,18.6
0500000US17151,13.3
0500000US17153,12.9
0500000US17155,20.9
0500000US17157,24.1
0500000US17159,22.8
0500000US17161,19.6
0500000US17163,9.4
0500000US17165,17.2
0500000US17167,6.5
0500000US17169,20.9
0500000US17171,15.6
0500000US17173,22.8
0500000US17175,27.7
0500000US17177,24.8
0500000US17179,19.1
0500000US17181,14.4
0500000US17183,19.3
0500000US17185,28.5
0500000US17187,19.8
0500000US17189,24.5
0500000US17191,32.4
0500000US17193,26.7
0500000US17195,23.0
0500000US17197,11.8
0500000US17199,11.8
0500000US17201,23.1
0500000US17203,19.8
0500000US18001,33.4
0500000US18003,18.9
0500000US18005,34.8
0500000US18007,28.8
0500000US18009,32.6
0500000US18011,15.9
0500000US18013,19.2
0500000US18015,30.6
0500000US18017,31.3
0500000US18019,16.9
0500000US18021,23.7
0500000US18023,34.1
0500000US18025,26.5
0500000US18027,28.1
0500000US18029,18.2
0500000US18031,36.3
0500000US18033,35.9
0500000US18035,12.5
0500000US18037,38.4
0500000US18039,37.2
0500000US18041,23.8
0500000US18043,17.0
0500000US18045,35.2
0500000US18047,25.6
0500000US18049,37.6
0500000US18051,31.8
0500000US18053,17.9
0500000US18055,18.2
0500000US18057,12.5
0500000US18059,15.0
0500000US18061,19.7
0500000US18063,13.4
0500000US18065,23.6
0500000US18067,25.7
0500000US18069,29.4
0500000US18071,35.2
0500000US18073,23.2
0500000US18075,41.7
0500000US18077,32.0
0500000US18079,31.6
0500000US18081,16.3
0500000US18083,22.7
0500000US18085,42.2
0500000US18087,52.3
0500000US18089,15.6
0500000US18091,23.5
0500000US18093,19.0
0500000US18095,15.8
0500000US18097,10.8
0500000US18099,35.2
0500000US18101,19.8
0500000US18103,26.3
0500000US18105,10.0
0500000US18107,30.7
0500000US18109,16.2
0500000US18111,28.8
0500000US18113,40.9
0500000US18115,19.8
0500000US18117,25.8
0500000US18119,25.8
0500000US18121,26.6
0500000US18123,37.9
0500000US18125,28.9
0500000US18127,18.8
0500000US18129,24.6
0500000US18131,35.8
0500000US18133,19.6
0500000US18135,31.3
0500000US18137,25.6
0500000US18139,30.7
0500000US18141,17.7
0500000US18143,32.1
0500000US18145,28.1
0500000US18147,28.3
0500000US18149,31.1
0500000US18151,29.5
0500000US18153,25.9
0500000US18155,19.3
0500000US18157,17.8
0500000US18159,30.8
0500000US18161,16.4
0500000US18163,17.1
0500000US18165,25.7
0500000US18167,16.5
0500000US18169,29.0
0500000US18171,34.3
0500000US18173,18.1
0500000US18175,28.9
0500000US18177,21.7
0500000US18179,27.0
0500000US18181,30.4
0500000US18183,29.8
0500000US19001,25.2
0500000US19003,28.4
0500000US19005,24.5
0500000US19007,28.4
0500000US19009,24.1
0500000US19011,22.0
0500000US19013,19.6
0500000US19015,15.1
0500000US19017,25.0
0500000US19019,27.6
0500000US19021,35.4
0500000US19023,26.2
0500000US19025,21.5
0500000US19027,19.8
0500000US19029,23.0
0500000US19031,21.0
0500000US19033,19.4
0500000US19035,24.6
0500000US19037,35.9
0500000US19039,25.8
0500000US19041,21.9
0500000US19043,31.3
0500000US19045,24.3
0500000US19047,34.1
0500000US19049,9.9
0500000US19051,27.1
0500000US19053,16.9
0500000US19055,31.5
0500000US19057,21.5
0500000US19059,22.5
0500000US19061,18.4
0500000US19063,29.2
0500000US19065,22.3
0500000US19067,27.7
0500000US19069,31.3
0500000US19071,25.4
0500000US19073,25.7
0500000US19075,23.7
0500000US19077,14.5
0500000US19079,23.6
0500000US19081,36.1
0500000US19083,22.8
0500000US19085,19.5
0500000US19087,25.3
0500000US19089,33.9
0500000US19091,29.7
0500000US19093,31.7
0500000US19095,27.3
0500000US19097,24.7
0500000US19099,21.3
0500000US19101,20.6
0500000US19103,9.1
0500000US19105,24.1
0500000US19107,26.4
0500000US19109,30.4
0500000US19111,25.4
0500000US19113,17.7
0500000US19115,39.8
0500000US19117,14.0
0500000US19119,28.9
0500000US19121,14.8
0500000US19123,30.2
0500000US19125,27.5
0500000US19127,31.1
0500000US19129,14.2
0500000US19131,30.9
0500000US19133,18.7
0500000US19135,26.8
0500000US19137,24.9
0500000US19139,32.2
0500000US19141,29.2
0500000US19143,34.7
0500000US19145,25.7
0500000US19147,24.0
0500000US19149,26.0
0500000US19151,31.1
0500000US19153,10.0
0500000US19155,13.2
0500000US19157,24.8
0500000US19159,24.8
0500000US19161,23.7
0500000US19163,18.4
0500000US19165,17.9
0500000US19167,26.2
0500000US19169,12.7
0500000US19171,24.3
0500000US19173,32.9
0500000US19175,31.1
0500000US19177,27.7
0500000US19179,26.5
0500000US19181,7.6
0500000US19183,19.2
0500000US19185,26.8
0500000US19187,17.9
0500000US19189,36.3
0500000US19191,20.7
0500000US19193,20.6
0500000US19195,25.2
0500000US19197,27.7
0500000US20001,27.6
0500000US20003,19.7
0500000US20005,24.7
0500000US20007,24.0
0500000US20009,17.5
0500000US20011,17.2
0500000US20013,24.1
0500000US20015,19.2
0500000US20017,22.2
0500000US20019,24.7
0500000US20021,20.3
0500000US20023,23.7
0500000US20025,29.2
0500000US20027,19.5
0500000US20029,17.5
0500000US20031,12.5
0500000US20033,20.5
0500000US20035,26.1
0500000US20037,17.2
0500000US20039,21.9
0500000US20041,20.3
0500000US20043,25.8
0500000US20045,7.9
0500000US20047,33.9
0500000US20049,20.1
0500000US20051,13.4
0500000US20053,21.1
0500000US20055,26.0
0500000US20057,33.9
0500000US20059,15.7
0500000US20061,8.9
0500000US20063,29.8
0500000US20065,22.1
0500000US20067,26.9
0500000US20069,25.7
0500000US20071,25.5
0500000US20073,22.8
0500000US20075,40.8
0500000US20077,24.1
0500000US20079,23.0
0500000US20081,30.1
0500000US20083,30.4
0500000US20085,14.8
0500000US20087,12.4
0500000US20089,22.1
0500000US20091,9.0
0500000US20093,36.7
0500000US20095,32.7
0500000US20097,16.4
0500000US20099,24.5
0500000US20101,25.8
0500000US20103,9.2
0500000US20105,27.1
0500000US20107,14.4
0500000US20109,21.6
0500000US20111,20.0
0500000US20113,27.7
0500000US20115,26.0
0500000US20117,27.7
0500000US20119,25.0
0500000US20121,11.5
0500000US20123,20.0
0500000US20125,26.1
0500000US20127,24.2
0500000US20129,27.5
0500000US20131,28.0
0500000US20133,22.6
0500000US20135,29.8
0500000US20137,23.1
0500000US20139,11.0
0500000US20141,24.2
0500000US20143,21.8
0500000US20145,17.3
0500000US20147,22.7
0500000US20149,14.9
0500000US20151,18.1
0500000US20153,31.9
0500000US20155,18.3
0500000US20157,28.5
0500000US20159,23.0
0500000US20161,7.2
0500000US20163,26.9
0500000US20165,21.8
0500000US20167,23.5
0500000US20169,21.5
0500000US20171,36.2
0500000US20173,19.5
0500000US20175,36.5
0500000US20177,9.8
0500000US20179,32.7
0500000US20181,14.2
0500000US20183,24.7
0500000US20185,25.3
0500000US20187,30.9
0500000US20189,36.3
0500000US20191,25.2
0500000US20193,15.4
0500000US20195,20.7
0500000US20197,22.9
0500000US20199,26.9
0500000US20201,31.4
0500000US20203,43.5
0500000US20205,26.4
0500000US20207,27.0
0500000US20209,12.5
0500000US21001,23.0
0500000US21003,27.8
0500000US21005,19.8
0500000US21007,18.8
0500000US21009,27.0
0500000US21011,26.8
0500000US21013,18.2
0500000US21015,15.1
0500000US21017,27.6
0500000US21019,10.2
0500000US21021,18.3
0500000US21023,18.7
0500000US21025,8.8
0500000US21027,24.7
0500000US21029,17.6
0500000US21031,30.9
0500000US21033,29.3
0500000US21035,13.9
0500000US21037,11.5
0500000US21039,19.4
0500000US21041,31.4
0500000US21043,13.3
0500000US21045,23.9
0500000US21047,22.8
0500000US21049,17.8
0500000US21051,15.5
0500000US21053,29.5
0500000US21055,24.7
0500000US21057,27.5
0500000US21059,18.5
0500000US21061,16.8
0500000US21063,11.7
0500000US21065,30.0
0500000US21067,11.1
0500000US21069,25.8
0500000US21071,11.7
0500000US21073,12.2
0500000US21075,22.7
0500000US21077,26.6
0500000US21079,13.9
0500000US21081,25.9
0500000US21083,19.7
0500000US21085,27.0
0500000US21087,24.6
0500000US21089,11.4
0500000US21091,37.6
0500000US21093,13.7
0500000US21095,16.2
0500000US21097,31.9
0500000US21099,27.0
0500000US21101,20.8
0500000US21103,22.7
0500000US21105,28.4
0500000US21107,22.9
0500000US21109,21.0
0500000US21111,11.9
0500000US21113,12.6
0500000US21115,11.1
0500000US21117,12.6
0500000US21119,9.5
0500000US21121,14.6
0500000US21123,25.4
0500000US21125,15.7
0500000US21127,14.6
0500000US21129,13.4
0500000US21131,20.7
0500000US21133,13.9
0500000US21135,23.7
0500000US21137,17.2
0500000US21139,13.7
0500000US21141,31.1
0500000US21143,19.5
0500000US21145,11.4
0500000US21147,16.2
0500000US21149,27.7
0500000US21151,15.1
0500000US21153,15.1
0500000US21155,34.0
0500000US21157,17.7
0500000US21159,23.7
0500000US21161,22.8
0500000US21163,14.4
0500000US21165,28.3
0500000US21167,26.4
0500000US21169,31.0
0500000US21171,28.6
0500000US21173,28.3
0500000US21175,16.0
0500000US21177,22.8
0500000US21179,25.5
0500000US21181,29.5
0500000US21183,31.0
0500000US21185,14.4
0500000US21187,25.3
0500000US21189,13.2
0500000US21191,19.1
0500000US21193,10.9
0500000US21195,17.8
0500000US21197,26.0
0500000US21199,15.4
0500000US21201,36.3
0500000US21203,24.4
0500000US21205,16.7
0500000US21207,23.8
0500000US21209,27.7
0500000US21211,18.3
0500000US21213,28.8
0500000US21215,21.6
0500000US21217,21.3
0500000US21219,28.2
0500000US21221,20.7
0500000US21223,23.0
0500000US21225,31.7
0500000US21227,18.1
0500000US21229,32.3
0500000US21231,29.6
0500000US21233,35.4
0500000US21235,17.5
0500000US21237,16.2
0500000US21239,22.8
0500000US22001,22.7
0500000US22003,12.9
0500000US22005,14.8
0500000US22007,19.7
0500000US22009,11.6
0500000US22011,16.1
0500000US22013,24.5
0500000US22015,10.7
0500000US22017,9.4
0500000US22019,14.0
0500000US22021,15.8
0500000US22023,20.8
0500000US22025,22.3
0500000US22027,23.6
0500000US22029,15.5
0500000US22031,19.5
0500000US22033,8.5
0500000US22035,17.4
0500000US22037,12.8
0500000US22039,18.5
0500000US22041,18.6
0500000US22043,17.1
0500000US22045,24.7
0500000US22047,17.4
0500000US22049,25.0
0500000US22051,8.0
0500000US22053,18.3
0500000US22055,16.7
0500000US22057,21.5
0500000US22059,21.7
0500000US22061,9.1
0500000US22063,13.5
0500000US22065,12.8
0500000US22067,17.7
0500000US22069,20.5
0500000US22071,5.1
0500000US22073,9.3
0500000US22075,19.1
0500000US22077,14.6
0500000US22079,10.8
0500000US22081,18.6
0500000US22083,13.7
0500000US22085,24.6
0500000US22087,11.8
0500000US22089,13.8
0500000US22091,15.5
0500000US22093,25.1
0500000US22095,14.4
0500000US22097,10.7
0500000US22099,19.6
0500000US22101,23.3
0500000US22103,8.1
0500000US22105,11.0
0500000US22107,26.1
0500000US22109,19.8
0500000US22111,20.1
0500000US22113,22.4
0500000US22115,9.4
0500000US22117,12.9
0500000US22119,18.0
0500000US22121,16.1
0500000US22123,19.7
0500000US22125,9.5
0500000US22127,22.0
0500000US23001,13.2
0500000US23003,16.1
0500000US23005,8.1
0500000US23007,14.6
0500000US23009,11.2
0500000US23011,9.4
0500000US23013,14.3
0500000US23015,14.3
0500000US23017,15.1
0500000US23019,7.6
0500000US23021,21.2
0500000US23023,17.2
0500000US23025,18.1
0500000US23027,11.7
0500000US23029,21.0
0500000US23031,13.4
0500000US24001,8.1
0500000US24003,5.3
0500000US24005,5.7
0500000US24009,4.3
0500000US24011,11.7
0500000US24013,7.8
0500000US24015,10.7
0500000US24017,2.9
0500000US24019,14.8
0500000US24021,7.0
0500000US24023,12.5
0500000US24025,7.3
0500000US24027,5.1
0500000US24029,16.1
0500000US24031,3.2
0500000US24033,2.3
0500000US24035,8.6
0500000US24037,5.8
0500000US24039,8.6
0500000US24041,7.4
0500000US24043,9.8
0500000US24045,11.1
0500000US24047,5.8
0500000US24510,4.8
0500000US25001,4.5
0500000US25003,9.2
0500000US25005,12.2
0500000US25007,6.8
0500000US25009,11.1
0500000US25011,12.3
0500000US25013,12.2
0500000US25015,7.6
0500000US25017,10.0
0500000US25019,4.5
0500000US25021,7.1
0500000US25023,7.3
0500000US25025,4.9
0500000US25027,13.2
0500000US26001,19.0
0500000US26003,16.7
0500000US26005,29.1
0500000US26007,13.1
0500000US26009,21.2
0500000US26011,19.3
0500000US26013,18.6
0500000US26015,25.7
0500000US26017,16.7
0500000US26019,12.5
0500000US26021,21.5
0500000US26023,28.2
0500000US26025,25.2
0500000US26027,30.0
0500000US26029,20.2
0500000US26031,11.3
0500000US26033,9.3
0500000US26035,19.6
0500000US26037,14.1
0500000US26039,11.4
0500000US26041,17.3
0500000US26043,18.0
0500000US26045,16.7
0500000US26047,9.2
0500000US26049,16.6
0500000US26051,21.4
0500000US26053,20.0
0500000US26055,11.9
0500000US26057,22.3
0500000US26059,28.7
0500000US26061,10.9
0500000US26063,30.0
0500000US26065,10.3
0500000US26067,24.7
0500000US26069,18.7
0500000US26071,15.7
0500000US26073,12.0
0500000US26075,20.3
0500000US26077,18.7
0500000US26079,16.3
0500000US26081,19.8
0500000US26083,8.2
0500000US26085,19.0
0500000US26087,26.2
0500000US26089,13.4
0500000US26091,23.0
0500000US26093,18.8
0500000US26095,15.7
0500000US26097,8.6
0500000US26099,21.0
0500000US26101,14.5
0500000US26103,9.9
0500000US26105,19.7
0500000US26107,19.7
0500000US26109,31.5
0500000US26111,23.2
0500000US26113,31.8
0500000US26115,22.6
0500000US26117,24.9
0500000US26119,18.9
0500000US26121,26.0
0500000US26123,26.0
0500000US26125,18.6
0500000US26127,33.9
0500000US26129,16.5
0500000US26131,13.8
0500000US26133,29.2
0500000US26135,24.1
0500000US26137,13.1
0500000US26139,26.9
0500000US26141,19.7
0500000US26143,10.2
0500000US26145,16.9
0500000US26147,23.9
0500000US26149,40.7
0500000US26151,33.0
0500000US26153,13.9
0500000US26155,19.6
0500000US26157,22.2
0500000US26159,22.6
0500000US26161,11.7
0500000US26163,17.4
0500000US26165,23.7
0500000US27001,11.5
0500000US27003,17.4
0500000US27005,18.2
0500000US27007,10.3
0500000US27009,16.8
0500000US27011,20.9
0500000US27013,16.2
0500000US27015,27.0
0500000US27017,12.4
0500000US27019,17.4
0500000US27021,11.8
0500000US27023,25.6
0500000US27025,17.0
0500000US27027,10.6
0500000US27029,18.1
0500000US27031,8.4
0500000US27033,28.7
0500000US27035,11.0
0500000US27037,12.1
0500000US27039,20.5
0500000US27041,18.2
0500000US27043,28.1
0500000US27045,20.5
0500000US27047,24.9
0500000US27049,22.6
0500000US27051,20.1
0500000US27053,12.4
0500000US27055,19.4
0500000US27057,12.9
0500000US27059,18.2
0500000US27061,13.8
0500000US27063,29.9
0500000US27065,16.5
0500000US27067,20.9
0500000US27069,31.9
0500000US27071,20.6
0500000US27073,24.4
0500000US27075,17.8
0500000US27077,35.7
0500000US27079,25.3
0500000US27081,25.1
0500000US27083,23.1
0500000US27085,29.6
0500000US27087,11.4
0500000US27089,28.9
0500000US27091,26.7
0500000US27093,29.3
0500000US27095,18.5
0500000US27097,21.8
0500000US27099,26.5
0500000US27101,23.9
0500000US27103,19.6
0500000US27105,34.4
0500000US27107,22.2
0500000US27109,9.8
0500000US27111,18.7
0500000US27113,20.9
0500000US27115,14.0
0500000US27117,25.9
0500000US27119,18.6
0500000US27121,23.5
0500000US27123,12.3
0500000US27125,21.9
0500000US27127,24.7
0500000US27129,30.1
0500000US27131,17.5
0500000US27133,22.2
0500000US27135,42.7
0500000US27137,10.6
0500000US27139,17.1
0500000US27141,16.6
0500000US27143,33.6
0500000US27145,17.5
0500000US27147,28.0
0500000US27149,21.8
0500000US27151,28.0
0500000US27153,28.5
0500000US27155,24.4
0500000US27157,22.4
0500000US27159,23.7
0500000US27161,26.1
0500000US27163,15.8
0500000US27165,33.7
0500000US27167,27.3
0500000US27169,24.2
0500000US27171,18.6
0500000US27173,23.3
0500000US28001,12.0
0500000US28003,23.1
0500000US28005,23.1
0500000US28007,23.3
0500000US28009,26.2
0500000US28011,17.9
0500000US28013,36.3
0500000US28015,13.5
0500000US28017,38.8
0500000US28019,24.7
0500000US28021,13.5
0500000US28023,22.8
0500000US28025,25.2
0500000US28027,13.2
0500000US28029,21.0
0500000US28031,18.8
0500000US28033,11.2
0500000US28035,11.5
0500000US28037,27.7
0500000US28039,21.7
0500000US28041,18.0
0500000US28043,31.2
0500000US28045,13.0
0500000US28047,7.3
0500000US28049,9.1
0500000US28051,23.3
0500000US28053,26.1
0500000US28055,39.9
0500000US28057,30.8
0500000US28059,19.4
0500000US28061,30.9
0500000US28063,17.0
0500000US28065,22.7
0500000US28067,22.3
0500000US28069,22.9
0500000US28071,10.2
0500000US28073,13.5
0500000US28075,11.5
0500000US28077,27.2
0500000US28079,27.8
0500000US28081,22.8
0500000US28083,21.9
0500000US28085,17.3
0500000US28087,16.8
0500000US28089,11.9
0500000US28091,21.1
0500000US28093,20.5
0500000US28095,31.1
0500000US28097,20.1
0500000US28099,16.0
0500000US28101,20.3
0500000US28103,23.3
0500000US28105,9.9
0500000US28107,22.5
0500000US28109,13.5
0500000US28111,19.5
0500000US28113,21.0
0500000US28115,30.5
0500000US28117,26.5
0500000US28119,15.6
0500000US28121,9.3
0500000US28123,31.7
0500000US28125,19.5
0500000US28127,17.5
0500000US28129,26.4
0500000US28131,17.7
0500000US28133,17.0
0500000US28135,25.0
0500000US28137,11.4
0500000US28139,31.2
0500000US28141,28.7
0500000US28143,11.4
0500000US28145,29.7
0500000US28147,25.3
0500000US28149,14.8
0500000US28151,12.4
0500000US28153,31.1
0500000US28155,15.3
0500000US28157,14.8
0500000US28159,20.8
0500000US28161,31.0
0500000US28163,19.1
0500000US29001,10.2
0500000US29003,18.4
0500000US29005,18.9
0500000US29007,22.8
0500000US29009,29.3
0500000US29011,29.5
0500000US29013,16.6
0500000US29015,18.0
0500000US29017,26.0
0500000US29019,6.5
0500000US29021,19.5
0500000US29023,17.1
0500000US29025,18.1
0500000US29027,11.8
0500000US29029,8.6
0500000US29031,12.8
0500000US29033,21.7
0500000US29035,19.9
0500000US29037,12.4
0500000US29039,18.2
0500000US29041,23.1
0500000US29043,9.0
0500000US29045,27.4
0500000US29047,11.5
0500000US29049,15.2
0500000US29051,8.4
0500000US29053,12.3
0500000US29055,23.2
0500000US29057,25.2
0500000US29059,17.5
0500000US29061,19.8
0500000US29063,20.0
0500000US29065,16.8
0500000US29067,22.8
0500000US29069,23.3
0500000US29071,21.5
0500000US29073,28.5
0500000US29075,21.7
0500000US29077,9.1
0500000US29079,26.2
0500000US29081,18.7
0500000US29083,18.2
0500000US29085,8.8
0500000US29087,22.0
0500000US29089,15.5
0500000US29091,16.6
0500000US29093,20.1
0500000US29095,9.2
0500000US29097,18.2
0500000US29099,12.2
0500000US29101,13.3
0500000US29103,21.1
0500000US29105,28.4
0500000US29107,17.1
0500000US29109,26.1
0500000US29111,22.3
0500000US29113,17.7
0500000US29115,20.7
0500000US29117,16.2
0500000US29119,25.0
0500000US29121,15.1
0500000US29123,15.4
0500000US29125,18.6
0500000US29127,18.5
0500000US29129,34.4
0500000US29131,12.1
0500000US29133,20.9
0500000US29135,17.7
0500000US29137,26.1
0500000US29139,25.8
0500000US29141,19.3
0500000US29143,24.5
0500000US29145,20.8
0500000US29147,20.6
0500000US29149,21.5
0500000US29151,20.4
0500000US29153,27.1
0500000US29155,26.9
0500000US29157,28.2
0500000US29159,23.4
0500000US29161,12.0
0500000US29163,18.4
0500000US29165,9.8
0500000US29167,14.1
0500000US29169,10.1
0500000US29171,29.4
0500000US29173,23.1
0500000US29175,10.8
0500000US29177,21.3
0500000US29179,33.9
0500000US29181,17.0
0500000US29183,13.5
0500000US29185,12.9
0500000US29186,27.7
0500000US29187,14.4
0500000US29189,10.4
0500000US29195,21.1
0500000US29197,22.1
0500000US29199,25.7
0500000US29201,16.8
0500000US29203,34.9
0500000US29205,27.2
0500000US29207,20.8
0500000US29209,10.7
0500000US29211,38.0
0500000US29213,5.4
0500000US29215,18.7
0500000US29217,19.3
0500000US29219,17.4
0500000US29221,16.7
0500000US29223,23.1
0500000US29225,17.3
0500000US29227,26.7
0500000US29229,23.7
0500000US29510,8.6
0500000US30001,19.2
0500000US30003,14.2
0500000US30005,19.9
0500000US30007,22.4
0500000US30009,18.8
0500000US30011,54.1
0500000US30013,6.3
0500000US30015,29.4
0500000US30017,11.3
0500000US30019,21.3
0500000US30021,18.6
0500000US30023,10.7
0500000US30025,28.7
0500000US30027,17.7
0500000US30029,9.9
0500000US30031,10.1
0500000US30033,50.9
0500000US30035,11.4
0500000US30037,32.6
0500000US30039,25.0
0500000US30041,9.8
0500000US30043,9.9
0500000US30045,34.3
0500000US30047,13.9
0500000US30049,5.4
0500000US30051,39.5
0500000US30053,14.1
0500000US30055,33.4
0500000US30057,21.9
0500000US30059,27.5
0500000US30061,14.9
0500000US30063,6.9
0500000US30065,26.9
0500000US30067,16.6
0500000US30069,49.4
0500000US30071,27.0
0500000US30073,20.7
0500000US30075,40.0
0500000US30077,22.6
0500000US30079,33.0
0500000US30081,15.3
0500000US30083,25.0
0500000US30085,13.9
0500000US30087,20.3
0500000US30089,17.0
0500000US30091,22.4
0500000US30093,7.7
0500000US30095,29.3
0500000US30097,30.6
0500000US30099,20.5
0500000US30101,26.4
0500000US30103,42.1
0500000US30105,16.2
0500000US30107,43.6
0500000US30109,25.6
0500000US30111,8.7
0500000US31001,18.8
0500000US31003,28.5
0500000US31005,46.5
0500000US31007,35.9
0500000US31009,52.0
0500000US31011,30.8
0500000US31013,13.8
0500000US31015,28.3
0500000US31017,21.9
0500000US31019,17.2
0500000US31021,22.3
0500000US31023,32.1
0500000US31025,11.2
0500000US31027,26.3
0500000US31029,26.8
0500000US31031,35.4
0500000US31033,12.4
0500000US31035,25.6
0500000US31037,45.0
0500000US31039,29.4
0500000US31041,26.5
0500000US31043,31.6
0500000US31045,13.0
0500000US31047,33.4
0500000US31049,14.1
0500000US31051,29.0
0500000US31053,20.6
0500000US31055,9.5
0500000US31057,31.9
0500000US31059,22.1
0500000US31061,24.6
0500000US31063,24.4
0500000US31065,25.8
0500000US31067,21.0
0500000US31069,15.0
0500000US31071,20.4
0500000US31073,22.6
0500000US31075,37.1
0500000US31077,28.9
0500000US31079,24.0
0500000US31081,25.2
0500000US31083,24.2
0500000US31085,42.1
0500000US31087,24.2
0500000US31089,20.7
0500000US31091,14.7
0500000US31093,27.7
0500000US31095,27.5
0500000US31097,18.8
0500000US31099,28.2
0500000US31101,18.6
0500000US31103,46.5
0500000US31105,26.1
0500000US31107,23.3
0500000US31109,10.2
0500000US31111,8.3
0500000US31113,26.0
0500000US31115,44.8
0500000US31117,26.8
0500000US31119,22.1
0500000US31121,23.4
0500000US31123,24.4
0500000US31125,24.8
0500000US31127,16.6
0500000US31129,23.7
0500000US31131,21.8
0500000US31133,28.6
0500000US31135,23.1
0500000US31137,25.4
0500000US31139,24.9
0500000US31141,34.8
0500000US31143,32.7
0500000US31145,18.3
0500000US31147,19.9
0500000US31149,31.8
0500000US31151,33.4
0500000US31153,8.5
0500000US31155,16.6
0500000US31157,11.3
0500000US31159,19.7
0500000US31161,20.9
0500000US31163,25.8
0500000US31165,35.9
0500000US31167,28.0
0500000US31169,26.2
0500000US31171,30.8
0500000US31173,18.8
0500000US31175,18.5
0500000US31177,15.3
0500000US31179,22.4
0500000US31181,23.7
0500000US31183,41.5
0500000US31185,19.2
0500000US32001,15.3
0500000US32003,3.5
0500000US32005,9.7
0500000US32007,28.9
0500000US32009,34.3
0500000US32011,41.9
0500000US32013,30.8
0500000US32015,42.4
0500000US32017,11.4
0500000US32019,14.9
0500000US32021,10.7
0500000US32023,13.1
0500000US32027,37.5
0500000US32029,9.5
0500000US32031,8.2
0500000US32033,26.1
0500000US32510,11.3
0500000US33001,11.7
0500000US33003,9.0
0500000US33005,15.0
0500000US33007,11.9
0500000US33009,11.2
0500000US33011,14.5
0500000US33013,11.2
0500000US33015,14.0
0500000US33017,13.5
0500000US33019,20.3
0500000US34001,4.2
0500000US34003,8.3
0500000US34005,8.0
0500000US34007,7.4
0500000US34009,3.9
0500000US34011,15.9
0500000US34013,6.8
0500000US34015,8.8
0500000US34017,7.0
0500000US34019,12.6
0500000US34021,8.3
0500000US34023,9.7
0500000US34025,6.3
0500000US34027,11.0
0500000US34029,5.7
0500000US34031,12.8
0500000US34033,14.0
0500000US34035,12.4
0500000US34037,10.6
0500000US34039,9.4
0500000US34041,11.6
0500000US35001,5.8
0500000US35003,22.1
0500000US35005,15.1
0500000US35006,13.4
0500000US35007,10.0
0500000US35009,11.3
0500000US35011,13.5
0500000US35013,7.6
0500000US35015,22.8
0500000US35017,16.0
0500000US35019,0.2
0500000US35021,28.3
0500000US35023,16.4
0500000US35025,23.6
0500000US35027,5.7
0500000US35028,2.1
0500000US35029,16.0
0500000US35031,8.4
0500000US35033,12.7
0500000US35035,4.7
0500000US35037,10.6
0500000US35039,3.9
0500000US35041,12.2
0500000US35043,8.7
0500000US35045,14.5
0500000US35047,4.1
0500000US35049,4.5
0500000US35051,8.8
0500000US35053,9.2
0500000US35055,6.8
0500000US35057,11.0
0500000US35059,21.9
0500000US35061,8.1
0500000US36001,5.4
0500000US36003,18.4
0500000US36005,3.7
0500000US36007,11.0
0500000US36009,16.7
0500000US36011,17.8
0500000US36013,20.7
0500000US36015,16.2
0500000US36017,21.4
0500000US36019,14.5
0500000US36021,9.8
0500000US36023,14.7
0500000US36025,17.5
0500000US36027,8.1
0500000US36029,11.0
0500000US36031,11.7
0500000US36033,7.7
0500000US36035,14.3
0500000US36037,18.3
0500000US36039,9.5
0500000US36041,7.3
0500000US36043,14.9
0500000US36045,7.9
0500000US36047,3.9
0500000US36049,18.9
0500000US36051,17.5
0500000US36053,13.6
0500000US36055,12.2
0500000US36057,16.7
0500000US36059,4.7
0500000US36061,3.0
0500000US36063,15.2
0500000US36065,11.0
0500000US36067,8.2
0500000US36069,15.9
0500000US36071,8.3
0500000US36073,21.6
0500000US36075,12.6
0500000US36077,11.0
0500000US36079,4.5
0500000US36081,4.3
0500000US36083,7.9
0500000US36085,2.9
0500000US36087,6.3
0500000US36089,9.3
0500000US36091,10.8
0500000US36093,7.3
0500000US36095,12.0
0500000US36097,17.6
0500000US36099,18.9
0500000US36101,21.6
0500000US36103,7.9
0500000US36105,6.9
0500000US36107,16.1
0500000US36109,6.7
0500000US36111,7.4
0500000US36113,8.9
0500000US36115,18.5
0500000US36117,21.1
0500000US36119,4.1
0500000US36121,20.8
0500000US36123,19.8
0500000US37001,17.0
0500000US37003,33.5
0500000US37005,19.2
0500000US37007,30.3
0500000US37009,16.1
0500000US37011,9.9
0500000US37013,21.3
0500000US37015,33.9
0500000US37017,29.2
0500000US37019,7.6
0500000US37021,10.6
0500000US37023,23.5
0500000US37025,10.8
0500000US37027,25.0
0500000US37029,15.0
0500000US37031,8.2
0500000US37033,20.3
0500000US37035,26.0
0500000US37037,15.5
0500000US37039,15.8
0500000US37041,15.1
0500000US37043,7.6
0500000US37045,20.3
0500000US37047,15.9
0500000US37049,13.3
0500000US37051,8.2
0500000US37053,8.4
0500000US37055,6.7
0500000US37057,22.5
0500000US37059,18.7
0500000US37061,31.1
0500000US37063,7.6
0500000US37065,21.8
0500000US37067,12.0
0500000US37069,16.2
0500000US37071,18.4
0500000US37073,23.8
0500000US37075,12.2
0500000US37077,17.8
0500000US37079,24.5
0500000US37081,13.6
0500000US37083,21.9
0500000US37085,12.0
0500000US37087,14.4
0500000US37089,16.5
0500000US37091,20.1
0500000US37093,16.3
0500000US37095,31.3
0500000US37097,19.4
0500000US37099,4.3
0500000US37101,12.5
0500000US37103,22.1
0500000US37105,23.6
0500000US37107,21.0
0500000US37109,20.9
0500000US37111,26.6
0500000US37113,8.2
0500000US37115,11.8
0500000US37117,22.9
0500000US37119,8.0
0500000US37121,22.0
0500000US37123,28.4
0500000US37125,11.5
0500000US37127,19.3
0500000US37129,6.9
0500000US37131,19.4
0500000US37133,5.0
0500000US37135,6.6
0500000US37137,17.0
0500000US37139,9.2
0500000US37141,11.3
0500000US37143,12.7
0500000US37145,16.8
0500000US37147,12.3
0500000US37149,13.6
0500000US37151,26.4
0500000US37153,20.2
0500000US37155,20.2
0500000US37157,20.4
0500000US37159,16.9
0500000US37161,21.7
0500000US37163,25.9
0500000US37165,22.4
0500000US37167,18.0
0500000US37169,19.9
0500000US37171,17.6
0500000US37173,8.6
0500000US37175,10.5
0500000US37177,18.0
0500000US37179,13.2
0500000US37181,19.6
0500000US37183,9.2
0500000US37185,19.1
0500000US37187,29.4
0500000US37189,5.0
0500000US37191,20.2
0500000US37193,20.8
0500000US37195,20.9
0500000US37197,21.5
0500000US37199,16.2
0500000US38001,26.6
0500000US38003,21.3
0500000US38005,19.9
0500000US38007,30.1
0500000US38009,23.4
0500000US38011,28.7
0500000US38013,33.6
0500000US38015,8.2
0500000US38017,11.1
0500000US38019,25.8
0500000US38021,27.3
0500000US38023,28.4
0500000US38025,29.9
0500000US38027,21.5
0500000US38029,27.6
0500000US38031,29.8
0500000US38033,30.4
0500000US38035,8.7
0500000US38037,36.0
0500000US38039,35.3
0500000US38041,31.0
0500000US38043,28.6
0500000US38045,32.1
0500000US38047,26.1
0500000US38049,26.4
0500000US38051,25.6
0500000US38053,24.7
0500000US38055,22.8
0500000US38057,19.4
0500000US38059,13.3
0500000US38061,23.5
0500000US38063,23.1
0500000US38065,23.6
0500000US38067,30.7
0500000US38069,15.9
0500000US38071,10.8
0500000US38073,36.7
0500000US38075,30.2
0500000US38077,28.4
0500000US38079,10.9
0500000US38081,46.5
0500000US38083,34.3
0500000US38085,9.2
0500000US38087,48.6
0500000US38089,24.5
0500000US38091,32.9
0500000US38093,19.3
0500000US38095,32.5
0500000US38097,20.7
0500000US38099,29.8
0500000US38101,12.3
0500000US38103,23.0
0500000US38105,27.8
0500000US39001,19.5
0500000US39003,22.2
0500000US39005,24.7
0500000US39007,26.0
0500000US39009,7.9
0500000US39011,32.3
0500000US39013,15.7
0500000US39015,19.9
0500000US39017,16.6
0500000US39019,25.6
0500000US39021,30.8
0500000US39023,19.4
0500000US39025,14.9
0500000US39027,18.8
0500000US39029,23.1
0500000US39031,31.7
0500000US39033,26.9
0500000US39035,12.9
0500000US39037,32.3
0500000US39039,30.3
0500000US39041,9.8
0500000US39043,19.7
0500000US39045,11.3
0500000US39047,23.4
0500000US39049,7.8
0500000US39051,26.1
0500000US39053,15.8
0500000US39055,17.7
0500000US39057,10.6
0500000US39059,20.6
0500000US39061,11.8
0500000US39063,29.6
0500000US39065,26.3
0500000US39067,23.4
0500000US39069,28.0
0500000US39071,23.5
0500000US39073,15.3
0500000US39075,36.7
0500000US39077,29.0
0500000US39079,22.7
0500000US39081,13.1
0500000US39083,20.3
0500000US39085,20.5
0500000US39087,14.2
0500000US39089,12.7
0500000US39091,33.4
0500000US39093,18.1
0500000US39095,15.9
0500000US39097,18.5
0500000US39099,15.0
0500000US39101,27.2
0500000US39103,16.8
0500000US39105,13.0
0500000US39107,39.4
0500000US39109,27.7
0500000US39111,19.5
0500000US39113,13.7
0500000US39115,20.8
0500000US39117,22.4
0500000US39119,15.1
0500000US39121,16.3
0500000US39123,19.4
0500000US39125,33.0
0500000US39127,18.9
0500000US39129,12.5
0500000US39131,18.9
0500000US39133,19.9
0500000US39135,24.8
0500000US39137,30.8
0500000US39139,20.7
0500000US39141,18.9
0500000US39143,31.7
0500000US39145,10.7
0500000US39147,29.7
0500000US39149,35.6
0500000US39151,18.5
0500000US39153,15.7
0500000US39155,20.6
0500000US39157,28.1
0500000US39159,20.6
0500000US39161,34.7
0500000US39163,22.2
0500000US39165,17.5
0500000US39167,17.1
0500000US39169,27.3
0500000US39171,36.8
0500000US39173,17.8
0500000US39175,34.3
0500000US40001,27.1
0500000US40003,32.0
0500000US40005,16.0
0500000US40007,32.0
0500000US40009,26.8
0500000US40011,22.3
0500000US40013,13.7
0500000US40015,20.1
0500000US40017,14.2
0500000US40019,20.0
0500000US40021,11.7
0500000US40023,14.2
0500000US40025,35.1
0500000US40027,9.1
0500000US40029,16.4
0500000US40031,10.8
0500000US40033,15.6
0500000US40035,14.4
0500000US40037,19.5
0500000US40039,19.9
0500000US40041,18.5
0500000US40043,29.2
0500000US40045,28.7
0500000US40047,18.0
0500000US40049,24.7
0500000US40051,19.1
0500000US40053,30.5
0500000US40055,16.4
0500000US40057,20.8
0500000US40059,26.2
0500000US40061,23.7
0500000US40063,18.2
0500000US40065,14.8
0500000US40067,24.1
0500000US40069,25.0
0500000US40071,19.5
0500000US40073,28.1
0500000US40075,23.1
0500000US40077,17.5
0500000US40079,18.9
0500000US40081,16.8
0500000US40083,14.9
0500000US40085,19.7
0500000US40087,14.7
0500000US40089,24.3
0500000US40091,14.9
0500000US40093,31.5
0500000US40095,24.1
0500000US40097,21.5
0500000US40099,17.3
0500000US40101,14.7
0500000US40103,28.9
0500000US40105,23.3
0500000US40107,16.4
0500000US40109,10.3
0500000US40111,16.6
0500000US40113,20.3
0500000US40115,17.9
0500000US40117,20.1
0500000US40119,11.2
0500000US40121,17.7
0500000US40123,12.9
0500000US40125,13.4
0500000US40127,15.9
0500000US40129,36.9
0500000US40131,18.2
0500000US40133,21.9
0500000US40135,16.0
0500000US40137,23.8
0500000US40139,41.2
0500000US40141,28.2
0500000US40143,13.8
0500000US40145,15.8
0500000US40147,18.1
0500000US40149,28.3
0500000US40151,19.6
0500000US40153,23.5
0500000US41001,20.8
0500000US41003,11.5
0500000US41005,14.0
0500000US41007,11.3
0500000US41009,19.5
0500000US41011,14.2
0500000US41013,18.4
0500000US41015,12.3
0500000US41017,11.0
0500000US41019,17.4
0500000US41021,17.3
0500000US41023,22.8
0500000US41025,25.5
0500000US41027,23.8
0500000US41029,12.7
0500000US41031,24.2
0500000US41033,13.4
0500000US41035,19.1
0500000US41037,31.1
0500000US41039,12.2
0500000US41041,10.3
0500000US41043,19.1
0500000US41045,25.8
0500000US41047,15.8
0500000US41049,40.2
0500000US41051,10.4
0500000US41053,14.6
0500000US41055,22.3
0500000US41057,20.4
0500000US41059,19.9
0500000US41061,15.7
0500000US41063,20.5
0500000US41065,17.2
0500000US41067,18.9
0500000US41069,20.5
0500000US41071,22.5
0500000US42001,20.8
0500000US42003,8.5
0500000US42005,18.8
0500000US42007,13.5
0500000US42009,19.2
0500000US42011,20.7
0500000US42013,12.9
0500000US42015,23.9
0500000US42017,12.3
0500000US42019,14.9
0500000US42021,11.1
0500000US42023,46.1
0500000US42025,16.3
0500000US42027,9.0
0500000US42029,14.2
0500000US42031,15.8
0500000US42033,14.3
0500000US42035,18.8
0500000US42037,18.3
0500000US42039,23.7
0500000US42041,9.5
0500000US42043,8.6
0500000US42045,7.8
0500000US42047,40.6
0500000US42049,18.7
0500000US42051,16.2
0500000US42053,13.0
0500000US42055,19.2
0500000US42057,25.6
0500000US42059,16.5
0500000US42061,16.8
0500000US42063,15.2
0500000US42065,22.5
0500000US42067,28.4
0500000US42069,11.7
0500000US42071,19.2
0500000US42073,17.0
0500000US42075,17.9
0500000US42077,15.5
0500000US42079,13.5
0500000US42081,17.5
0500000US42083,24.9
0500000US42085,18.1
0500000US42087,25.9
0500000US42089,9.8
0500000US42091,11.9
0500000US42093,13.4
0500000US42095,15.4
0500000US42097,16.9
0500000US42099,10.3
0500000US42101,6.9
0500000US42103,7.3
0500000US42105,23.4
0500000US42107,21.3
0500000US42109,21.7
0500000US42111,17.1
0500000US42113,22.1
0500000US42115,19.6
0500000US42117,22.1
0500000US42119,15.1
0500000US42121,21.7
0500000US42123,25.7
0500000US42125,14.6
0500000US42127,9.8
0500000US42129,15.2
0500000US42131,17.7
0500000US42133,17.7
0500000US44001,10.3
0500000US44003,11.7
0500000US44005,8.1
0500000US44007,12.1
0500000US44009,10.1
0500000US45001,25.5
0500000US45003,15.6
0500000US45005,27.0
0500000US45007,21.9
0500000US45009,25.6
0500000US45011,22.7
0500000US45013,5.2
0500000US45015,13.1
0500000US45017,18.8
0500000US45019,7.3
0500000US45021,25.3
0500000US45023,22.8
0500000US45025,32.2
0500000US45027,17.3
0500000US45029,10.1
0500000US45031,17.6
0500000US45033,28.3
0500000US45035,13.1
0500000US45037,23.9
0500000US45039,20.4
0500000US45041,14.3
0500000US45043,14.3
0500000US45045,17.8
0500000US45047,24.5
0500000US45049,18.8
0500000US45051,5.1
0500000US45053,6.8
0500000US45055,14.4
0500000US45057,17.6
0500000US45059,25.7
0500000US45061,24.4
0500000US45063,10.6
0500000US45065,22.6
0500000US45067,23.3
0500000US45069,28.0
0500000US45071,25.2
0500000US45073,20.7
0500000US45075,20.9
0500000US45077,17.1
0500000US45079,7.5
0500000US45081,25.7
0500000US45083,21.8
0500000US45085,19.6
0500000US45087,24.3
0500000US45089,21.6
0500000US45091,15.5
0500000US46003,31.1
0500000US46005,28.1
0500000US46007,17.1
0500000US46009,27.3
0500000US46011,26.0
0500000US46013,18.4
0500000US46015,18.8
0500000US46017,11.1
0500000US46019,26.3
0500000US46021,32.0
0500000US46023,16.0
0500000US46025,32.5
0500000US46027,10.3
0500000US46029,24.0
0500000US46031,28.3
0500000US46033,15.1
0500000US46035,18.9
0500000US46037,26.9
0500000US46039,35.9
0500000US46041,16.4
0500000US46043,27.1
0500000US46045,27.0
0500000US46047,11.9
0500000US46049,36.5
0500000US46051,25.2
0500000US46053,19.4
0500000US46055,30.2
0500000US46057,31.1
0500000US46059,29.7
0500000US46061,22.4
0500000US46063,50.8
0500000US46065,9.0
0500000US46067,27.3
0500000US46069,26.3
0500000US46071,23.1
0500000US46073,35.4
0500000US46075,37.7
0500000US46077,31.8
0500000US46079,21.2
0500000US46081,12.6
0500000US46083,10.6
0500000US46085,15.8
0500000US46087,24.4
0500000US46089,28.3
0500000US46091,36.8
0500000US46093,13.2
0500000US46095,27.4
0500000US46097,31.1
0500000US46099,11.9
0500000US46101,31.5
0500000US46102,5.8
0500000US46103,9.3
0500000US46105,37.2
0500000US46107,25.5
0500000US46109,21.7
0500000US46111,39.7
0500000US46115,23.8
0500000US46117,13.7
0500000US46119,36.3
0500000US46121,9.4
0500000US46123,25.9
0500000US46125,19.5
0500000US46127,17.8
0500000US46129,13.1
0500000US46135,21.3
0500000US46137,26.1
0500000US47001,12.2
0500000US47003,27.4
0500000US47005,17.9
0500000US47007,20.5
0500000US47009,14.0
0500000US47011,19.7
0500000US47013,18.6
0500000US47015,23.9
0500000US47017,21.5
0500000US47019,14.2
0500000US47021,13.9
0500000US47023,16.6
0500000US47025,24.4
0500000US47027,23.2
0500000US47029,20.0
0500000US47031,27.4
0500000US47033,23.5
0500000US47035,17.6
0500000US47037,7.5
0500000US47039,18.1
0500000US47041,31.8
0500000US47043,15.1
0500000US47045,23.8
0500000US47047,15.4
0500000US47049,19.2
0500000US47051,28.3
0500000US47053,20.2
0500000US47055,29.5
0500000US47057,23.5
0500000US47059,21.8
0500000US47061,27.8
0500000US47063,27.6
0500000US47065,13.0
0500000US47067,25.0
0500000US47069,25.1
0500000US47071,21.9
0500000US47073,24.7
0500000US47075,32.3
0500000US47077,22.4
0500000US47079,19.7
0500000US47081,17.6
0500000US47083,25.6
0500000US47085,21.7
0500000US47087,20.9
0500000US47089,18.6
0500000US47091,18.6
0500000US47093,8.0
0500000US47095,19.7
0500000US47097,25.0
0500000US47099,21.3
0500000US47101,19.8
0500000US47103,28.0
0500000US47105,19.3
0500000US47107,28.0
0500000US47109,23.5
0500000US47111,26.7
0500000US47113,13.4
0500000US47115,23.6
0500000US47117,27.7
0500000US47119,13.4
0500000US47121,29.7
0500000US47123,28.3
0500000US47125,12.6
0500000US47127,30.9
0500000US47129,13.5
0500000US47131,22.2
0500000US47133,20.7
0500000US47135,23.7
0500000US47137,20.9
0500000US47139,26.5
0500000US47141,14.0
0500000US47143,25.1
0500000US47145,12.7
0500000US47147,19.0
0500000US47149,14.5
0500000US47151,21.4
0500000US47153,17.5
0500000US47155,7.6
0500000US47157,9.1
0500000US47159,28.0
0500000US47161,15.1
0500000US47163,17.0
0500000US47165,12.2
0500000US47167,13.9
0500000US47169,13.3
0500000US47171,21.0
0500000US47173,19.2
0500000US47175,26.8
0500000US47177,29.3
0500000US47179,12.2
0500000US47181,16.2
0500000US47183,20.9
0500000US47185,25.7
0500000US47187,8.7
0500000US47189,10.3
0500000US48001,14.0
0500000US48003,35.8
0500000US48005,16.0
0500000US48007,10.2
0500000US48009,19.8
0500000US48011,14.6
0500000US48013,16.5
0500000US48015,19.5
0500000US48017,22.9
0500000US48019,12.8
0500000US48021,11.5
0500000US48023,13.2
0500000US48025,16.6
0500000US48027,7.4
0500000US48029,7.1
0500000US48031,12.3
0500000US48033,30.6
0500000US48035,18.9
0500000US48037,10.7
0500000US48039,16.3
0500000US48041,9.1
0500000US48043,9.7
0500000US48045,23.0
0500000US48047,11.8
0500000US48049,20.2
0500000US48051,22.9
0500000US48053,11.0
0500000US48055,12.8
0500000US48057,31.2
0500000US48059,17.0
0500000US48061,7.9
0500000US48063,23.0
0500000US48065,21.9
0500000US48067,20.5
0500000US48069,32.4
0500000US48071,20.8
0500000US48073,16.8
0500000US48075,9.2
0500000US48077,17.0
0500000US48079,37.9
0500000US48081,13.1
0500000US48083,21.2
0500000US48085,10.6
0500000US48087,22.1
0500000US48089,18.8
0500000US48091,8.9
0500000US48093,26.5
0500000US48095,24.1
0500000US48097,25.9
0500000US48099,5.8
0500000US48101,19.2
0500000US48103,34.5
0500000US48105,38.0
0500000US48107,19.6
0500000US48109,18.7
0500000US48111,28.8
0500000US48113,9.7
0500000US48115,24.9
0500000US48117,31.2
0500000US48119,20.2
0500000US48121,9.5
0500000US48123,26.8
0500000US48125,22.6
0500000US48127,17.7
0500000US48129,18.7
0500000US48131,28.0
0500000US48133,18.2
0500000US48135,21.0
0500000US48137,14.4
0500000US48139,15.7
0500000US48141,8.3
0500000US48143,23.6
0500000US48145,19.5
0500000US48147,18.7
0500000US48149,21.0
0500000US48151,24.6
0500000US48153,25.8
0500000US48155,16.7
0500000US48157,14.5
0500000US48159,20.0
0500000US48161,19.7
0500000US48163,23.5
0500000US48165,28.3
0500000US48167,12.5
0500000US48169,20.5
0500000US48171,10.2
0500000US48173,44.2
0500000US48175,24.7
0500000US48177,30.1
0500000US48179,23.5
0500000US48181,15.5
0500000US48183,18.4
0500000US48185,22.4
0500000US48187,13.9
0500000US48189,19.4
0500000US48191,18.2
0500000US48193,19.6
0500000US48195,29.4
0500000US48197,30.3
0500000US48199,16.6
0500000US48201,13.5
0500000US48203,19.6
0500000US48205,26.3
0500000US48207,20.4
0500000US48209,7.4
0500000US48211,28.2
0500000US48213,14.5
0500000US48215,7.3
0500000US48217,17.2
0500000US48219,20.2
0500000US48221,11.0
0500000US48223,18.4
0500000US48225,17.0
0500000US48227,18.9
0500000US48229,16.8
0500000US48231,16.7
0500000US48233,23.9
0500000US48235,31.3
0500000US48237,33.2
0500000US48239,30.7
0500000US48241,16.5
0500000US48243,21.1
0500000US48245,13.7
0500000US48247,25.1
0500000US48249,25.1
0500000US48251,16.5
0500000US48253,14.5
0500000US48255,20.3
0500000US48257,11.7
0500000US48259,10.5
0500000US48261,38.8
0500000US48263,20.0
0500000US48265,9.3
0500000US48267,15.8
0500000US48269,47.5
0500000US48271,7.9
0500000US48273,17.3
0500000US48275,31.1
0500000US48277,18.8
0500000US48279,26.6
0500000US48281,9.1
0500000US48283,26.7
0500000US48285,25.9
0500000US48287,19.4
0500000US48289,19.6
0500000US48291,22.5
0500000US48293,19.4
0500000US48295,31.6
0500000US48297,26.7
0500000US48299,8.3
0500000US48301,41.0
0500000US48303,7.8
0500000US48305,19.8
0500000US48307,19.0
0500000US48309,12.5
0500000US48311,18.9
0500000US48313,20.8
0500000US48315,13.9
0500000US48317,26.0
0500000US48319,22.7
0500000US48321,18.3
0500000US48323,14.8
0500000US48325,12.3
0500000US48327,17.5
0500000US48329,24.2
0500000US48331,18.9
0500000US48333,15.0
0500000US48335,19.8
0500000US48337,23.7
0500000US48339,15.3
0500000US48341,37.3
0500000US48343,26.8
0500000US48345,25.7
0500000US48347,16.6
0500000US48349,20.0
0500000US48351,23.3
0500000US48353,19.5
0500000US48355,10.0
0500000US48357,32.4
0500000US48359,19.2
0500000US48361,17.4
0500000US48363,21.8
0500000US48365,28.7
0500000US48367,16.1
0500000US48369,37.2
0500000US48371,20.2
0500000US48373,13.0
0500000US48375,13.4
0500000US48377,15.3
0500000US48379,19.0
0500000US48381,10.8
0500000US48383,43.0
0500000US48385,17.8
0500000US48387,25.6
0500000US48389,22.9
0500000US48391,23.8
0500000US48393,32.1
0500000US48395,17.8
0500000US48397,11.4
0500000US48399,27.8
0500000US48401,22.1
0500000US48403,17.3
0500000US48405,15.3
0500000US48407,14.2
0500000US48409,17.1
0500000US48411,28.7
0500000US48413,29.1
0500000US48415,22.3
0500000US48417,26.1
0500000US48419,26.6
0500000US48421,38.8
0500000US48423,12.4
0500000US48425,17.5
0500000US48427,9.1
0500000US48429,29.1
0500000US48431,27.4
0500000US48433,27.3
0500000US48435,39.8
0500000US48437,17.3
0500000US48439,12.0
0500000US48441,7.8
0500000US48443,21.3
0500000US48445,25.1
0500000US48447,29.3
0500000US48449,27.5
0500000US48451,14.9
0500000US48453,8.5
0500000US48455,15.2
0500000US48457,18.4
0500000US48459,19.8
0500000US48461,30.0
0500000US48463,17.5
0500000US48465,11.4
0500000US48467,15.1
0500000US48469,18.6
0500000US48471,8.2
0500000US48473,16.7
0500000US48475,26.2
0500000US48477,20.1
0500000US48479,6.1
0500000US48481,21.2
0500000US48483,27.4
0500000US48485,12.2
0500000US48487,18.5
0500000US48489,14.5
0500000US48491,11.7
0500000US48493,13.3
0500000US48495,26.3
0500000US48497,19.1
0500000US48499,13.9
0500000US48501,30.7
0500000US48503,20.6
0500000US48505,18.0
0500000US48507,15.7
0500000US49001,30.1
0500000US49003,29.6
0500000US49005,20.9
0500000US49007,13.9
0500000US49009,15.2
0500000US49011,11.0
0500000US49013,28.5
0500000US49015,13.9
0500000US49017,7.8
0500000US49019,7.9
0500000US49021,11.4
0500000US49023,22.7
0500000US49025,6.4
0500000US49027,26.3
0500000US49029,15.5
0500000US49031,18.1
0500000US49033,21.1
0500000US49035,11.8
0500000US49037,13.4
0500000US49039,17.8
0500000US49041,16.7
0500000US49043,7.5
0500000US49045,14.8
0500000US49047,24.2
0500000US49049,10.5
0500000US49051,6.4
0500000US49053,8.0
0500000US49055,16.2
0500000US49057,17.3
0500000US50001,16.8
0500000US50003,16.2
0500000US50005,15.6
0500000US50007,10.9
0500000US50009,19.8
0500000US50011,18.4
0500000US50013,16.4
0500000US50015,12.5
0500000US50017,13.3
0500000US50019,17.3
0500000US50021,13.7
0500000US50023,11.1
0500000US50025,12.3
0500000US50027,13.3
0500000US51001,23.2
0500000US51003,5.8
0500000US51005,22.5
0500000US51007,14.3
0500000US51009,18.0
0500000US51011,17.4
0500000US51013,2.2
0500000US51015,17.0
0500000US51017,13.9
0500000US51019,15.1
0500000US51021,18.0
0500000US51023,13.9
0500000US51025,8.9
0500000US51027,21.3
0500000US51029,12.2
0500000US51031,16.8
0500000US51033,8.3
0500000US51035,21.4
0500000US51036,19.1
0500000US51037,15.4
0500000US51041,7.8
0500000US51043,8.7
0500000US51045,18.0
0500000US51047,10.6
0500000US51049,8.2
0500000US51051,14.0
0500000US51053,12.3
0500000US51057,16.0
0500000US51059,2.9
0500000US51061,7.0
0500000US51063,23.7
0500000US51065,5.3
0500000US51067,17.7
0500000US51069,11.1
0500000US51071,25.5
0500000US51073,12.5
0500000US51075,7.0
0500000US51077,22.3
0500000US51079,6.1
0500000US51081,21.3
0500000US51083,22.4
0500000US51085,6.5
0500000US51087,6.2
0500000US51089,20.9
0500000US51091,20.7
0500000US51093,19.5
0500000US51095,8.2
0500000US51097,16.6
0500000US51099,5.0
0500000US51101,12.7
0500000US51103,7.5
0500000US51105,16.0
0500000US51107,4.9
0500000US51109,9.9
0500000US51111,19.5
0500000US51113,11.4
0500000US51115,11.0
0500000US51117,11.5
0500000US51119,16.1
0500000US51121,9.0
0500000US51125,12.0
0500000US51127,10.2
0500000US51131,13.3
0500000US51133,6.9
0500000US51135,13.7
0500000US51137,9.7
0500000US51139,19.6
0500000US51141,25.0
0500000US51143,21.4
0500000US51145,7.2
0500000US51147,7.4
0500000US51149,11.1
0500000US51153,3.5
0500000US51155,23.4
0500000US51157,8.8
0500000US51159,12.7
0500000US51161,9.5
0500000US51163,17.8
0500000US51165,18.8
0500000US51167,16.9
0500000US51169,21.1
0500000US51171,20.5
0500000US51173,23.3
0500000US51175,18.5
0500000US51177,5.0
0500000US51179,3.2
0500000US51181,19.3
0500000US51183,16.6
0500000US51185,17.9
0500000US51187,8.1
0500000US51191,15.3
0500000US51193,6.9
0500000US51195,12.4
0500000US51197,23.0
0500000US51199,9.8
0500000US51510,2.3
0500000US51520,12.1
0500000US51530,25.8
0500000US51540,4.3
0500000US51550,8.8
0500000US51570,9.0
0500000US51580,24.5
0500000US51590,16.7
0500000US51595,13.3
0500000US51600,3.9
0500000US51610,3.2
0500000US51620,14.5
0500000US51630,2.6
0500000US51640,25.6
0500000US51650,12.4
0500000US51660,12.7
0500000US51670,12.5
0500000US51678,4.7
0500000US51680,9.7
0500000US51683,5.4
0500000US51685,2.9
0500000US51690,16.7
0500000US51700,13.1
0500000US51710,7.3
0500000US51720,10.2
0500000US51730,11.6
0500000US51735,12.8
0500000US51740,12.0
0500000US51750,11.4
0500000US51760,5.3
0500000US51770,10.1
0500000US51775,10.4
0500000US51790,7.7
0500000US51800,13.7
0500000US51810,6.8
0500000US51820,12.4
0500000US51830,4.1
0500000US51840,10.5
0500000US53001,44.4
0500000US53003,15.4
0500000US53005,11.9
0500000US53007,17.3
0500000US53009,10.6
0500000US53011,12.9
0500000US53013,15.6
0500000US53015,17.8
0500000US53017,21.9
0500000US53019,18.0
0500000US53021,28.5
0500000US53023,20.2
0500000US53025,36.9
0500000US53027,15.7
0500000US53029,13.8
0500000US53031,10.4
0500000US53033,10.5
0500000US53035,10.9
0500000US53037,9.0
0500000US53039,23.3
0500000US53041,15.7
0500000US53043,21.1
0500000US53045,18.6
0500000US53047,19.2
0500000US53049,21.9
0500000US53051,12.4
0500000US53053,10.9
0500000US53055,7.8
0500000US53057,16.5
0500000US53059,17.8
0500000US53061,17.4
0500000US53063,9.5
0500000US53065,16.8
0500000US53067,7.3
0500000US53069,18.8
0500000US53071,13.1
0500000US53073,14.6
0500000US53075,12.9
0500000US53077,24.5
0500000US54001,14.5
0500000US54003,10.2
0500000US54005,25.3
0500000US54007,16.1
0500000US54009,14.3
0500000US54011,8.4
0500000US54013,17.2
0500000US54015,20.3
0500000US54017,19.4
0500000US54019,13.5
0500000US54021,15.4
0500000US54023,22.7
0500000US54025,10.7
0500000US54027,18.6
0500000US54029,18.0
0500000US54031,29.3
0500000US54033,11.1
0500000US54035,16.5
0500000US54037,7.8
0500000US54039,7.7
0500000US54041,15.0
0500000US54043,13.8
0500000US54045,20.1
0500000US54047,18.5
0500000US54049,13.3
0500000US54051,12.8
0500000US54053,18.5
0500000US54055,10.5
0500000US54057,20.3
0500000US54059,22.9
0500000US54061,9.2
0500000US54063,26.4
0500000US54065,15.0
0500000US54067,17.8
0500000US54069,9.0
0500000US54071,20.0
0500000US54073,19.8
0500000US54075,15.0
0500000US54077,18.9
0500000US54079,11.2
0500000US54081,12.6
0500000US54083,10.6
0500000US54085,24.7
0500000US54087,15.0
0500000US54089,6.1
0500000US54091,15.4
0500000US54093,16.0
0500000US54095,21.8
0500000US54097,17.9
0500000US54099,12.7
0500000US54101,25.5
0500000US54103,15.5
0500000US54105,18.0
0500000US54107,13.0
0500000US54109,22.5
0500000US55001,18.0
0500000US55003,15.6
0500000US55005,29.7
0500000US55007,14.4
0500000US55009,20.9
0500000US55011,31.2
0500000US55013,18.9
0500000US55015,30.3
0500000US55017,25.0
0500000US55019,38.4
0500000US55021,21.2
0500000US55023,25.1
0500000US55025,10.1
0500000US55027,31.2
0500000US55029,21.4
0500000US55031,9.0
0500000US55033,21.3
0500000US55035,12.6
0500000US55037,20.6
0500000US55039,27.8
0500000US55041,18.2
0500000US55043,24.1
0500000US55045,24.4
0500000US55047,33.2
0500000US55049,19.4
0500000US55051,17.1
0500000US55053,26.6
0500000US55055,25.2
0500000US55057,24.8
0500000US55059,19.2
0500000US55061,34.2
0500000US55063,13.9
0500000US55065,31.7
0500000US55067,23.1
0500000US55069,25.7
0500000US55071,33.6
0500000US55073,24.5
0500000US55075,30.9
0500000US55077,29.1
0500000US55078,14.2
0500000US55079,15.4
0500000US55081,22.8
0500000US55083,28.2
0500000US55085,14.1
0500000US55087,24.3
0500000US55089,20.7
0500000US55091,26.1
0500000US55093,24.5
0500000US55095,27.7
0500000US55097,17.8
0500000US55099,37.8
0500000US55101,23.9
0500000US55103,31.5
0500000US55105,24.3
0500000US55107,32.9
0500000US55109,21.0
0500000US55111,20.4
0500000US55113,12.9
0500000US55115,27.7
0500000US55117,34.6
0500000US55119,38.3
0500000US55121,36.7
0500000US55123,24.4
0500000US55125,6.7
0500000US55127,21.9
0500000US55129,22.4
0500000US55131,25.3
0500000US55133,18.7
0500000US55135,32.5
0500000US55137,27.8
0500000US55139,25.6
0500000US55141,22.9
0500000US56001,6.5
0500000US56003,28.5
0500000US56005,28.3
0500000US56007,25.4
0500000US56009,25.6
0500000US56011,31.0
0500000US56013,12.5
0500000US56015,17.2
0500000US56017,15.2
0500000US56019,22.0
0500000US56021,7.7
0500000US56023,15.6
0500000US56025,15.6
0500000US56027,19.4
0500000US56029,15.3
0500000US56031,14.9
0500000US56033,11.8
0500000US56035,35.3
0500000US56037,25.1
0500000US56039,6.9
0500000US56041,15.5
0500000US56043,22.8
0500000US56045,30.1
0500000US72001,17.6
0500000US72003,11.4
0500000US72005,11.4
0500000US72007,11.7
0500000US72009,18.2
0500000US72011,21.7
0500000US72013,15.5
0500000US72015,10.0
0500000US72017,18.4
0500000US72019,9.3
0500000US72021,5.4
0500000US72023,13.0
0500000US72025,9.1
0500000US72027,14.0
0500000US72029,9.2
0500000US72031,5.1
0500000US72033,4.8
0500000US72035,14.3
0500000US72037,13.9
0500000US72039,18.4
0500000US72041,15.5
0500000US72043,22.6
0500000US72045,8.6
0500000US72047,13.6
0500000US72049,2.3
0500000US72051,13.0
0500000US72053,7.7
0500000US72054,15.4
0500000US72055,14.3
0500000US72057,13.1
0500000US72059,13.8
0500000US72061,4.8
0500000US72063,13.5
0500000US72065,14.0
0500000US72067,8.1
0500000US72069,13.8
0500000US72071,11.1
0500000US72073,36.2
0500000US72075,17.8
0500000US72077,16.3
0500000US72079,19.2
0500000US72081,20.0
0500000US72083,16.2
0500000US72085,22.5
0500000US72087,5.5
0500000US72089,9.0
0500000US72091,16.1
0500000US72093,33.2
0500000US72095,10.8
0500000US72097,9.1
0500000US72099,9.9
0500000US72101,17.2
0500000US72103,14.8
0500000US72105,10.6
0500000US72107,17.1
0500000US72109,17.1
0500000US72111,11.1
0500000US72113,10.5
0500000US72115,14.6
0500000US72117,12.2
0500000US72119,8.6
0500000US72121,16.7
0500000US72123,17.9
0500000US72125,15.4
0500000US72127,4.2
0500000US72129,14.1
0500000US72131,15.6
0500000US72133,19.7
0500000US72135,7.7
0500000US72137,5.5
0500000US72139,4.7
0500000US72141,12.4
0500000US72143,14.6
0500000US72145,17.2
0500000US72147,7.3
0500000US72149,21.5
0500000US72151,18.9
0500000US72153,16.4