GEO_ID,Poverty
0500000US01001,12.3
0500000US01003,13.0
0500000US01005,26.4
0500000US01007,16.5
0500000US01009,16.5
0500000US01011,26.9
0500000US01013,25.7
0500000US01015,19.6
0500000US01017,20.3
0500000US01019,16.4
0500000US01021,20.3
0500000US01023,21.0
0500000US01025,24.6
0500000US01027,16.7
0500000US01029,19.6
0500000US01031,16.4
0500000US01033,16.5
0500000US01035,32.5
0500000US01037,15.3
0500000US01039,19.0
0500000US01041,18.2
0500000US01043,17.1
0500000US01045,20.5
0500000US01047,34.3
0500000US01049,19.8
0500000US01051,14.3
0500000US01053,25.2
0500000US01055,18.4
0500000US01057,17.3
0500000US01059,22.3
0500000US01061,22.8
0500000US01063,37.9
0500000US01065,25.9
0500000US01067,15.3
0500000US01069,18.9
0500000US01071,18.8
0500000US01073,18.1
0500000US01075,23.9
0500000US01077,18.3
0500000US01079,18.3
0500000US01081,23.0
0500000US01083,14.1
0500000US01085,28.7
0500000US01087,25.5
0500000US01089,13.3
0500000US01091,27.8
0500000US01093,18.6
0500000US01095,20.5
0500000US01097,19.5
0500000US01099,32.1
0500000US01101,21.3
0500000US01103,16.3
0500000US01105,39.8
0500000US01107,23.9
0500000US01109,25.7
0500000US01111,20.6
0500000US01113,21.5
0500000US01115,13.7
0500000US01117,8.5
0500000US01119,36.7
0500000US01121,20.8
0500000US01123,23.4
0500000US01125,18.0
0500000US01127,21.9
0500000US01129,21.6
0500000US01131,34.9
0500000US01133,20.6
0500000US02013,15.5
0500000US02016,7.7
0500000US02020,8.1
0500000US02050,26.6
0500000US02060,7.3
0500000US02068,11.3
0500000US02070,16.5
0500000US02090,7.8
0500000US02100,5.3
0500000US02105,12.3
0500000US02110,7.4
0500000US02122,11.0
0500000US02130,10.8
0500000US02150,9.2
0500000US02158,36.0
0500000US02164,18.8
0500000US02170,9.7
0500000US02180,27.0
0500000US02185,11.2
0500000US02188,24.5
0500000US02195,9.3
0500000US02198,14.9
0500000US02220,9.0
0500000US02230,5.3
0500000US02240,13.6
0500000US02261,8.5
0500000US02275,9.9
0500000US02282,7.9
0500000US02290,23.5
0500000US04001,36.2
0500000US04003,18.9
0500000US04005,22.2
0500000US04007,21.2
0500000US04009,22.5
0500000US04011,13.4
0500000US04012,21.1
0500000US04013,16.5
0500000US04015,19.3
0500000US04017,29.9
0500000US04019,19.1
0500000US04021,16.5
0500000US04023,21.9
0500000US04025,14.7
0500000US04027,20.5
0500000US05001,19.6
0500000US05003,19.9
0500000US05005,13.8
0500000US05007,11.4
0500000US05009,17.5
0500000US05011,28.8
0500000US05013,19.2
0500000US05015,17.5
0500000US05017,30.9
0500000US05019,24.0
0500000US05021,22.2
0500000US05023,15.5
0500000US05025,20.0
0500000US05027,24.9
0500000US05029,21.5
0500000US05031,18.9
0500000US05033,18.8
0500000US05035,24.6
0500000US05037,19.8
0500000US05039,14.7
0500000US05041,32.0
0500000US05043,27.7
0500000US05045,16.1
0500000US05047,21.1
0500000US05049,23.2
0500000US05051,20.6
0500000US05053,13.0
0500000US05055,17.7
0500000US05057,26.7
0500000US05059,17.0
0500000US05061,19.6
0500000US05063,19.2
0500000US05065,22.0
0500000US05067,27.1
0500000US05069,25.5
0500000US05071,21.4
0500000US05073,26.4
0500000US05075,23.6
0500000US05077,30.1
0500000US05079,23.3
0500000US05081,19.4
0500000US05083,19.0
0500000US05085,12.1
0500000US05087,18.1
0500000US05089,19.9
0500000US05091,20.6
0500000US05093,25.5
0500000US05095,28.6
0500000US05097,18.8
0500000US05099,30.8
0500000US05101,21.6
0500000US05103,24.5
0500000US05105,17.8
0500000US05107,33.5
0500000US05109,18.5
0500000US05111,22.1
0500000US05113,25.2
0500000US05115,19.6
0500000US05117,19.8
0500000US05119,18.0
0500000US05121,19.6
0500000US05123,24.6
0500000US05125,8.5
0500000US05127,20.9
0500000US05129,20.7
0500000US05131,22.2
0500000US05133,22.4
0500000US05135,22.2
0500000US05137,23.6
0500000US05139,20.7
0500000US05141,18.5
0500000US05143,19.0
0500000US05145,17.7
0500000US05147,24.1
0500000US05149,17.5
0500000US06001,12.0
0500000US06003,18.9
0500000US06005,11.2
0500000US06007,21.3
0500000US06009,12.7
0500000US06011,13.5
0500000US06013,10.2
0500000US06015,21.7
0500000US06017,9.8
0500000US06019,26.9
0500000US06021,20.3
0500000US06023,21.0
0500000US06025,24.1
0500000US06027,10.8
0500000US06029,23.1
0500000US06031,21.6
0500000US06033,24.6
0500000US06035,16.2
0500000US06037,17.8
0500000US06039,22.1
0500000US06041,8.1
0500000US06043,16.3
0500000US06045,20.2
0500000US06047,24.2
0500000US06049,16.9
0500000US06051,8.8
0500000US06053,16.1
0500000US06055,8.8
0500000US06057,12.1
0500000US06059,12.5
0500000US06061,8.7
0500000US06063,12.8
0500000US06065,16.5
0500000US06067,17.9
0500000US06069,10.8
0500000US06071,19.1
0500000US06073,14.0
0500000US06075,12.5
0500000US06077,17.8
0500000US06079,14.2
0500000US06081,7.7
0500000US06083,15.9
0500000US06085,9.3
0500000US06087,15.1
0500000US06089,17.5
0500000US06091,11.3
0500000US06093,22.0
0500000US06095,12.7
0500000US06097,11.2
0500000US06099,18.2
0500000US06101,17.5
0500000US06103,21.5
0500000US06105,20.1
0500000US06107,28.3
0500000US06109,14.2
0500000US06111,10.6
0500000US06113,19.3
0500000US06115,20.8
0500000US08001,12.9
0500000US08003,31.4
0500000US08005,10.7
0500000US08007,11.2
0500000US08009,18.0
0500000US08011,25.2
0500000US08013,13.4
0500000US08014,5.9
0500000US08015,9.6
0500000US08017,11.3
0500000US08019,7.4
0500000US08021,22.1
0500000US08023,30.4
0500000US08025,34.1
0500000US08027,17.9
0500000US08029,16.8
0500000US08031,16.4
0500000US08033,19.3
0500000US08035,3.8
0500000US08037,8.1
0500000US08039,5.1
0500000US08041,11.3
0500000US08043,16.6
0500000US08045,11.1
0500000US08047,7.1
0500000US08049,10.6
0500000US08051,15.4
0500000US08053,11.2
0500000US08055,17.1
0500000US08057,13.8
0500000US08059,8.1
0500000US08061,10.7
0500000US08063,14.2
0500000US08065,11.5
0500000US08067,10.7
0500000US08069,13.2
0500000US08071,14.3
0500000US08073,17.0
0500000US08075,16.3
0500000US08077,16.3
0500000US08079,8.2
0500000US08081,11.1
0500000US08083,18.7
0500000US08085,18.0
0500000US08087,10.7
0500000US08089,23.1
0500000US08091,9.2
0500000US08093,6.3
0500000US08095,11.9
0500000US08097,8.6
0500000US08099,20.6
0500000US08101,20.2
0500000US08103,12.4
0500000US08105,19.2
0500000US08107,10.2
0500000US08109,22.6
0500000US08111,3.8
0500000US08113,11.9
0500000US08115,14.7
0500000US08117,12.1
0500000US08119,7.5
0500000US08121,11.7
0500000US08123,12.6
0500000US08125,14.6
0500000US09001,8.8
0500000US09003,11.6
0500000US09005,6.9
0500000US09007,7.0
0500000US09009,12.8
0500000US09011,9.9
0500000US09013,6.8
0500000US09015,11.2
0500000US10001,13.2
0500000US10003,11.4
0500000US10005,12.9
0500000US11001,17.9
0500000US12001,24.2
0500000US12003,18.5
0500000US12005,15.6
0500000US12007,19.3
0500000US12009,14.0
0500000US12011,14.4
0500000US12013,13.1
0500000US12015,12.4
0500000US12017,17.7
0500000US12019,10.2
0500000US12021,13.2
0500000US12023,19.4
0500000US12027,29.9
0500000US12029,21.5
0500000US12031,16.6
0500000US12033,14.7
0500000US12035,13.2
0500000US12037,20.7
0500000US12039,25.6
0500000US12041,23.8
0500000US12043,20.7
0500000US12045,15.3
0500000US12047,27.0
0500000US12049,26.4
0500000US12051,26.3
0500000US12053,15.6
0500000US12055,19.4
0500000US12057,16.4
0500000US12059,26.0
0500000US12061,14.1
0500000US12063,22.9
0500000US12065,15.8
0500000US12067,18.0
0500000US12069,13.5
0500000US12071,15.5
0500000US12073,21.3
0500000US12075,22.2
0500000US12077,16.9
0500000US12079,28.5
0500000US12081,14.3
0500000US12083,18.2
0500000US12085,11.8
0500000US12086,19.9
0500000US12087,13.0
0500000US12089,12.7
0500000US12091,12.0
0500000US12093,25.3
0500000US12095,17.3
0500000US12097,19.5
0500000US12099,13.9
0500000US12101,13.6
0500000US12103,14.1
0500000US12105,17.7
0500000US12107,27.0
0500000US12109,9.0
0500000US12111,17.9
0500000US12113,12.3
0500000US12115,11.0
0500000US12117,12.1
0500000US12119,9.9
0500000US12121,22.7
0500000US12123,14.8
0500000US12125,22.4
0500000US12127,16.7
0500000US12129,14.3
0500000US12131,17.4
0500000US12133,20.5
0500000US13001,20.6
0500000US13003,27.6
0500000US13005,18.3
0500000US13007,15.7
0500000US13009,29.7
0500000US13011,15.5
0500000US13013,14.5
0500000US13015,14.8
0500000US13017,35.0
0500000US13019,25.6
0500000US13021,27.8
0500000US13023,23.0
0500000US13025,21.2
0500000US13027,24.7
0500000US13029,13.3
0500000US13031,31.5
0500000US13033,30.5
0500000US13035,20.5
0500000US13037,32.7
0500000US13039,14.0
0500000US13043,29.7
0500000US13045,19.3
0500000US13047,11.8
0500000US13049,20.6
0500000US13051,18.0
0500000US13053,14.3
0500000US13055,22.4
0500000US13057,10.0
0500000US13059,35.2
0500000US13061,39.8
0500000US13063,24.3
0500000US13065,35.3
0500000US13067,11.6
0500000US13069,24.5
0500000US13071,25.0
0500000US13073,9.5
0500000US13075,26.2
0500000US13077,12.0
0500000US13079,19.1
0500000US13081,32.9
0500000US13083,16.6
0500000US13085,13.4
0500000US13087,26.5
0500000US13089,19.0
0500000US13091,22.2
0500000US13093,24.3
0500000US13095,30.5
0500000US13097,15.2
0500000US13099,31.2
0500000US13101,30.2
0500000US13103,10.8
0500000US13105,19.8
0500000US13107,29.5
0500000US13109,26.2
0500000US13111,18.0
0500000US13113,7.1
0500000US13115,19.8
0500000US13117,6.4
0500000US13119,25.2
0500000US13121,17.0
0500000US13123,19.4
0500000US13125,15.2
0500000US13127,18.7
0500000US13129,20.6
0500000US13131,29.6
0500000US13133,24.3
0500000US13135,13.0
0500000US13137,18.3
0500000US13139,17.7
0500000US13141,31.4
0500000US13143,20.3
0500000US13145,8.4
0500000US13147,21.2
0500000US13149,17.0
0500000US13151,12.1
0500000US13153,18.0
0500000US13155,24.9
0500000US13157,13.5
0500000US13159,20.1
0500000US13161,20.7
0500000US13163,28.9
0500000US13165,28.3
0500000US13167,25.2
0500000US13169,13.7
0500000US13171,22.2
0500000US13173,28.2
0500000US13175,27.7
0500000US13177,11.9
0500000US13179,16.9
0500000US13181,25.4
0500000US13183,16.2
0500000US13185,25.0
0500000US13187,21.6
0500000US13189,26.1
0500000US13191,20.1
0500000US13193,32.6
0500000US13195,16.1
0500000US13197,25.2
0500000US13199,23.7
0500000US13201,25.1
0500000US13205,29.9
0500000US13207,13.2
0500000US13209,22.8
0500000US13211,13.3
0500000US13213,18.8
0500000US13215,20.9
0500000US13217,17.0
0500000US13219,7.1
0500000US13221,17.9
0500000US13223,10.7
0500000US13225,21.0
0500000US13227,10.3
0500000US13229,19.9
0500000US13231,12.1
0500000US13233,20.1
0500000US13235,23.8
0500000US13237,17.8
0500000US13239,25.7
0500000US13241,21.8
0500000US13243,28.7
0500000US13245,25.2
0500000US13247,17.2
0500000US13249,21.9
0500000US13251,25.0
0500000US13253,19.1
0500000US13255,23.6
0500000US13257,20.0
0500000US13259,41.4
0500000US13261,33.6
0500000US13263,20.7
0500000US13265,31.4
0500000US13267,27.7
0500000US13269,28.4
0500000US13271,28.7
0500000US13273,34.7
0500000US13275,21.3
0500000US13277,27.5
0500000US13279,26.6
0500000US13281,15.1
0500000US13283,18.7
0500000US13285,21.3
0500000US13287,27.6
0500000US13289,30.3
0500000US13291,13.1
0500000US13293,22.9
0500000US13295,18.4
0500000US13297,13.2
0500000US13299,28.1
0500000US13301,26.4
0500000US13303,26.4
0500000US13305,20.6
0500000US13307,22.4
0500000US13309,27.4
0500000US13311,19.3
0500000US13313,19.6
0500000US13315,20.9
0500000US13317,26.7
0500000US13319,20.8
0500000US13321,18.4
0500000US15001,18.7
0500000US15003,9.5
0500000US15005,12.9
0500000US15007,9.6
0500000US15009,9.8
0500000US16001,12.2
0500000US16003,14.6
0500000US16005,18.3
0500000US16007,14.5
0500000US16009,16.8
0500000US16011,13.4
0500000US16013,12.7
0500000US16015,13.7
0500000US16017,15.0
0500000US16019,12.7
0500000US16021,16.6
0500000US16023,15.5
0500000US16025,19.8
0500000US16027,18.7
0500000US16029,10.2
0500000US16031,15.5
0500000US16033,27.1
0500000US16035,13.1
0500000US16037,20.6
0500000US16039,18.1
0500000US16041,12.4
0500000US16043,12.0
0500000US16045,22.2
0500000US16047,15.6
0500000US16049,16.1
0500000US16051,11.2
0500000US16053,16.9
0500000US16055,12.6
0500000US16057,22.4
0500000US16059,16.9
0500000US16061,15.9
0500000US16063,12.0
0500000US16065,32.6
0500000US16067,17.8
0500000US16069,13.6
0500000US16071,13.7
0500000US16073,23.6
0500000US16075,18.9
0500000US16077,12.3
0500000US16079,17.9
0500000US16081,12.3
0500000US16083,15.6
0500000US16085,14.0
0500000US16087,15.3
0500000US17001,12.9
0500000US17003,33.5
0500000US17005,16.5
0500000US17007,11.1
0500000US17009,11.7
0500000US17011,13.1
0500000US17013,12.4
0500000US17015,11.4
0500000US17017,13.9
0500000US17019,21.6
0500000US17021,13.6
0500000US17023,16.3
0500000US17025,14.1
0500000US17027,9.5
0500000US17029,21.9
0500000US17031,16.7
0500000US17033,12.3
0500000US17035,16.3
0500000US17037,18.2
0500000US17039,12.0
0500000US17041,11.4
0500000US17043,7.0
0500000US17045,16.2
0500000US17047,11.7
0500000US17049,10.8
0500000US17051,16.1
0500000US17053,14.0
0500000US17055,19.2
0500000US17057,15.6
0500000US17059,16.2
0500000US17061,17.4
0500000US17063,9.8
0500000US17065,15.0
0500000US17067,11.5
0500000US17069,18.8
0500000US17071,10.6
0500000US17073,12.3
0500000US17075,16.1
0500000US17077,28.3
0500000US17079,8.2
0500000US17081,17.7
0500000US17083,9.1
0500000US17085,9.3
0500000US17087,12.6
0500000US17089,11.0
0500000US17091,15.7
0500000US17093,5.4
0500000US17095,17.6
0500000US17097,8.9
0500000US17099,13.9
0500000US17101,16.0
0500000US17103,12.0
0500000US17105,12.8
0500000US17107,12.5
0500000US17109,23.5
0500000US17111,7.8
0500000US17113,14.2
0500000US17115,18.7
0500000US17117,13.0
0500000US17119,13.2
0500000US17121,18.3
0500000US17123,9.9
0500000US17125,15.5
0500000US17127,18.8
0500000US17129,12.7
0500000US17131,10.3
0500000US17133,4.4
0500000US17135,15.4
0500000US17137,15.0
0500000US17139,12.1
0500000US17141,10.9
0500000US17143,16.5
0500000US17145,16.1
0500000US17147,5.7
0500000US17149,14.4
0500000US17151,14.9
0500000US17153,18.3
0500000US17155,10.4
0500000US17157,11.1
0500000US17159,14.7
0500000US17161,15.1
0500000US17163,17.6
0500000US17165,22.3
0500000US17167,15.2
0500000US17169,20.1
0500000US17171,14.9
0500000US17173,12.9
0500000US17175,13.4
0500000US17177,15.9
0500000US17179,7.9
0500000US17181,15.5
0500000US17183,19.7
0500000US17185,12.0
0500000US17187,15.5
0500000US17189,11.2
0500000US17191,15.6
0500000US17193,14.0
0500000US17195,11.4
0500000US17197,7.7
0500000US17199,14.9
0500000US17201,15.5
0500000US17203,7.7
0500000US18001,18.0
0500000US18003,15.2
0500000US18005,12.6
0500000US18007,12.8
0500000US18009,12.0
0500000US18011,6.1
0500000US18013,12.7
0500000US18015,10.8
0500000US18017,15.1
0500000US18019,9.9
0500000US18021,16.7
0500000US18023,12.7
0500000US18025,19.5
0500000US18027,13.5
0500000US18029,9.3
0500000US18031,13.0
0500000US18033,12.8
0500000US18035,22.0
0500000US18037,8.5
0500000US18039,14.9
0500000US18041,19.3
0500000US18043,12.1
0500000US18045,12.7
0500000US18047,11.4
0500000US18049,14.0
0500000US18051,11.0
0500000US18053,19.4
0500000US18055,14.9
0500000US18057,5.1
0500000US18059,7.4
0500000US18061,13.2
0500000US18063,5.1
0500000US18065,16.2
0500000US18067,16.8
0500000US18069,12.0
0500000US18071,14.8
0500000US18073,7.7
0500000US18075,15.9
0500000US18077,14.5
0500000US18079,15.3
0500000US18081,9.3
0500000US18083,14.1
0500000US18085,11.0
0500000US18087,12.5
0500000US18089,17.6
0500000US18091,17.3
0500000US18093,12.9
0500000US18095,16.8
0500000US18097,20.5
0500000US18099,11.6
0500000US18101,12.2
0500000US18103,16.1
0500000US18105,25.0
0500000US18107,12.7
0500000US18109,12.5
0500000US18111,13.3
0500000US18113,11.4
0500000US18115,6.7
0500000US18117,16.4
0500000US18119,14.8
0500000US18121,15.0
0500000US18123,14.7
0500000US18125,10.1
0500000US18127,10.8
0500000US18129,9.7
0500000US18131,13.4
0500000US18133,10.3
0500000US18135,17.3
0500000US18137,10.1
0500000US18139,18.0
0500000US18141,17.2
0500000US18143,14.0
0500000US18145,12.5
0500000US18147,9.9
0500000US18149,15.7
0500000US18151,10.4
0500000US18153,17.3
0500000US18155,21.5
0500000US18157,21.8
0500000US18159,8.7
0500000US18161,9.5
0500000US18163,17.0
0500000US18165,13.4
0500000US18167,20.3
0500000US18169,12.7
0500000US18171,7.9
0500000US18173,9.5
0500000US18175,14.9
0500000US18177,19.9
0500000US18179,12.6
0500000US18181,10.0
0500000US18183,8.8
0500000US19001,9.7
0500000US19003,9.8
0500000US19005,10.2
0500000US19007,16.1
0500000US19009,11.6
0500000US19011,9.2
0500000US19013,15.4
0500000US19015,10.3
0500000US19017,7.3
0500000US19019,9.2
0500000US19021,13.3
0500000US19023,8.8
0500000US19025,14.8
0500000US19027,9.4
0500000US19029,15.1
0500000US19031,6.4
0500000US19033,12.8
0500000US19035,11.8
0500000US19037,9.0
0500000US19039,16.0
0500000US19041,11.9
0500000US19043,10.5
0500000US19045,13.6
0500000US19047,21.7
0500000US19049,5.7
0500000US19051,18.7
0500000US19053,20.8
0500000US19055,9.6
0500000US19057,16.7
0500000US19059,6.9
0500000US19061,12.5
0500000US19063,13.6
0500000US19065,13.1
0500000US19067,14.1
0500000US19069,14.7
0500000US19071,10.5
0500000US19073,10.6
0500000US19075,6.0
0500000US19077,10.6
0500000US19079,10.8
0500000US19081,9.5
0500000US19083,8.1
0500000US19085,10.5
0500000US19087,13.6
0500000US19089,11.6
0500000US19091,13.6
0500000US19093,11.0
0500000US19095,9.8
0500000US19097,13.8
0500000US19099,9.3
0500000US19101,15.6
0500000US19103,17.9
0500000US19105,10.6
0500000US19107,12.8
0500000US19109,9.7
0500000US19111,16.4
0500000US19113,9.4
0500000US19115,12.6
0500000US19117,10.6
0500000US19119,5.8
0500000US19121,6.8
0500000US19123,13.9
0500000US19125,9.9
0500000US19127,10.7
0500000US19129,8.2
0500000US19131,9.2
0500000US19133,14.5
0500000US19135,13.2
0500000US19137,15.1
0500000US19139,11.4
0500000US19141,9.3
0500000US19143,10.4
0500000US19145,14.9
0500000US19147,9.1
0500000US19149,8.6
0500000US19151,12.8
0500000US19153,12.4
0500000US19155,11.8
0500000US19157,10.0
0500000US19159,11.0
0500000US19161,10.2
0500000US19163,12.2
0500000US19165,10.0
0500000US19167,7.6
0500000US19169,22.3
0500000US19171,13.0
0500000US19173,13.2
0500000US19175,12.9
0500000US19177,14.5
0500000US19179,17.5
0500000US19181,7.3
0500000US19183,9.0
0500000US19185,14.7
0500000US19187,15.7
0500000US19189,10.2
0500000US19191,8.0
0500000US19193,14.2
0500000US19195,10.5
0500000US19197,12.8
0500000US20001,15.4
0500000US20003,15.1
0500000US20005,19.2
0500000US20007,14.2
0500000US20009,15.5
0500000US20011,17.4
0500000US20013,14.5
0500000US20015,9.7
0500000US20017,12.5
0500000US20019,14.8
0500000US20021,16.2
0500000US20023,8.9
0500000US20025,13.6
0500000US20027,9.7
0500000US20029,12.9
0500000US20031,10.7
0500000US20033,8.6
0500000US20035,16.4
0500000US20037,21.8
0500000US20039,13.3
0500000US20041,11.2
0500000US20043,12.2
0500000US20045,19.2
0500000US20047,11.1
0500000US20049,17.4
0500000US20051,14.4
0500000US20053,8.5
0500000US20055,15.9
0500000US20057,17.4
0500000US20059,13.5
0500000US20061,12.4
0500000US20063,9.2
0500000US20065,10.3
0500000US20067,11.3
0500000US20069,8.3
0500000US20071,7.1
0500000US20073,14.4
0500000US20075,11.0
0500000US20077,13.7
0500000US20079,12.5
0500000US20081,12.9
0500000US20083,5.7
0500000US20085,8.2
0500000US20087,9.1
0500000US20089,15.3
0500000US20091,6.0
0500000US20093,12.6
0500000US20095,8.8
0500000US20097,10.9
0500000US20099,18.2
0500000US20101,8.9
0500000US20103,9.9
0500000US20105,10.8
0500000US20107,15.0
0500000US20109,9.6
0500000US20111,20.9
0500000US20113,6.6
0500000US20115,10.9
0500000US20117,9.5
0500000US20119,14.1
0500000US20121,9.6
0500000US20123,11.6
0500000US20125,19.0
0500000US20127,8.8
0500000US20129,10.1
0500000US20131,10.9
0500000US20133,19.7
0500000US20135,11.3
0500000US20137,8.9
0500000US20139,11.6
0500000US20141,17.4
0500000US20143,8.5
0500000US20145,7.3
0500000US20147,9.4
0500000US20149,9.0
0500000US20151,13.1
0500000US20153,8.1
0500000US20155,14.3
0500000US20157,11.4
0500000US20159,15.2
0500000US20161,21.7
0500000US20163,13.5
0500000US20165,7.5
0500000US20167,13.0
0500000US20169,14.8
0500000US20171,5.1
0500000US20173,15.0
0500000US20175,18.9
0500000US20177,14.5
0500000US20179,6.1
0500000US20181,17.0
0500000US20183,13.9
0500000US20185,15.8
0500000US20187,7.3
0500000US20189,18.0
0500000US20191,12.5
0500000US20193,10.0
0500000US20195,4.3
0500000US20197,6.7
0500000US20199,10.2
0500000US20201,10.5
0500000US20203,6.0
0500000US20205,16.7
0500000US20207,23.2
0500000US20209,22.7
0500000US21001,23.3
0500000US21003,17.0
0500000US21005,11.3
0500000US21007,16.4
0500000US21009,21.4
0500000US21011,24.5
0500000US21013,36.6
0500000US21015,7.9
0500000US21017,17.0
0500000US21019,19.0
0500000US21021,16.4
0500000US21023,20.7
0500000US21025,33.5
0500000US21027,17.1
0500000US21029,10.3
0500000US21031,24.6
0500000US21033,21.1
0500000US21035,24.9
0500000US21037,14.9
0500000US21039,16.4
0500000US21041,26.0
0500000US21043,18.6
0500000US21045,26.4
0500000US21047,20.3
0500000US21049,15.1
0500000US21051,41.0
0500000US21053,22.4
0500000US21055,21.2
0500000US21057,22.3
0500000US21059,16.3
0500000US21061,21.9
0500000US21063,33.9
0500000US21065,30.3
0500000US21067,18.9
0500000US21069,22.3
0500000US21071,30.7
0500000US21073,14.7
0500000US21075,26.7
0500000US21077,13.6
0500000US21079,19.3
0500000US21081,20.2
0500000US21083,18.4
0500000US21085,24.2
0500000US21087,19.6
0500000US21089,17.6
0500000US21091,17.1
0500000US21093,14.3
0500000US21095,32.4
0500000US21097,19.0
0500000US21099,24.2
0500000US21101,19.2
0500000US21103,17.3
0500000US21105,16.8
0500000US21107,16.1
0500000US21109,33.1
0500000US21111,16.0
0500000US21113,18.7
0500000US21115,26.2
0500000US21117,13.6
0500000US21119,31.6
0500000US21121,34.4
0500000US21123,16.4
0500000US21125,22.8
0500000US21127,22.4
0500000US21129,38.4
0500000US21131,32.5
0500000US21133,29.8
0500000US21135,28.2
0500000US21137,25.2
0500000US21139,13.9
0500000US21141,18.1
0500000US21143,14.9
0500000US21145,17.8
0500000US21147,42.5
0500000US21149,18.3
0500000US21151,21.3
0500000US21153,29.5
0500000US21155,19.1
0500000US21157,10.5
0500000US21159,32.4
0500000US21161,20.4
0500000US21163,15.6
0500000US21165,24.1
0500000US21167,18.1
0500000US21169,22.8
0500000US21171,26.1
0500000US21173,25.1
0500000US21175,24.9
0500000US21177,19.7
0500000US21179,13.9
0500000US21181,26.0
0500000US21183,21.2
0500000US21185,6.0
0500000US21187,17.7
0500000US21189,37.1
0500000US21191,14.8
0500000US21193,27.4
0500000US21195,25.2
0500000US21197,26.0
0500000US21199,25.0
0500000US21201,24.4
0500000US21203,23.4
0500000US21205,25.9
0500000US21207,26.5
0500000US21209,10.7
0500000US21211,12.9
0500000US21213,19.1
0500000US21215,10.1
0500000US21217,25.2
0500000US21219,17.2
0500000US21221,16.2
0500000US21223,18.0
0500000US21225,24.0
0500000US21227,19.2
0500000US21229,17.6
0500000US21231,25.4
0500000US21233,20.1
0500000US21235,27.0
0500000US21237,40.8
0500000US21239,14.4
0500000US22001,20.6
0500000US22003,15.9
0500000US22005,11.5
0500000US22007,18.4
0500000US22009,23.1
0500000US22011,19.0
0500000US22013,25.0
0500000US22015,15.5
0500000US22017,22.4
0500000US22019,17.2
0500000US22021,25.1
0500000US22023,8.9
0500000US22025,20.5
0500000US22027,30.3
0500000US22029,31.9
0500000US22031,26.4
0500000US22033,19.5
0500000US22035,48.7
0500000US22037,17.2
0500000US22039,28.0
0500000US22041,31.5
0500000US22043,19.0
0500000US22045,19.9
0500000US22047,18.5
0500000US22049,27.2
0500000US22051,16.1
0500000US22053,19.6
0500000US22055,16.5
0500000US22057,15.4
0500000US22059,23.1
0500000US22061,31.5
0500000US22063,14.5
0500000US22065,39.6
0500000US22067,28.8
0500000US22069,29.8
0500000US22071,26.2
0500000US22073,24.1
0500000US22075,17.2
0500000US22077,18.9
0500000US22079,20.1
0500000US22081,22.8
0500000US22083,24.0
0500000US22085,19.5
0500000US22087,20.1
0500000US22089,12.6
0500000US22091,27.6
0500000US22093,16.4
0500000US22095,18.2
0500000US22097,27.9
0500000US22099,17.3
0500000US22101,21.6
0500000US22103,11.1
0500000US22105,22.3
0500000US22107,33.8
0500000US22109,20.2
0500000US22111,24.9
0500000US22113,17.3
0500000US22115,14.5
0500000US22117,26.4
0500000US22119,24.7
0500000US22121,20.3
0500000US22123,24.0
0500000US22125,15.6
0500000US22127,25.6
0500000US23001,14.8
0500000US23003,17.7
0500000US23005,11.1
0500000US23007,14.1
0500000US23009,12.1
0500000US23011,14.6
0500000US23013,11.9
0500000US23015,12.1
0500000US23017,16.7
0500000US23019,16.3
0500000US23021,20.6
0500000US23023,10.7
0500000US23025,18.0
0500000US23027,16.0
0500000US23029,18.0
0500000US23031,9.4
0500000US24001,17.4
0500000US24003,6.1
0500000US24005,9.3
0500000US24009,6.0
0500000US24011,17.1
0500000US24013,5.7
0500000US24015,10.6
0500000US24017,7.7
0500000US24019,17.0
0500000US24021,7.1
0500000US24023,12.7
0500000US24025,7.7
0500000US24027,4.9
0500000US24029,12.0
0500000US24031,6.9
0500000US24033,9.7
0500000US24035,6.5
0500000US24037,7.8
0500000US24039,25.1
0500000US24041,10.9
0500000US24043,12.9
0500000US24045,16.3
0500000US24047,10.2
0500000US24510,23.1
0500000US25001,8.2
0500000US25003,12.4
0500000US25005,12.5
0500000US25007,9.1
0500000US25009,11.3
0500000US25011,11.3
0500000US25013,17.6
0500000US25015,14.7
0500000US25017,8.2
0500000US25019,10.3
0500000US25021,6.7
0500000US25023,8.0
0500000US25025,20.1
0500000US25027,11.4
0500000US26001,14.9
0500000US26003,13.1
0500000US26005,11.7
0500000US26007,16.3
0500000US26009,12.9
0500000US26011,19.2
0500000US26013,15.0
0500000US26015,9.3
0500000US26017,15.8
0500000US26019,11.2
0500000US26021,17.9
0500000US26023,17.9
0500000US26025,17.0
0500000US26027,14.9
0500000US26029,12.4
0500000US26031,18.6
0500000US26033,17.7
0500000US26035,24.2
0500000US26037,11.4
0500000US26039,17.2
0500000US26041,16.6
0500000US26043,14.6
0500000US26045,11.1
0500000US26047,10.5
0500000US26049,20.9
0500000US26051,20.3
0500000US26053,20.6
0500000US26055,9.8
0500000US26057,19.0
0500000US26059,18.6
0500000US26061,22.8
0500000US26063,13.9
0500000US26065,22.2
0500000US26067,14.3
0500000US26069,16.9
0500000US26071,17.2
0500000US26073,28.8
0500000US26075,16.7
0500000US26077,17.5
0500000US26079,16.8
0500000US26081,14.9
0500000US26083,17.0
0500000US26085,27.2
0500000US26087,10.3
0500000US26089,8.7
0500000US26091,14.4
0500000US26093,5.9
0500000US26095,21.0
0500000US26097,15.5
0500000US26099,12.0
0500000US26101,16.1
0500000US26103,16.6
0500000US26105,16.2
0500000US26107,22.6
0500000US26109,15.1
0500000US26111,12.3
0500000US26113,15.0
0500000US26115,10.8
0500000US26117,17.4
0500000US26119,16.3
0500000US26121,19.6
0500000US26123,18.2
0500000US26125,9.6
0500000US26127,19.9
0500000US26129,20.0
0500000US26131,15.2
0500000US26133,22.7
0500000US26135,19.5
0500000US26137,14.2
0500000US26139,9.9
0500000US26141,13.5
0500000US26143,19.7
0500000US26145,17.9
0500000US26147,14.1
0500000US26149,16.2
0500000US26151,15.7
0500000US26153,21.5
0500000US26155,14.2
0500000US26157,15.8
0500000US26159,17.5
0500000US26161,15.2
0500000US26163,24.5
0500000US26165,18.8
0500000US27001,12.8
0500000US27003,7.4
0500000US27005,12.8
0500000US27007,19.1
0500000US27009,13.5
0500000US27011,11.3
0500000US27013,18.3
0500000US27015,8.0
0500000US27017,13.1
0500000US27019,4.1
0500000US27021,15.9
0500000US27023,10.8
0500000US27025,6.0
0500000US27027,11.9
0500000US27029,16.7
0500000US27031,11.9
0500000US27033,16.0
0500000US27035,10.4
0500000US27037,7.2
0500000US27039,6.6
0500000US27041,8.7
0500000US27043,12.6
0500000US27045,12.1
0500000US27047,11.2
0500000US27049,10.9
0500000US27051,11.5
0500000US27053,11.9
0500000US27055,10.3
0500000US27057,11.5
0500000US27059,7.2
0500000US27061,13.3
0500000US27063,9.0
0500000US27065,13.5
0500000US27067,11.3
0500000US27069,11.2
0500000US27071,16.9
0500000US27073,8.5
0500000US27075,12.0
0500000US27077,8.1
0500000US27079,8.5
0500000US27081,11.6
0500000US27083,13.9
0500000US27085,8.1
0500000US27087,22.4
0500000US27089,7.5
0500000US27091,11.6
0500000US27093,9.4
0500000US27095,11.8
0500000US27097,11.7
0500000US27099,14.0
0500000US27101,9.2
0500000US27103,11.8
0500000US27105,14.1
0500000US27107,11.7
0500000US27109,9.2
0500000US27111,9.7
0500000US27113,8.7
0500000US27115,13.7
0500000US27117,12.7
0500000US27119,13.0
0500000US27121,9.5
0500000US27123,15.9
0500000US27125,10.4
0500000US27127,11.6
0500000US27129,10.5
0500000US27131,11.7
0500000US27133,10.7
0500000US27135,8.4
0500000US27137,15.5
0500000US27139,5.7
0500000US27141,7.2
0500000US27143,9.8
0500000US27145,13.7
0500000US27147,9.4
0500000US27149,17.4
0500000US27151,12.4
0500000US27153,13.5
0500000US27155,9.2
0500000US27157,6.6
0500000US27159,15.5
0500000US27161,7.8
0500000US27163,5.1
0500000US27165,11.7
0500000US27167,9.2
0500000US27169,13.9
0500000US27171,5.6
0500000US27173,11.3
0500000US28001,30.4
0500000US28003,19.9
0500000US28005,28.0
0500000US28007,24.4
0500000US28009,22.7
0500000US28011,37.8
0500000US28013,26.3
0500000US28015,17.4
0500000US28017,27.2
0500000US28019,24.5
0500000US28021,41.2
0500000US28023,19.2
0500000US28025,26.0
0500000US28027,35.2
0500000US28029,28.1
0500000US28031,25.8
0500000US28033,10.0
0500000US28035,27.3
0500000US28037,18.7
0500000US28039,17.9
0500000US28041,18.0
0500000US28043,24.1
0500000US28045,18.5
0500000US28047,21.0
0500000US28049,25.5
0500000US28051,45.0
0500000US28053,42.5
0500000US28055,40.4
0500000US28057,20.2
0500000US28059,15.6
0500000US28061,22.1
0500000US28063,39.7
0500000US28065,34.7
0500000US28067,23.7
0500000US28069,29.9
0500000US28071,25.3
0500000US28073,16.1
0500000US28075,23.1
0500000US28077,21.7
0500000US28079,27.1
0500000US28081,18.5
0500000US28083,40.4
0500000US28085,25.5
0500000US28087,21.9
0500000US28089,12.7
0500000US28091,27.3
0500000US28093,18.2
0500000US28095,20.6
0500000US28097,28.5
0500000US28099,22.3
0500000US28101,23.3
0500000US28103,32.4
0500000US28105,32.6
0500000US28107,22.4
0500000US28109,20.3
0500000US28111,19.7
0500000US28113,31.7
0500000US28115,18.0
0500000US28117,22.7
0500000US28119,37.8
0500000US28121,9.6
0500000US28123,26.5
0500000US28125,31.4
0500000US28127,27.4
0500000US28129,22.7
0500000US28131,20.3
0500000US28133,34.6
0500000US28135,28.2
0500000US28137,15.7
0500000US28139,23.5
0500000US28141,18.6
0500000US28143,28.4
0500000US28145,19.1
0500000US28147,25.9
0500000US28149,23.7
0500000US28151,34.9
0500000US28153,25.5
0500000US28155,21.5
0500000US28157,35.6
0500000US28159,28.3
0500000US28161,21.6
0500000US28163,34.5
0500000US29001,26.0
0500000US29003,9.2
0500000US29005,12.0
0500000US29007,17.7
0500000US29009,22.3
0500000US29011,22.9
0500000US29013,16.3
0500000US29015,19.3
0500000US29017,23.7
0500000US29019,19.3
0500000US29021,18.4
0500000US29023,21.6
0500000US29025,13.2
0500000US29027,13.1
0500000US29029,18.2
0500000US29031,17.7
0500000US29033,18.5
0500000US29035,20.6
0500000US29037,9.3
0500000US29039,23.3
0500000US29041,15.4
0500000US29043,11.0
0500000US29045,13.8
0500000US29047,9.1
0500000US29049,9.5
0500000US29051,12.6
0500000US29053,13.3
0500000US29055,21.4
0500000US29057,20.6
0500000US29059,18.2
0500000US29061,16.3
0500000US29063,14.2
0500000US29065,22.4
0500000US29067,20.5
0500000US29069,27.4
0500000US29071,12.0
0500000US29073,14.3
0500000US29075,15.9
0500000US29077,18.7
0500000US29079,19.9
0500000US29081,18.6
0500000US29083,21.4
0500000US29085,25.2
0500000US29087,13.9
0500000US29089,18.2
0500000US29091,22.7
0500000US29093,21.8
0500000US29095,17.2
0500000US29097,17.8
0500000US29099,10.9
0500000US29101,17.0
0500000US29103,20.1
0500000US29105,19.2
0500000US29107,12.2
0500000US29109,18.1
0500000US29111,13.8
0500000US29113,13.8
0500000US29115,18.4
0500000US29117,17.8
0500000US29119,20.7
0500000US29121,18.8
0500000US29123,16.4
0500000US29125,18.9
0500000US29127,17.3
0500000US29129,14.6
0500000US29131,19.3
0500000US29133,30.5
0500000US29135,12.3
0500000US29137,15.7
0500000US29139,17.5
0500000US29141,24.2
0500000US29143,24.6
0500000US29145,14.4
0500000US29147,25.5
0500000US29149,26.3
0500000US29151,6.9
0500000US29153,27.2
0500000US29155,29.1
0500000US29157,7.9
0500000US29159,16.9
0500000US29161,20.6
0500000US29163,15.2
0500000US29165,7.1
0500000US29167,17.6
0500000US29169,14.6
0500000US29171,18.7
0500000US29173,12.6
0500000US29175,17.6
0500000US29177,16.1
0500000US29179,19.6
0500000US29181,23.9
0500000US29183,6.1
0500000US29185,22.4
0500000US29186,14.5
0500000US29187,16.8
0500000US29189,10.3
0500000US29195,17.1
0500000US29197,22.1
0500000US29199,16.4
0500000US29201,19.6
0500000US29203,22.6
0500000US29205,15.7
0500000US29207,16.7
0500000US29209,13.4
0500000US29211,16.4
0500000US29213,17.8
0500000US29215,26.2
0500000US29217,17.4
0500000US29219,13.6
0500000US29221,19.8
0500000US29223,23.0
0500000US29225,18.7
0500000US29227,13.1
0500000US29229,25.3
0500000US29510,26.7
0500000US30001,17.0
0500000US30003,27.8
0500000US30005,28.6
0500000US30007,8.3
0500000US30009,10.8
0500000US30011,12.7
0500000US30013,14.7
0500000US30015,21.8
0500000US30017,11.2
0500000US30019,4.8
0500000US30021,15.3
0500000US30023,20.8
0500000US30025,6.9
0500000US30027,14.0
0500000US30029,13.8
0500000US30031,13.5
0500000US30033,6.7
0500000US30035,33.3
0500000US30037,16.3
0500000US30039,14.4
0500000US30041,22.0
0500000US30043,8.5
0500000US30045,12.6
0500000US30047,21.4
0500000US30049,12.1
0500000US30051,15.4
0500000US30053,17.9
0500000US30055,10.9
0500000US30057,11.3
0500000US30059,15.3
0500000US30061,20.8
0500000US30063,16.1
0500000US30065,17.0
0500000US30067,12.1
0500000US30069,15.5
0500000US30071,16.3
0500000US30073,20.2
0500000US30075,7.7
0500000US30077,10.5
0500000US30079,18.3
0500000US30081,17.5
0500000US30083,8.6
0500000US30085,26.9
0500000US30087,19.7
0500000US30089,22.3
0500000US30091,11.0
0500000US30093,19.4
0500000US30095,7.3
0500000US30097,11.8
0500000US30099,10.6
0500000US30101,16.9
0500000US30103,19.1
0500000US30105,9.6
0500000US30107,17.6
0500000US30109,13.2
0500000US30111,10.4
0500000US31001,11.2
0500000US31003,11.8
0500000US31005,8.0
0500000US31007,12.0
0500000US31009,16.2
0500000US31011,7.5
0500000US31013,14.0
0500000US31015,12.5
0500000US31017,17.3
0500000US31019,13.6
0500000US31021,10.0
0500000US31023,8.7
0500000US31025,7.0
0500000US31027,10.4
0500000US31029,9.8
0500000US31031,8.0
0500000US31033,10.0
0500000US31035,9.9
0500000US31037,12.0
0500000US31039,12.4
0500000US31041,10.9
0500000US31043,16.0
0500000US31045,16.0
0500000US31047,15.2
0500000US31049,10.5
0500000US31051,11.9
0500000US31053,11.8
0500000US31055,14.2
0500000US31057,8.5
0500000US31059,10.1
0500000US31061,13.1
0500000US31063,11.0
0500000US31065,15.6
0500000US31067,10.4
0500000US31069,11.6
0500000US31071,7.3
0500000US31073,5.8
0500000US31075,16.6
0500000US31077,8.7
0500000US31079,14.8
0500000US31081,9.0
0500000US31083,15.9
0500000US31085,7.9
0500000US31087,16.2
0500000US31089,9.7
0500000US31091,16.2
0500000US31093,9.5
0500000US31095,11.7
0500000US31097,12.5
0500000US31099,6.9
0500000US31101,12.8
0500000US31103,10.5
0500000US31105,10.3
0500000US31107,12.5
0500000US31109,14.3
0500000US31111,12.0
0500000US31113,11.8
0500000US31115,10.0
0500000US31117,18.4
0500000US31119,14.9
0500000US31121,10.0
0500000US31123,12.3
0500000US31125,12.4
0500000US31127,10.8
0500000US31129,12.8
0500000US31131,10.8
0500000US31133,20.2
0500000US31135,6.8
0500000US31137,8.3
0500000US31139,6.6
0500000US31141,8.7
0500000US31143,8.1
0500000US31145,11.8
0500000US31147,18.0
0500000US31149,10.4
0500000US31151,11.9
0500000US31153,6.2
0500000US31155,9.2
0500000US31157,13.5
0500000US31159,9.0
0500000US31161,16.8
0500000US31163,13.3
0500000US31165,11.0
0500000US31167,9.5
0500000US31169,12.0
0500000US31171,9.6
0500000US31173,31.5
0500000US31175,12.8
0500000US31177,9.2
0500000US31179,12.1
0500000US31181,10.4
0500000US31183,5.1
0500000US31185,9.4
0500000US32001,16.3
0500000US32003,15.0
0500000US32005,10.9
0500000US32007,10.5
0500000US32009,11.9
0500000US32011,10.8
0500000US32013,11.9
0500000US32015,12.9
0500000US32017,12.7
0500000US32019,15.3
0500000US32021,21.2
0500000US32023,17.2
0500000US32027,16.4
0500000US32029,7.2
0500000US32031,15.0
0500000US32033,12.8
0500000US32510,16.7
0500000US33001,10.3
0500000US33003,10.1
0500000US33005,10.9
0500000US33007,13.3
0500000US33009,11.7
0500000US33011,8.6
0500000US33013,8.6
0500000US33015,5.1
0500000US33017,10.1
0500000US33019,9.0
0500000US34001,15.5
0500000US34003,7.5
0500000US34005,6.5
0500000US34007,13.3
0500000US34009,10.4
0500000US34011,18.5
0500000US34013,17.2
0500000US34015,8.1
0500000US34017,17.4
0500000US34019,4.5
0500000US34021,11.2
0500000US34023,8.9
0500000US34025,7.6
0500000US34027,4.6
0500000US34029,11.2
0500000US34031,16.8
0500000US34033,13.8
0500000US34035,5.2
0500000US34037,5.8
0500000US34039,10.8
0500000US34041,7.9
0500000US35001,18.7
0500000US35003,22.9
0500000US35005,22.2
0500000US35006,27.4
0500000US35007,21.4
0500000US35009,21.6
0500000US35011,20.0
0500000US35013,27.6
0500000US35015,13.7
0500000US35017,21.5
0500000US35019,14.2
0500000US35021,14.3
0500000US35023,24.3
0500000US35025,15.8
0500000US35027,18.0
0500000US35028,5.1
0500000US35029,29.5
0500000US35031,38.1
0500000US35033,22.5
0500000US35035,24.8
0500000US35037,19.3
0500000US35039,23.4
0500000US35041,25.9
0500000US35043,14.4
0500000US35045,20.6
0500000US35047,30.1
0500000US35049,15.6
0500000US35051,22.1
0500000US35053,22.5
0500000US35055,21.9
0500000US35057,31.1
0500000US35059,16.9
0500000US35061,23.2
0500000US36001,12.9
0500000US36003,17.1
0500000US36005,30.5
0500000US36007,17.4
0500000US36009,17.5
0500000US36011,11.4
0500000US36013,19.4
0500000US36015,15.9
0500000US36017,15.4
0500000US36019,16.1
0500000US36021,12.7
0500000US36023,13.8
0500000US36025,15.9
0500000US36027,9.2
0500000US36029,14.7
0500000US36031,10.1
0500000US36033,19.2
0500000US36035,16.7
0500000US36037,12.5
0500000US36039,13.0
0500000US36041,11.3
0500000US36043,14.0
0500000US36045,14.6
0500000US36047,22.7
0500000US36049,14.0
0500000US36051,14.9
0500000US36053,11.9
0500000US36055,14.9
0500000US36057,20.6
0500000US36059,6.0
0500000US36061,17.6
0500000US36063,13.6
0500000US36065,16.7
0500000US36067,15.2
0500000US36069,10.3
0500000US36071,12.6
0500000US36073,15.6
0500000US36075,18.3
0500000US36077,16.3
0500000US36079,5.2
0500000US36081,14.6
0500000US36083,12.4
0500000US36085,12.9
0500000US36087,14.5
0500000US36089,19.2
0500000US36091,6.4
0500000US36093,12.0
0500000US36095,14.1
0500000US36097,14.6
0500000US36099,12.4
0500000US36101,15.1
0500000US36103,7.3
0500000US36105,17.1
0500000US36107,11.0
0500000US36109,20.1
0500000US36111,13.0
0500000US36113,11.1
0500000US36115,12.9
0500000US36117,11.9
0500000US36119,9.8
0500000US36121,11.5
0500000US36123,13.9
0500000US37001,18.5
0500000US37003,17.4
0500000US37005,19.5
0500000US37007,22.8
0500000US37009,19.9
0500000US37011,16.7
0500000US37013,17.5
0500000US37015,20.9
0500000US37017,28.1
0500000US37019,15.2
0500000US37021,14.8
0500000US37023,19.9
0500000US37025,11.7
0500000US37027,17.6
0500000US37029,10.4
0500000US37031,13.1
0500000US37033,22.1
0500000US37035,15.9
0500000US37037,13.6
0500000US37039,19.5
0500000US37041,24.4
0500000US37043,16.2
0500000US37045,20.8
0500000US37047,23.0
0500000US37049,15.2
0500000US37051,17.6
0500000US37053,10.0
0500000US37055,8.2
0500000US37057,16.2
0500000US37059,13.9
0500000US37061,27.6
0500000US37063,17.4
0500000US37065,25.7
0500000US37067,19.5
0500000US37069,16.3
0500000US37071,17.2
0500000US37073,12.0
0500000US37075,19.3
0500000US37077,16.5
0500000US37079,24.3
0500000US37081,17.6
0500000US37083,26.8
0500000US37085,18.3
0500000US37087,16.7
0500000US37089,13.3
0500000US37091,24.4
0500000US37093,22.9
0500000US37095,22.4
0500000US37097,13.3
0500000US37099,23.1
0500000US37101,14.6
0500000US37103,22.8
0500000US37105,18.3
0500000US37107,22.1
0500000US37109,15.1
0500000US37111,20.0
0500000US37113,18.4
0500000US37115,16.6
0500000US37117,20.2
0500000US37119,14.2
0500000US37121,18.0
0500000US37123,21.9
0500000US37125,14.6
0500000US37127,17.4
0500000US37129,17.7
0500000US37131,28.5
0500000US37133,13.9
0500000US37135,14.5
0500000US37137,14.5
0500000US37139,17.4
0500000US37141,18.7
0500000US37143,16.5
0500000US37145,18.5
0500000US37147,24.5
0500000US37149,14.5
0500000US37151,16.9
0500000US37153,25.8
0500000US37155,30.8
0500000US37157,19.4
0500000US37159,18.0
0500000US37161,19.3
0500000US37163,24.2
0500000US37165,31.5
0500000US37167,17.1
0500000US37169,15.4
0500000US37171,17.9
0500000US37173,23.4
0500000US37175,14.4
0500000US37177,25.3
0500000US37179,9.7
0500000US37181,25.6
0500000US37183,10.8
0500000US37185,24.2
0500000US37187,23.6
0500000US37189,31.3
0500000US37191,21.8
0500000US37193,21.1
0500000US37195,22.5
0500000US37197,19.0
0500000US37199,21.3
0500000US38001,10.5
0500000US38003,9.8
0500000US38005,33.5
0500000US38007,11.0
0500000US38009,9.0
0500000US38011,7.6
0500000US38013,11.8
0500000US38015,7.7
0500000US38017,11.8
0500000US38019,5.3
0500000US38021,8.6
0500000US38023,9.4
0500000US38025,11.7
0500000US38027,13.4
0500000US38029,12.0
0500000US38031,9.4
0500000US38033,9.5
0500000US38035,17.7
0500000US38037,13.6
0500000US38039,7.3
0500000US38041,8.3
0500000US38043,7.0
0500000US38045,9.6
0500000US38047,7.0
0500000US38049,10.0
0500000US38051,9.6
0500000US38053,12.8
0500000US38055,9.8
0500000US38057,7.5
0500000US38059,8.7
0500000US38061,11.8
0500000US38063,8.6
0500000US38065,4.1
0500000US38067,6.0
0500000US38069,18.3
0500000US38071,11.0
0500000US38073,9.2
0500000US38075,6.7
0500000US38077,9.9
0500000US38079,31.6
0500000US38081,5.8
0500000US38083,16.9
0500000US38085,38.0
0500000US38087,10.1
0500000US38089,6.8
0500000US38091,6.1
0500000US38093,10.8
0500000US38095,14.1
0500000US38097,8.3
0500000US38099,10.6
0500000US38101,7.3
0500000US38103,5.2
0500000US38105,9.8
0500000US39001,24.5
0500000US39003,16.1
0500000US39005,15.4
0500000US39007,19.6
0500000US39009,31.2
0500000US39011,8.8
0500000US39013,15.1
0500000US39015,16.7
0500000US39017,13.6
0500000US39019,14.0
0500000US39021,11.2
0500000US39023,17.9
0500000US39025,10.5
0500000US39027,15.2
0500000US39029,15.8
0500000US39031,14.0
0500000US39033,15.7
0500000US39035,18.5
0500000US39037,12.4
0500000US39039,13.6
0500000US39041,4.9
0500000US39043,12.8
0500000US39045,10.2
0500000US39047,18.6
0500000US39049,17.1
0500000US39051,11.2
0500000US39053,21.4
0500000US39055,6.9
0500000US39057,12.8
0500000US39059,19.8
0500000US39061,17.8
0500000US39063,13.5
0500000US39065,15.6
0500000US39067,18.1
0500000US39069,10.2
0500000US39071,20.7
0500000US39073,16.6
0500000US39075,12.9
0500000US39077,12.9
0500000US39079,23.0
0500000US39081,17.2
0500000US39083,15.6
0500000US39085,8.5
0500000US39087,18.4
0500000US39089,12.6
0500000US39091,14.0
0500000US39093,14.0
0500000US39095,20.7
0500000US39097,10.6
0500000US39099,18.1
0500000US39101,17.4
0500000US39103,6.6
0500000US39105,22.8
0500000US39107,8.3
0500000US39109,11.1
0500000US39111,18.8
0500000US39113,18.5
0500000US39115,20.3
0500000US39117,11.0
0500000US39119,17.4
0500000US39121,11.9
0500000US39123,11.1
0500000US39125,11.0
0500000US39127,20.6
0500000US39129,12.2
0500000US39131,20.7
0500000US39133,15.0
0500000US39135,13.5
0500000US39137,7.8
0500000US39139,16.5
0500000US39141,18.8
0500000US39143,13.2
0500000US39145,24.0
0500000US39147,15.6
0500000US39149,9.5
0500000US39151,14.1
0500000US39153,14.3
0500000US39155,17.5
0500000US39157,13.6
0500000US39159,7.9
0500000US39161,12.3
0500000US39163,21.3
0500000US39165,5.4
0500000US39167,15.7
0500000US39169,12.7
0500000US39171,14.4
0500000US39173,13.7
0500000US39175,11.1
0500000US40001,30.1
0500000US40003,12.5
0500000US40005,22.0
0500000US40007,10.1
0500000US40009,14.0
0500000US40011,14.1
0500000US40013,17.5
0500000US40015,20.8
0500000US40017,8.0
0500000US40019,15.5
0500000US40021,22.4
0500000US40023,28.5
0500000US40025,15.7
0500000US40027,12.5
0500000US40029,19.6
0500000US40031,16.8
0500000US40033,16.1
0500000US40035,17.7
0500000US40037,15.0
0500000US40039,16.1
0500000US40041,19.8
0500000US40043,18.1
0500000US40045,15.4
0500000US40047,13.1
0500000US40049,18.6
0500000US40051,12.7
0500000US40053,9.1
0500000US40055,19.0
0500000US40057,16.0
0500000US40059,13.8
0500000US40061,20.2
0500000US40063,19.8
0500000US40065,16.8
0500000US40067,19.5
0500000US40069,21.2
0500000US40071,17.8
0500000US40073,8.4
0500000US40075,21.6
0500000US40077,19.1
0500000US40079,22.8
0500000US40081,15.0
0500000US40083,12.3
0500000US40085,12.7
0500000US40087,9.6
0500000US40089,23.7
0500000US40091,18.9
0500000US40093,13.6
0500000US40095,16.6
0500000US40097,21.0
0500000US40099,14.4
0500000US40101,21.4
0500000US40103,12.8
0500000US40105,18.9
0500000US40107,26.2
0500000US40109,17.7
0500000US40111,20.2
0500000US40113,15.0
0500000US40115,22.5
0500000US40117,14.6
0500000US40119,26.4
0500000US40121,17.5
0500000US40123,18.1
0500000US40125,18.1
0500000US40127,22.0
0500000US40129,12.8
0500000US40131,9.4
0500000US40133,22.8
0500000US40135,24.9
0500000US40137,15.5
0500000US40139,13.4
0500000US40141,21.8
0500000US40143,15.9
0500000US40145,10.8
0500000US40147,14.4
0500000US40149,15.9
0500000US40151,12.8
0500000US40153,12.8
0500000US41001,15.1
0500000US41003,21.5
0500000US41005,9.2
0500000US41007,14.0
0500000US41009,13.4
0500000US41011,18.1
0500000US41013,17.7
0500000US41015,15.2
0500000US41017,13.9
0500000US41019,18.6
0500000US41021,11.2
0500000US41023,14.9
0500000US41025,16.4
0500000US41027,13.3
0500000US41029,18.0
0500000US41031,20.3
0500000US41033,19.5
0500000US41035,18.6
0500000US41037,17.6
0500000US41039,19.7
0500000US41041,18.6
0500000US41043,17.3
0500000US41045,24.8
0500000US41047,17.2
0500000US41049,15.2
0500000US41051,17.1
0500000US41053,15.5
0500000US41055,17.7
0500000US41057,15.4
0500000US41059,18.0
0500000US41061,18.6
0500000US41063,14.6
0500000US41065,14.5
0500000US41067,11.1
0500000US41069,20.2
0500000US41071,15.7
0500000US42001,9.4
0500000US42003,12.7
0500000US42005,13.2
0500000US42007,10.8
0500000US42009,14.2
0500000US42011,14.3
0500000US42013,14.8
0500000US42015,12.4
0500000US42017,5.9
0500000US42019,8.5
0500000US42021,15.6
0500000US42023,12.7
0500000US42025,12.1
0500000US42027,19.1
0500000US42029,7.2
0500000US42031,18.6
0500000US42033,14.8
0500000US42035,17.3
0500000US42037,15.3
0500000US42039,14.5
0500000US42041,8.6
0500000US42043,13.4
0500000US42045,10.9
0500000US42047,8.8
0500000US42049,16.7
0500000US42051,18.6
0500000US42053,12.7
0500000US42055,11.6
0500000US42057,11.2
0500000US42059,15.3
0500000US42061,13.7
0500000US42063,17.8
0500000US42065,14.6
0500000US42067,12.0
0500000US42069,15.3
0500000US42071,10.8
0500000US42073,14.3
0500000US42075,10.7
0500000US42077,13.0
0500000US42079,15.7
0500000US42081,14.4
0500000US42083,17.1
0500000US42085,14.0
0500000US42087,14.6
0500000US42089,12.2
0500000US42091,6.6
0500000US42093,10.0
0500000US42095,9.1
0500000US42097,14.6
0500000US42099,8.7
0500000US42101,25.9
0500000US42103,10.2
0500000US42105,14.1
0500000US42107,13.0
0500000US42109,11.1
0500000US42111,12.6
0500000US42113,12.0
0500000US42115,12.9
0500000US42117,13.4
0500000US42119,11.2
0500000US42121,14.4
0500000US42123,12.7
0500000US42125,10.1
0500000US42127,12.7
0500000US42129,10.3
0500000US42131,10.3
0500000US42133,10.5
0500000US44001,7.1
0500000US44003,8.2
0500000US44005,9.2
0500000US44007,17.2
0500000US44009,10.0
0500000US45001,21.6
0500000US45003,17.4
0500000US45005,29.7
0500000US45007,16.3
0500000US45009,27.1
0500000US45011,26.5
0500000US45013,12.4
0500000US45015,13.2
0500000US45017,19.3
0500000US45019,16.3
0500000US45021,22.7
0500000US45023,23.4
0500000US45025,24.5
0500000US45027,26.0
0500000US45029,20.8
0500000US45031,23.0
0500000US45033,30.6
0500000US45035,12.1
0500000US45037,16.9
0500000US45039,24.5
0500000US45041,19.6
0500000US45043,19.1
0500000US45045,14.3
0500000US45047,24.2
0500000US45049,17.5
0500000US45051,17.6
0500000US45053,23.4
0500000US45055,15.9
0500000US45057,17.4
0500000US45059,20.3
0500000US45061,28.2
0500000US45063,13.7
0500000US45065,19.6
0500000US45067,26.0
0500000US45069,26.7
0500000US45071,18.7
0500000US45073,18.5
0500000US45075,23.4
0500000US45077,18.7
0500000US45079,16.6
0500000US45081,18.9
0500000US45083,17.0
0500000US45085,20.0
0500000US45087,19.9
0500000US45089,29.3
0500000US45091,12.5
0500000US46003,6.2
0500000US46005,21.4
0500000US46007,38.2
0500000US46009,10.8
0500000US46011,16.5
0500000US46013,11.0
0500000US46015,15.1
0500000US46017,39.2
0500000US46019,10.2
0500000US46021,7.6
0500000US46023,21.5
0500000US46025,15.5
0500000US46027,27.3
0500000US46029,10.4
0500000US46031,46.8
0500000US46033,11.6
0500000US46035,12.0
0500000US46037,18.5
0500000US46039,10.6
0500000US46041,27.6
0500000US46043,7.3
0500000US46045,9.8
0500000US46047,16.9
0500000US46049,12.6
0500000US46051,7.8
0500000US46053,16.5
0500000US46055,17.9
0500000US46057,7.7
0500000US46059,6.1
0500000US46061,10.0
0500000US46063,13.1
0500000US46065,8.9
0500000US46067,13.4
0500000US46069,11.0
0500000US46071,36.5
0500000US46073,9.9
0500000US46075,10.3
0500000US46077,9.3
0500000US46079,13.8
0500000US46081,12.0
0500000US46083,3.7
0500000US46085,21.7
0500000US46087,10.4
0500000US46089,18.8
0500000US46091,10.5
0500000US46093,9.0
0500000US46095,46.2
0500000US46097,9.9
0500000US46099,11.6
0500000US46101,14.7
0500000US46102,53.9
0500000US46103,13.8
0500000US46105,13.5
0500000US46107,10.6
0500000US46109,20.6
0500000US46111,8.6
0500000US46115,11.1
0500000US46117,7.2
0500000US46119,4.4
0500000US46121,47.1
0500000US46123,21.6
0500000US46125,10.3
0500000US46127,6.4
0500000US46129,10.8
0500000US46135,14.5
0500000US46137,39.4
0500000US47001,17.2
0500000US47003,16.3
0500000US47005,22.6
0500000US47007,23.7
0500000US47009,13.6
0500000US47011,18.4
0500000US47013,22.4
0500000US47015,16.2
0500000US47017,19.8
0500000US47019,23.9
0500000US47021,12.9
0500000US47023,17.9
0500000US47025,22.3
0500000US47027,24.8
0500000US47029,26.1
0500000US47031,15.9
0500000US47033,18.3
0500000US47035,16.0
0500000US47037,17.7
0500000US47039,20.9
0500000US47041,22.2
0500000US47043,15.9
0500000US47045,18.6
0500000US47047,15.0
0500000US47049,23.3
0500000US47051,16.2
0500000US47053,18.7
0500000US47055,16.7
0500000US47057,20.2
0500000US47059,18.6
0500000US47061,28.0
0500000US47063,21.2
0500000US47065,14.8
0500000US47067,27.3
0500000US47069,23.7
0500000US47071,22.2
0500000US47073,19.2
0500000US47075,21.0
0500000US47077,20.7
0500000US47079,19.4
0500000US47081,22.9
0500000US47083,20.9
0500000US47085,18.5
0500000US47087,25.0
0500000US47089,15.2
0500000US47091,26.9
0500000US47093,16.2
0500000US47095,29.2
0500000US47097,24.7
0500000US47099,19.5
0500000US47101,20.4
0500000US47103,18.5
0500000US47105,13.5
0500000US47107,19.5
0500000US47109,23.1
0500000US47111,18.6
0500000US47113,19.4
0500000US47115,19.2
0500000US47117,15.1
0500000US47119,14.7
0500000US47121,18.8
0500000US47123,19.2
0500000US47125,15.2
0500000US47127,10.4
0500000US47129,23.6
0500000US47131,21.1
0500000US47133,20.0
0500000US47135,28.6
0500000US47137,16.5
0500000US47139,17.8
0500000US47141,24.0
0500000US47143,22.9
0500000US47145,16.2
0500000US47147,10.5
0500000US47149,12.6
0500000US47151,27.7
0500000US47153,16.1
0500000US47155,15.3
0500000US47157,21.4
0500000US47159,16.2
0500000US47161,19.2
0500000US47163,16.8
0500000US47165,9.7
0500000US47167,13.8
0500000US47169,13.3
0500000US47171,21.0
0500000US47173,23.5
0500000US47175,19.1
0500000US47177,20.7
0500000US47179,17.1
0500000US47181,18.9
0500000US47183,19.1
0500000US47185,18.1
0500000US47187,5.2
0500000US47189,9.1
0500000US48001,17.1
0500000US48003,10.7
0500000US48005,19.6
0500000US48007,17.0
0500000US48009,8.1
0500000US48011,9.6
0500000US48013,15.3
0500000US48015,14.5
0500000US48017,19.1
0500000US48019,16.5
0500000US48021,13.6
0500000US48023,12.7
0500000US48025,20.5
0500000US48027,14.7
0500000US48029,17.2
0500000US48031,9.7
0500000US48033,2.6
0500000US48035,14.8
0500000US48037,19.5
0500000US48039,10.5
0500000US48041,27.0
0500000US48043,11.2
0500000US48045,14.5
0500000US48047,34.7
0500000US48049,17.7
0500000US48051,13.6
0500000US48053,14.4
0500000US48055,18.6
0500000US48057,18.1
0500000US48059,18.0
0500000US48061,33.0
0500000US48063,19.3
0500000US48065,5.9
0500000US48067,19.2
0500000US48069,16.2
0500000US48071,11.7
0500000US48073,21.9
0500000US48075,22.8
0500000US48077,15.4
0500000US48079,19.6
0500000US48081,17.2
0500000US48083,18.3
0500000US48085,7.1
0500000US48087,19.7
0500000US48089,14.0
0500000US48091,9.2
0500000US48093,21.3
0500000US48095,10.6
0500000US48097,15.0
0500000US48099,14.1
0500000US48101,25.0
0500000US48103,11.7
0500000US48105,22.7
0500000US48107,20.0
0500000US48109,23.8
0500000US48111,16.2
0500000US48113,18.6
0500000US48115,16.3
0500000US48117,17.2
0500000US48119,21.5
0500000US48121,8.7
0500000US48123,16.2
0500000US48125,19.0
0500000US48127,23.3
0500000US48129,15.0
0500000US48131,24.5
0500000US48133,17.6
0500000US48135,12.4
0500000US48137,7.7
0500000US48139,11.0
0500000US48141,22.5
0500000US48143,24.5
0500000US48145,24.3
0500000US48147,16.5
0500000US48149,10.8
0500000US48151,19.8
0500000US48153,22.0
0500000US48155,6.9
0500000US48157,8.2
0500000US48159,16.8
0500000US48161,16.6
0500000US48163,21.3
0500000US48165,10.7
0500000US48167,13.6
0500000US48169,13.4
0500000US48171,10.8
0500000US48173,5.3
0500000US48175,16.9
0500000US48177,17.2
0500000US48179,15.7
0500000US48181,15.6
0500000US48183,18.2
0500000US48185,20.3
0500000US48187,10.5
0500000US48189,20.7
0500000US48191,28.7
0500000US48193,14.8
0500000US48195,20.0
0500000US48197,15.5
0500000US48199,11.8
0500000US48201,17.4
0500000US48203,17.7
0500000US48205,7.3
0500000US48207,20.6
0500000US48209,16.2
0500000US48211,11.8
0500000US48213,18.8
0500000US48215,32.8
0500000US48217,19.1
0500000US48219,15.7
0500000US48221,12.1
0500000US48223,19.5
0500000US48225,24.4
0500000US48227,14.9
0500000US48229,37.9
0500000US48231,18.9
0500000US48233,16.5
0500000US48235,11.7
0500000US48237,17.2
0500000US48239,13.0
0500000US48241,16.3
0500000US48243,8.0
0500000US48245,20.0
0500000US48247,20.9
0500000US48249,20.7
0500000US48251,12.1
0500000US48253,16.7
0500000US48255,24.0
0500000US48257,13.7
0500000US48259,6.1
0500000US48261,22.8
0500000US48263,11.7
0500000US48265,16.7
0500000US48267,19.0
0500000US48269,3.3
0500000US48271,20.5
0500000US48273,23.8
0500000US48275,14.7
0500000US48277,19.9
0500000US48279,20.8
0500000US48281,13.7
0500000US48283,13.2
0500000US48285,10.4
0500000US48287,14.8
0500000US48289,16.0
0500000US48291,17.3
0500000US48293,22.2
0500000US48295,10.4
0500000US48297,15.9
0500000US48299,13.8
0500000US48301,16.4
0500000US48303,19.5
0500000US48305,19.8
0500000US48307,18.4
0500000US48309,19.9
0500000US48311,8.8
0500000US48313,16.5
0500000US48315,21.6
0500000US48317,10.6
0500000US48319,14.9
0500000US48321,21.7
0500000US48323,24.7
0500000US48325,14.0
0500000US48327,13.4
0500000US48329,7.9
0500000US48331,15.5
0500000US48333,14.5
0500000US48335,10.2
0500000US48337,16.1
0500000US48339,11.0
0500000US48341,17.8
0500000US48343,18.6
0500000US48345,15.5
0500000US48347,24.4
0500000US48349,19.9
0500000US48351,16.2
0500000US48353,17.6
0500000US48355,17.0
0500000US48357,12.6
0500000US48359,13.2
0500000US48361,15.2
0500000US48363,17.9
0500000US48365,14.6
0500000US48367,9.4
0500000US48369,16.8
0500000US48371,9.7
0500000US48373,18.2
0500000US48375,21.9
0500000US48377,24.5
0500000US48379,10.7
0500000US48381,10.5
0500000US48383,17.5
0500000US48385,18.4
0500000US48387,16.5
0500000US48389,14.7
0500000US48391,15.8
0500000US48393,1.8
0500000US48395,15.1
0500000US48397,6.2
0500000US48399,17.8
0500000US48401,16.5
0500000US48403,23.2
0500000US48405,26.6
0500000US48407,17.2
0500000US48409,14.3
0500000US48411,18.0
0500000US48413,13.2
0500000US48415,8.1
0500000US48417,18.5
0500000US48419,22.8
0500000US48421,13.6
0500000US48423,17.0
0500000US48425,17.6
0500000US48427,37.6
0500000US48429,22.0
0500000US48431,15.5
0500000US48433,18.9
0500000US48435,9.2
0500000US48437,23.4
0500000US48439,14.4
0500000US48441,17.5
0500000US48443,24.9
0500000US48445,13.7
0500000US48447,13.3
0500000US48449,20.8
0500000US48451,13.8
0500000US48453,15.2
0500000US48455,15.5
0500000US48457,15.7
0500000US48459,13.5
0500000US48461,20.4
0500000US48463,20.7
0500000US48465,20.9
0500000US48467,15.8
0500000US48469,14.7
0500000US48471,24.0
0500000US48473,19.0
0500000US48475,16.6
0500000US48477,14.4
0500000US48479,32.1
0500000US48481,17.7
0500000US48483,17.2
0500000US48485,18.5
0500000US48487,16.4
0500000US48489,37.2
0500000US48491,7.2
0500000US48493,10.5
0500000US48495,17.3
0500000US48497,12.5
0500000US48499,13.3
0500000US48501,12.0
0500000US48503,15.3
0500000US48505,34.1
0500000US48507,35.8
0500000US49001,11.7
0500000US49003,10.3
0500000US49005,15.0
0500000US49007,15.5
0500000US49009,4.8
0500000US49011,7.2
0500000US49013,12.1
0500000US49015,12.0
0500000US49017,13.5
0500000US49019,17.0
0500000US49021,21.5
0500000US49023,14.2
0500000US49025,9.0
0500000US49027,10.3
0500000US49029,4.1
0500000US49031,16.7
0500000US49033,15.8
0500000US49035,11.4
0500000US49037,27.6
0500000US49039,16.7
0500000US49041,14.5
0500000US49043,7.9
0500000US49045,7.2
0500000US49047,9.5
0500000US49049,12.5
0500000US49051,8.8
0500000US49053,14.8
0500000US49055,13.7
0500000US49057,12.4
0500000US50001,8.7
0500000US50003,13.4
0500000US50005,12.4
0500000US50007,11.5
0500000US50009,14.8
0500000US50011,8.6
0500000US50013,7.5
0500000US50015,12.8
0500000US50017,12.3
0500000US50019,14.6
0500000US50021,12.3
0500000US50023,11.4
0500000US50025,14.0
0500000US50027,10.0
0500000US51001,19.5
0500000US51003,9.7
0500000US51005,18.3
0500000US51007,11.6
0500000US51009,14.1
0500000US51011,17.3
0500000US51013,8.7
0500000US51015,9.2
0500000US51017,8.4
0500000US51019,9.2
0500000US51021,9.7
0500000US51023,8.3
0500000US51025,21.9
0500000US51027,23.9
0500000US51029,17.6
0500000US51031,12.5
0500000US51033,13.1
0500000US51035,15.7
0500000US51036,14.6
0500000US51037,24.7
0500000US51041,7.4
0500000US51043,11.3
0500000US51045,12.9
0500000US51047,9.2
0500000US51049,22.8
0500000US51051,21.5
0500000US51053,15.9
0500000US51057,13.4
0500000US51059,6.0
0500000US51061,6.0
0500000US51063,11.8
0500000US51065,6.9
0500000US51067,14.6
0500000US51069,5.9
0500000US51071,11.8
0500000US51073,7.6
0500000US51075,5.0
0500000US51077,19.8
0500000US51079,11.0
0500000US51081,17.8
0500000US51083,18.8
0500000US51085,6.2
0500000US51087,10.6
0500000US51089,19.0
0500000US51091,12.6
0500000US51093,10.9
0500000US51095,7.9
0500000US51097,14.2
0500000US51099,5.6
0500000US51101,12.1
0500000US51103,10.0
0500000US51105,26.1
0500000US51107,4.0
0500000US51109,12.0
0500000US51111,20.6
0500000US51113,11.7
0500000US51115,9.6
0500000US51117,17.8
0500000US51119,10.9
0500000US51121,24.0
0500000US51125,14.6
0500000US51127,5.0
0500000US51131,21.9
0500000US51133,11.0
0500000US51135,21.3
0500000US51137,9.2
0500000US51139,16.0
0500000US51141,22.2
0500000US51143,15.1
0500000US51145,5.6
0500000US51147,18.0
0500000US51149,9.6
0500000US51153,7.0
0500000US51155,13.5
0500000US51157,9.2
0500000US51159,16.7
0500000US51161,8.0
0500000US51163,14.7
0500000US51165,11.6
0500000US51167,17.0
0500000US51169,20.1
0500000US51171,10.6
0500000US51173,17.7
0500000US51175,14.7
0500000US51177,8.5
0500000US51179,5.1
0500000US51181,11.9
0500000US51183,18.5
0500000US51185,17.8
0500000US51187,10.4
0500000US51191,14.3
0500000US51193,11.1
0500000US51195,21.2
0500000US51197,16.2
0500000US51199,6.2
0500000US51510,9.8
0500000US51520,20.6
0500000US51530,27.6
0500000US51540,25.9
0500000US51550,9.5
0500000US51570,12.9
0500000US51580,21.4
0500000US51590,22.5
0500000US51595,33.0
0500000US51600,6.2
0500000US51610,2.7
0500000US51620,16.7
0500000US51630,16.6
0500000US51640,25.0
0500000US51650,15.6
0500000US51660,33.1
0500000US51670,20.5
0500000US51678,18.4
0500000US51680,24.3
0500000US51683,8.7
0500000US51685,8.7
0500000US51690,24.1
0500000US51700,16.1
0500000US51710,21.0
0500000US51720,26.5
0500000US51730,29.4
0500000US51735,4.7
0500000US51740,18.2
0500000US51750,39.3
0500000US51760,25.4
0500000US51770,22.2
0500000US51775,9.4
0500000US51790,15.8
0500000US51800,11.5
0500000US51810,8.2
0500000US51820,16.0
0500000US51830,22.8
0500000US51840,14.6
0500000US53001,23.0
0500000US53003,14.5
0500000US53005,13.9
0500000US53007,12.6
0500000US53009,15.7
0500000US53011,10.2
0500000US53013,14.8
0500000US53015,16.9
0500000US53017,13.4
0500000US53019,23.5
0500000US53021,16.4
0500000US53023,11.3
0500000US53025,16.9
0500000US53027,16.6
0500000US53029,9.5
0500000US53031,12.0
0500000US53033,10.7
0500000US53035,10.4
0500000US53037,20.9
0500000US53039,15.7
0500000US53041,16.3
0500000US53043,14.8
0500000US53045,17.0
0500000US53047,21.2
0500000US53049,18.7
0500000US53051,19.8
0500000US53053,12.7
0500000US53055,11.1
0500000US53057,15.0
0500000US53059,14.3
0500000US53061,9.3
0500000US53063,15.6
0500000US53065,16.5
0500000US53067,12.0
0500000US53069,14.1
0500000US53071,16.5
0500000US53073,16.0
0500000US53075,30.0
0500000US53077,20.5
0500000US54001,22.4
0500000US54003,13.2
0500000US54005,26.0
0500000US54007,20.2
0500000US54009,12.7
0500000US54011,21.8
0500000US54013,15.9
0500000US54015,23.1
0500000US54017,15.4
0500000US54019,19.1
0500000US54021,26.1
0500000US54023,13.1
0500000US54025,18.4
0500000US54027,16.9
0500000US54029,14.5
0500000US54031,13.7
0500000US54033,15.9
0500000US54035,14.9
0500000US54037,10.9
0500000US54039,16.0
0500000US54041,19.3
0500000US54043,25.2
0500000US54045,20.2
0500000US54047,37.6
0500000US54049,16.7
0500000US54051,14.6
0500000US54053,18.9
0500000US54055,21.1
0500000US54057,16.4
0500000US54059,26.0
0500000US54061,22.2
0500000US54063,17.1
0500000US54065,11.4
0500000US54067,17.6
0500000US54069,16.2
0500000US54071,18.2
0500000US54073,16.9
0500000US54075,18.6
0500000US54077,15.3
0500000US54079,9.8
0500000US54081,17.7
0500000US54083,16.9
0500000US54085,19.4
0500000US54087,20.3
0500000US54089,18.4
0500000US54091,16.6
0500000US54093,13.3
0500000US54095,18.7
0500000US54097,17.9
0500000US54099,20.9
0500000US54101,27.2
0500000US54103,21.1
0500000US54105,15.2
0500000US54107,17.4
0500000US54109,20.1
0500000US55001,12.7
0500000US55003,15.4
0500000US55005,12.2
0500000US55007,11.4
0500000US55009,11.7
0500000US55011,10.8
0500000US55013,15.9
0500000US55015,6.3
0500000US55017,11.1
0500000US55019,14.9
0500000US55021,8.6
0500000US55023,13.6
0500000US55025,12.7
0500000US55027,8.8
0500000US55029,9.0
0500000US55031,15.5
0500000US55033,14.2
0500000US55035,14.6
0500000US55037,8.0
0500000US55039,8.6
0500000US55041,17.1
0500000US55043,15.3
0500000US55045,8.9
0500000US55047,11.2
0500000US55049,9.7
0500000US55051,12.8
0500000US55053,13.1
0500000US55055,10.3
0500000US55057,13.1
0500000US55059,15.2
0500000US55061,9.0
0500000US55063,14.8
0500000US55065,11.2
0500000US55067,15.9
0500000US55069,9.6
0500000US55071,10.3
0500000US55073,11.1
0500000US55075,13.1
0500000US55077,11.7
0500000US55078,33.1
0500000US55079,21.2
0500000US55081,13.9
0500000US55083,9.0
0500000US55085,9.4
0500000US55087,9.0
0500000US55089,5.5
0500000US55091,13.4
0500000US55093,12.0
0500000US55095,9.9
0500000US55097,14.1
0500000US55099,12.8
0500000US55101,12.5
0500000US55103,13.7
0500000US55105,14.7
0500000US55107,15.9
0500000US55109,5.7
0500000US55111,11.1
0500000US55113,16.4
0500000US55115,11.4
0500000US55117,8.9
0500000US55119,12.4
0500000US55121,9.7
0500000US55123,16.3
0500000US55125,14.7
0500000US55127,12.9
0500000US55129,12.8
0500000US55131,5.7
0500000US55133,5.2
0500000US55135,10.6
0500000US55137,11.5
0500000US55139,12.2
0500000US55141,10.6
0500000US56001,25.5
0500000US56003,11.9
0500000US56005,8.1
0500000US56007,14.3
0500000US56009,8.4
0500000US56011,6.1
0500000US56013,14.1
0500000US56015,15.9
0500000US56017,11.2
0500000US56019,5.9
0500000US56021,10.4
0500000US56023,8.8
0500000US56025,10.5
0500000US56027,13.6
0500000US56029,8.1
0500000US56031,15.6
0500000US56033,8.2
0500000US56035,7.8
0500000US56037,11.0
0500000US56039,7.3
0500000US56041,16.8
0500000US56043,14.7
0500000US56045,14.7
0500000US72001,63.0
0500000US72003,54.5
0500000US72005,49.7
0500000US72007,50.8
0500000US72009,46.8
0500000US72011,48.9
0500000US72013,48.9
0500000US72015,53.1
0500000US72017,53.0
0500000US72019,60.7
0500000US72021,35.3
0500000US72023,50.1
0500000US72025,37.2
0500000US72027,48.4
0500000US72029,43.5
0500000US72031,29.9
0500000US72033,49.1
0500000US72035,43.1
0500000US72037,44.8
0500000US72039,60.8
0500000US72041,42.0
0500000US72043,49.3
0500000US72045,61.0
0500000US72047,56.1
0500000US72049,45.8
0500000US72051,35.8
0500000US72053,44.1
0500000US72054,54.6
0500000US72055,63.0
0500000US72057,53.9
0500000US72059,58.8
0500000US72061,27.2
0500000US72063,32.4
0500000US72065,44.7
0500000US72067,36.3
0500000US72069,45.3
0500000US72071,54.8
0500000US72073,59.8
0500000US72075,48.2
0500000US72077,49.0
0500000US72079,59.9
0500000US72081,57.6
0500000US72083,58.9
0500000US72085,47.5
0500000US72087,49.6
0500000US72089,44.3
0500000US72091,46.3
0500000US72093,63.8
0500000US72095,56.0
0500000US72097,51.3
0500000US72099,56.6
0500000US72101,51.9
0500000US72103,49.9
0500000US72105,47.9
0500000US72107,57.7
0500000US72109,56.7
0500000US72111,57.7
0500000US72113,51.3
0500000US72115,56.0
0500000US72117,48.1
0500000US72119,37.6
0500000US72121,49.2
0500000US72123,53.2
0500000US72125,51.3
0500000US72127,42.3
0500000US72129,46.8
0500000US72131,56.5
0500000US72133,50.4
0500000US72135,30.6
0500000US72137,36.9
0500000US72139,29.9
0500000US72141,52.2
0500000US72143,48.7
0500000US72145,46.0
0500000US72147,35.9
0500000US72149,50.8
0500000US72151,49.5
0500000US72153,50.3