GEO_ID,Tot_pop ,Rural
0500000US01001,24350,9991
0500000US01003,124148,40740
0500000US01005,11618,7538
0500000US01007,9002,9002
0500000US01009,24622,22337
0500000US01011,4516,4516
0500000US01013,9806,6916
0500000US01015,53052,18849
0500000US01017,16373,8388
0500000US01019,14513,14513
0500000US01021,19438,16547
0500000US01023,7104,7104
0500000US01025,11655,11655
0500000US01027,7035,7035
0500000US01029,6801,6801
0500000US01031,24105,11782
0500000US01033,27666,11234
0500000US01035,6382,6382
0500000US01037,5999,5999
0500000US01039,18596,12750
0500000US01041,6516,6516
0500000US01043,39145,29645
0500000US01045,22761,11528
0500000US01047,18880,8408
0500000US01049,30584,27249
0500000US01051,36818,26274
0500000US01053,16684,10473
0500000US01055,47306,19411
0500000US01057,7760,7760
0500000US01059,13912,10065
0500000US01061,12452,12397
0500000US01063,4205,4205
0500000US01065,7399,7399
0500000US01067,9058,9058
0500000US01069,49282,16265
0500000US01071,24627,18233
0500000US01073,307927,33590
0500000US01075,7071,7071
0500000US01077,44585,22575
0500000US01079,15225,15224
0500000US01081,74856,19070
0500000US01083,42692,21943
0500000US01085,4779,4779
0500000US01087,9604,5272
0500000US01089,169820,27442
0500000US01091,9777,6791
0500000US01093,14073,14073
0500000US01095,41245,22720
0500000US01097,184441,39319
0500000US01099,10127,7898
0500000US01101,105293,12251
0500000US01103,53265,20223
0500000US01105,3933,3933
0500000US01107,8646,8646
0500000US01109,15977,9120
0500000US01111,12400,12400
0500000US01113,27253,10541
0500000US01115,37775,25132
0500000US01117,89060,21565
0500000US01119,6279,6279
0500000US01121,37948,22123
0500000US01123,22686,18258
0500000US01125,101460,29825
0500000US01127,29975,24194
0500000US01129,7712,7712
0500000US01131,5261,5261
0500000US01133,13015,13015
0500000US02013,679,679
0500000US02016,1331,1331
0500000US02020,118640,5451
0500000US02050,5984,4228
0500000US02060,857,857
0500000US02063,3565,3565
0500000US02066,2769,2769
0500000US02068,1606,1606
0500000US02070,2405,2405
0500000US02090,42659,12479
0500000US02100,1370,1370
0500000US02105,1777,1777
0500000US02110,14093,3133
0500000US02122,32622,26412
0500000US02130,6614,1156
0500000US02150,5825,2027
0500000US02158,2342,2342
0500000US02164,1469,1469
0500000US02170,51077,30573
0500000US02180,4095,4095
0500000US02185,2619,2619
0500000US02188,2717,2717
0500000US02195,1718,1718
0500000US02198,3227,3227
0500000US02220,4139,476
0500000US02230,760,760
0500000US02240,3513,3513
0500000US02275,1273,1273
0500000US02282,441,441
0500000US02290,4014,4014
0500000US04001,28723,28723
0500000US04003,58648,22274
0500000US04005,69108,27073
0500000US04007,32373,16077
0500000US04009,13704,6243
0500000US04011,4389,4389
0500000US04012,13457,5699
0500000US04013,1812827,37705
0500000US04015,117650,28054
0500000US04017,56180,27917
0500000US04019,470132,37088
0500000US04021,172878,36634
0500000US04023,18729,11395
0500000US04025,121154,39909
0500000US04027,92048,11734
0500000US05001,8671,4622
0500000US05003,9371,5821
0500000US05005,22699,13585
0500000US05007,113088,28019
0500000US05009,17368,10569
0500000US05011,5073,2483
0500000US05013,2444,2444
0500000US05015,13853,11845
0500000US05017,5104,5104
0500000US05019,9977,5772
0500000US05021,7470,7470
0500000US05023,15527,11686
0500000US05025,3570,3570
0500000US05027,10999,6516
0500000US05029,9646,6626
0500000US05031,46739,15232
0500000US05033,25300,12862
0500000US05035,21291,4311
0500000US05037,7585,4202
0500000US05039,3468,3468
0500000US05041,5795,3652
0500000US05043,8259,4353
0500000US05045,51685,22640
0500000US05047,7716,7716
0500000US05049,6185,6185
0500000US05051,52326,15830
0500000US05053,7839,5723
0500000US05055,19159,8547
0500000US05057,9601,5506
0500000US05059,14179,9944
0500000US05061,6152,6152
0500000US05063,16667,11943
0500000US05065,6721,6721
0500000US05067,7079,4146
0500000US05069,30573,9150
0500000US05071,11475,8151
0500000US05073,3916,3916
0500000US05075,7489,4503
0500000US05077,3695,3695
0500000US05079,4366,4366
0500000US05081,6043,6043
0500000US05083,9744,9744
0500000US05085,30112,15983
0500000US05087,7611,7611
0500000US05089,9461,9461
0500000US05091,19779,7859
0500000US05093,19075,8267
0500000US05095,3828,3828
0500000US05097,5435,5435
0500000US05099,4298,4298
0500000US05101,4086,4086
0500000US05103,11837,6645
0500000US05105,4933,4933
0500000US05107,8315,3921
0500000US05109,5289,5289
0500000US05111,10327,7184
0500000US05113,9612,6823
0500000US05115,26902,15232
0500000US05117,4071,4071
0500000US05119,190511,19920
0500000US05121,8562,5421
0500000US05123,9565,5491
0500000US05125,51879,18218
0500000US05127,4851,4851
0500000US05129,4705,4705
0500000US05131,56749,10776
0500000US05133,6741,4578
0500000US05135,9499,9499
0500000US05137,6784,6784
0500000US05139,18599,9732
0500000US05141,9668,9668
0500000US05143,100508,23942
0500000US05145,33270,18643
0500000US05147,3250,3250
0500000US05149,9246,7597
0500000US06001,621958,2958
0500000US06003,1540,1540
0500000US06005,18805,12883
0500000US06007,90133,19919
0500000US06009,27422,24210
0500000US06011,8099,3655
0500000US06013,423342,3990
0500000US06015,11090,4416
0500000US06017,93467,34495
0500000US06019,338441,40061
0500000US06021,10895,4541
0500000US06023,62120,20658
0500000US06025,56625,10436
0500000US06027,9469,4365
0500000US06029,301009,45008
0500000US06031,46287,5605
0500000US06033,34220,13034
0500000US06035,12216,7983
0500000US06037,3591981,31344
0500000US06039,49572,22388
0500000US06041,111564,8603
0500000US06043,9760,9760
0500000US06045,41370,21544
0500000US06047,87783,15722
0500000US06049,4752,4752
0500000US06051,13589,4415
0500000US06053,143631,21612
0500000US06055,55448,9779
0500000US06057,53627,23081
0500000US06059,1129785,2997
0500000US06061,172356,31079
0500000US06063,15396,15396
0500000US06065,848549,49278
0500000US06067,587551,14109
0500000US06069,20365,5202
0500000US06071,731899,55011
0500000US06073,1228505,48938
0500000US06075,406628,0
0500000US06077,251453,21101
0500000US06079,123715,22094
0500000US06081,283693,5464
0500000US06083,158279,10178
0500000US06085,688035,9026
0500000US06087,106345,15097
0500000US06089,79380,27991
0500000US06091,2127,2108
0500000US06093,22929,16306
0500000US06095,162237,7610
0500000US06097,204742,35357
0500000US06099,183140,15777
0500000US06101,34499,5704
0500000US06103,27341,16020
0500000US06105,8183,8183
0500000US06107,150652,32020
0500000US06109,31415,15398
0500000US06111,293080,9812
0500000US06113,80188,6451
0500000US06115,29458,10269
0500000US08001,186544,7330
0500000US08003,7064,2408
0500000US08005,262493,4649
0500000US08007,9495,5399
0500000US08009,1972,1972
0500000US08011,2136,2136
0500000US08013,140848,15321
0500000US08014,31298,86
0500000US08015,10921,5431
0500000US08017,925,925
0500000US08019,5672,5672
0500000US08021,3998,3998
0500000US08023,2423,2423
0500000US08025,1509,1509
0500000US08027,4175,4175
0500000US08029,14780,11227
0500000US08031,344980,8
0500000US08033,1319,1319
0500000US08035,135643,12607
0500000US08037,32967,5591
0500000US08039,9805,9805
0500000US08041,287459,25564
0500000US08043,20243,9126
0500000US08045,24091,7721
0500000US08047,3516,3516
0500000US08049,16633,8200
0500000US08051,12131,8846
0500000US08053,1329,1329
0500000US08055,4679,4679
0500000US08057,1190,1190
0500000US08059,248429,18708
0500000US08061,736,736
0500000US08063,3410,3410
0500000US08065,4303,1697
0500000US08067,28198,18966
0500000US08069,158769,19598
0500000US08071,8077,3715
0500000US08073,2358,2358
0500000US08075,8668,3010
0500000US08077,67407,8823
0500000US08079,1215,1215
0500000US08081,6091,1803
0500000US08083,12295,8381
0500000US08085,18952,7838
0500000US08087,11493,4240
0500000US08089,8716,5145
0500000US08091,3314,3314
0500000US08093,14112,14112
0500000US08095,2025,2025
0500000US08097,13245,3832
0500000US08099,5437,2051
0500000US08101,71981,9578
0500000US08103,3274,3274
0500000US08105,6527,6527
0500000US08107,16511,5979
0500000US08109,3739,3739
0500000US08111,779,779
0500000US08113,6551,2204
0500000US08115,1343,1343
0500000US08117,31342,5452
0500000US08119,13316,8806
0500000US08121,2276,2276
0500000US08123,119962,24371
0500000US08125,4315,4315
0500000US09001,378479,20139
0500000US09003,385307,19996
0500000US09005,87615,40719
0500000US09007,76289,20571
0500000US09009,369178,16942
0500000US09011,122863,33349
0500000US09013,60876,30461
0500000US09015,49590,24829
0500000US10001,72708,19317
0500000US10003,233747,11723
0500000US10005,142280,39082
0500000US11001,350364,0
0500000US12001,123359,27727
0500000US12003,9809,5912
0500000US12005,102971,11113
0500000US12007,10723,7237
0500000US12009,288794,11025
0500000US12011,860329,35
0500000US12013,5628,5628
0500000US12015,110046,6049
0500000US12017,81687,20790
0500000US12019,85049,13171
0500000US12021,228390,16523
0500000US12023,29775,18717
0500000US12027,15548,7299
0500000US12029,9276,9276
0500000US12031,435033,10588
0500000US12033,145390,9611
0500000US12035,55565,3997
0500000US12037,8347,8347
0500000US12039,18929,15345
0500000US12041,7493,7493
0500000US12043,6491,5102
0500000US12045,8796,8796
0500000US12047,5596,5596
0500000US12049,9820,5889
0500000US12051,14971,5670
0500000US12053,89165,18672
0500000US12055,57486,11478
0500000US12057,602886,20200
0500000US12059,8622,8622
0500000US12061,83529,4406
0500000US12063,19882,17158
0500000US12065,6690,6690
0500000US12067,3284,3284
0500000US12069,177628,29823
0500000US12071,416332,15014
0500000US12073,133478,16649
0500000US12075,20868,20868
0500000US12077,3196,3196
0500000US12079,8315,8315
0500000US12081,206633,6928
0500000US12083,177380,51931
0500000US12085,81371,3875
0500000US12086,1074685,6097
0500000US12087,53961,7798
0500000US12089,41628,15405
0500000US12091,101197,8820
0500000US12093,18484,5288
0500000US12095,561851,11699
0500000US12097,154680,9830
0500000US12099,705988,4980
0500000US12101,256783,17226
0500000US12103,516324,737
0500000US12105,316381,35009
0500000US12107,36014,27184
0500000US12109,119090,16655
0500000US12111,147884,5566
0500000US12113,75854,14780
0500000US12115,253231,4238
0500000US12117,193790,5646
0500000US12119,75304,12586
0500000US12121,18859,16108
0500000US12123,11088,8143
0500000US12125,4713,4713
0500000US12127,272325,20828
0500000US12129,13633,9721
0500000US12131,56197,19459
0500000US12133,10846,10846
0500000US13001,8496,6014
0500000US13003,3470,3470
0500000US13005,4807,4807
0500000US13007,1447,1447
0500000US13009,19988,9647
0500000US13011,7211,6876
0500000US13013,30019,9807
0500000US13015,42435,16014
0500000US13017,8124,2770
0500000US13019,7991,5856
0500000US13021,71901,8917
0500000US13023,5176,2768
0500000US13025,8143,8076
0500000US13027,7280,7280
0500000US13029,16703,8190
0500000US13031,32983,15005
0500000US13033,11138,8437
0500000US13035,9437,7203
0500000US13037,2020,2020
0500000US13039,22541,6957
0500000US13043,4629,4629
0500000US13045,46239,25203
0500000US13047,27971,6133
0500000US13049,4660,4660
0500000US13051,134146,3907
0500000US13053,3242,1460
0500000US13055,10854,6669
0500000US13057,100813,18160
0500000US13059,55802,3155
0500000US13061,1961,1961
0500000US13063,114038,550
0500000US13065,3025,3025
0500000US13067,308504,7
0500000US13069,17331,11232
0500000US13071,19105,10726
0500000US13073,58640,9078
0500000US13075,7258,4293
0500000US13077,56729,24325
0500000US13079,5154,5154
0500000US13081,9854,4630
0500000US13083,7387,7319
0500000US13085,11926,8097
0500000US13087,13036,6966
0500000US13089,326101,440
0500000US13091,8533,5755
0500000US13093,4762,4762
0500000US13095,40560,5577
0500000US13097,53885,7874
0500000US13099,4918,4918
0500000US13101,1531,1531
0500000US13103,24317,17862
0500000US13105,9248,6478
0500000US13107,9962,6851
0500000US13109,4646,4646
0500000US13111,17643,17643
0500000US13113,45202,7698
0500000US13115,40475,15662
0500000US13117,87581,6753
0500000US13119,10586,10586
0500000US13121,494006,2896
0500000US13123,17717,13979
0500000US13125,1403,1403
0500000US13127,42156,7982
0500000US13129,22736,13637
0500000US13131,11539,7117
0500000US13133,10087,10087
0500000US13135,330569,1401
0500000US13137,18340,11800
0500000US13139,76865,18885
0500000US13141,4896,4896
0500000US13143,12292,9368
0500000US13145,14212,13792
0500000US13147,12763,10155
0500000US13149,4742,4742
0500000US13151,86594,15247
0500000US13153,66633,5687
0500000US13155,4158,4158
0500000US13157,27699,17134
0500000US13159,6270,6270
0500000US13161,6351,4172
0500000US13163,7148,7148
0500000US13165,4066,4066
0500000US13167,3542,3542
0500000US13169,11584,9577
0500000US13171,7561,4765
0500000US13173,4069,4069
0500000US13175,21924,12587
0500000US13177,12709,7828
0500000US13179,26564,6580
0500000US13181,4389,4389
0500000US13183,6180,4921
0500000US13185,48717,16325
0500000US13187,13006,11603
0500000US13189,9390,5498
0500000US13191,6615,6615
0500000US13193,5109,5109
0500000US13195,12114,11046
0500000US13197,3497,3497
0500000US13199,9456,9456
0500000US13201,2851,2851
0500000US13205,9036,6686
0500000US13207,11085,8811
0500000US13209,3740,3694
0500000US13211,8318,6230
0500000US13213,16038,11008
0500000US13215,90348,2709
0500000US13217,41756,13979
0500000US13219,14998,7843
0500000US13221,6343,6343
0500000US13223,59172,12229
0500000US13225,11991,4628
0500000US13227,14896,12239
0500000US13229,8360,8264
0500000US13231,7066,7044
0500000US13233,17274,8876
0500000US13235,4281,4281
0500000US13237,13032,13032
0500000US13239,1678,1276
0500000US13241,11970,11970
0500000US13243,3438,3438
0500000US13245,92057,7012
0500000US13247,35427,4978
0500000US13249,1961,1961
0500000US13251,6500,6500
0500000US13253,5048,5048
0500000US13255,27785,11316
0500000US13257,12317,7098
0500000US13259,2103,2103
0500000US13261,13458,5849
0500000US13263,3042,3042
0500000US13265,908,908
0500000US13267,9298,9298
0500000US13269,3894,3894
0500000US13271,4704,4704
0500000US13273,4243,4243
0500000US13275,20668,9041
0500000US13277,17375,6864
0500000US13279,12027,5835
0500000US13281,8600,8600
0500000US13283,2868,2868
0500000US13285,28721,12546
0500000US13287,3916,1830
0500000US13289,4028,4028
0500000US13291,14645,14645
0500000US13293,12301,5622
0500000US13295,29137,14304
0500000US13297,35473,20477
0500000US13299,15858,4877
0500000US13301,2511,2511
0500000US13303,8556,5212
0500000US13305,12460,7489
0500000US13307,1196,1196
0500000US13309,2420,2420
0500000US13311,13535,13535
0500000US13313,38876,13897
0500000US13315,3440,3440
0500000US13317,5165,5165
0500000US13319,4288,4288
0500000US13321,9244,6518
0500000US15001,88691,52845
0500000US15003,370665,4929
0500000US15005,114,114
0500000US15007,30157,12669
0500000US15009,71439,15040
0500000US16001,196901,7973
0500000US16003,2642,2642
0500000US16005,34903,5637
0500000US16007,3849,3849
0500000US16009,4628,4628
0500000US16011,16905,9792
0500000US16013,15436,3861
0500000US16015,5443,5443
0500000US16017,26312,19893
0500000US16019,45214,6857
0500000US16021,5400,5400
0500000US16023,1289,1289
0500000US16025,691,691
0500000US16027,81013,15184
0500000US16029,3108,3108
0500000US16031,8838,4333
0500000US16033,483,483
0500000US16035,4552,4552
0500000US16037,3021,3021
0500000US16039,12049,4671
0500000US16041,4985,4985
0500000US16043,8452,8452
0500000US16045,7563,3372
0500000US16047,6030,6030
0500000US16049,8872,8872
0500000US16051,10134,6773
0500000US16053,8569,4260
0500000US16055,74736,19831
0500000US16057,17259,5958
0500000US16059,4568,4568
0500000US16061,1810,1810
0500000US16063,1948,1948
0500000US16065,14124,3533
0500000US16067,8218,3560
0500000US16069,18364,3552
0500000US16071,2009,2009
0500000US16073,4719,4719
0500000US16075,9684,3863
0500000US16077,2937,2937
0500000US16079,6990,6990
0500000US16081,5815,5815
0500000US16083,34693,11849
0500000US16085,12189,7858
0500000US16087,4514,2233
0500000US17001,30235,9511
0500000US17003,2946,2863
0500000US17005,6858,4596
0500000US17007,20157,5967
0500000US17009,2330,2330
0500000US17011,15616,8452
0500000US17013,2282,2282
0500000US17015,8159,8159
0500000US17017,5676,3171
0500000US17019,93075,13809
0500000US17021,15184,6737
0500000US17023,7327,7327
0500000US17025,6145,3884
0500000US17027,15574,12220
0500000US17029,22739,5629
0500000US17031,2264966,1123
0500000US17033,8471,5269
0500000US17035,4728,4728
0500000US17037,41311,8874
0500000US17039,7309,3760
0500000US17041,8469,6125
0500000US17043,364970,604
0500000US17045,8236,4018
0500000US17047,3041,3041
0500000US17049,15314,8726
0500000US17051,8829,5902
0500000US17053,6265,4229
0500000US17055,18480,10633
0500000US17057,15855,10027
0500000US17059,2497,2497
0500000US17061,5785,5785
0500000US17063,21174,5519
0500000US17065,3806,3806
0500000US17067,8952,7620
0500000US17069,2196,2196
0500000US17071,3357,3329
0500000US17073,22211,10836
0500000US17075,12779,10335
0500000US17077,27743,10189
0500000US17079,4228,4228
0500000US17081,16632,8946
0500000US17083,9754,5774
0500000US17085,13408,12183
0500000US17087,5526,5526
0500000US17089,188510,7988
0500000US17091,45270,13161
0500000US17093,45008,5373
0500000US17095,23817,8148
0500000US17097,269378,4012
0500000US17099,49812,14268
0500000US17101,6279,3962
0500000US17103,14985,8273
0500000US17105,15920,10189
0500000US17107,11984,5228
0500000US17109,13609,5607
0500000US17111,119708,17090
0500000US17113,74855,15439
0500000US17115,49727,7670
0500000US17117,21023,13751
0500000US17119,118579,17412
0500000US17121,17358,7981
0500000US17123,5819,5819
0500000US17125,6626,6626
0500000US17127,6797,3423
0500000US17129,5591,5591
0500000US17131,7291,7291
0500000US17133,14540,5847
0500000US17135,12511,7068
0500000US17137,15031,5472
0500000US17139,6159,4116
0500000US17141,22632,15564
0500000US17143,85074,12829
0500000US17145,9123,6154
0500000US17147,7360,4755
0500000US17149,7260,7260
0500000US17151,2355,2355
0500000US17153,2831,2831
0500000US17155,3057,3057
0500000US17157,13373,11347
0500000US17159,7364,3210
0500000US17161,66729,7272
0500000US17163,114595,15452
0500000US17165,11576,7422
0500000US17167,92982,15686
0500000US17169,3320,3320
0500000US17171,2388,2388
0500000US17173,10015,7474
0500000US17175,2577,2577
0500000US17177,21369,9381
0500000US17179,58550,11906
0500000US17181,7841,5092
0500000US17183,34407,13265
0500000US17185,5409,1974
0500000US17187,7602,3712
0500000US17189,6390,6349
0500000US17191,7679,5139
0500000US17193,6751,4212
0500000US17195,25855,10819
0500000US17197,250678,13321
0500000US17199,31818,12067
0500000US17201,124983,11695
0500000US17203,15704,11099
0500000US18001,13172,8352
0500000US18003,162431,18086
0500000US18005,35317,10408
0500000US18007,3783,3783
0500000US18009,5857,2803
0500000US18011,28103,7534
0500000US18013,8436,8436
0500000US18015,9483,8431
0500000US18017,16379,7667
0500000US18019,52169,10394
0500000US18021,11632,6910
0500000US18023,13450,6800
0500000US18025,5871,5871
0500000US18027,12738,7179
0500000US18029,20845,12265
0500000US18031,11512,5956
0500000US18033,18096,9283
0500000US18035,51464,11295
0500000US18037,18618,8874
0500000US18039,79594,16259
0500000US18041,10886,3837
0500000US18043,34344,10572
0500000US18045,7760,7760
0500000US18047,9639,8689
0500000US18049,9532,5826
0500000US18051,14539,10544
0500000US18053,29810,10664
0500000US18055,14329,11708
0500000US18057,135064,8147
0500000US18059,32125,8786
0500000US18061,16686,14177
0500000US18063,66869,10306
0500000US18065,20952,11932
0500000US18067,39605,9002
0500000US18069,16217,8204
0500000US18071,19069,9262
0500000US18073,13515,11005
0500000US18075,8890,5851
0500000US18077,14386,6394
0500000US18079,11574,8461
0500000US18081,63393,8061
0500000US18083,16917,7741
0500000US18085,38133,17421
0500000US18087,14845,14845
0500000US18089,214775,8984
0500000US18091,49780,17507
0500000US18093,20484,13552
0500000US18095,58784,13492
0500000US18097,436998,3065
0500000US18099,19654,14418
0500000US18101,4576,4576
0500000US18103,14852,7009
0500000US18105,63606,13487
0500000US18107,16464,8456
0500000US18109,29351,15368
0500000US18111,6018,6018
0500000US18113,20049,15485
0500000US18115,2722,2722
0500000US18117,9058,9058
0500000US18119,9795,9795
0500000US18121,7536,7486
0500000US18123,8502,4106
0500000US18125,5581,5581
0500000US18127,71483,15916
0500000US18129,11021,7555
0500000US18131,5816,5816
0500000US18133,14946,10911
0500000US18135,11394,7388
0500000US18137,12259,9924
0500000US18139,7352,4343
0500000US18141,118123,11343
0500000US18143,10715,7205
0500000US18145,19423,9863
0500000US18147,8572,8572
0500000US18149,11123,11123
0500000US18151,18837,12109
0500000US18153,8788,6342
0500000US18155,4290,4290
0500000US18157,77797,11240
0500000US18159,6797,4056
0500000US18161,3238,3238
0500000US18163,84058,5854
0500000US18165,7297,4217
0500000US18167,46932,11080
0500000US18169,14037,6684
0500000US18171,3659,3659
0500000US18173,26118,6731
0500000US18175,12093,9077
0500000US18177,30752,10791
0500000US18179,11938,7180
0500000US18181,12866,6580
0500000US18183,14837,10093
0500000US19001,3585,3585
0500000US19003,1888,1888
0500000US19005,7668,7668
0500000US19007,6306,3582
0500000US19009,2787,2787
0500000US19011,11076,8889
0500000US19013,58559,7089
0500000US19015,11921,5887
0500000US19017,10484,6823
0500000US19019,8886,5693
0500000US19021,8141,4024
0500000US19023,6536,6536
0500000US19025,4771,4771
0500000US19027,9490,4721
0500000US19029,6398,3089
0500000US19031,8190,8190
0500000US19033,22603,3845
0500000US19035,5558,3270
0500000US19037,5534,5534
0500000US19039,4268,1971
0500000US19041,8109,2667
0500000US19043,8758,8654
0500000US19045,21517,6036
0500000US19047,6855,3855
0500000US19049,41125,8589
0500000US19051,3579,3579
0500000US19053,3653,3653
0500000US19055,8100,5787
0500000US19057,18782,4559
0500000US19059,13691,2910
0500000US19061,42630,12380
0500000US19063,4475,1800
0500000US19065,9298,6316
0500000US19067,7314,3630
0500000US19069,4656,4656
0500000US19071,3110,3108
0500000US19073,4309,4309
0500000US19075,5465,5465
0500000US19077,5773,5773
0500000US19079,7037,3395
0500000US19081,5113,5113
0500000US19083,8032,5611
0500000US19085,6665,6665
0500000US19087,8398,4890
0500000US19089,4314,4314
0500000US19091,4571,2053
0500000US19093,3352,3352
0500000US19095,7341,7341
0500000US19097,9241,6357
0500000US19099,16132,8686
0500000US19101,7689,2946
0500000US19103,65916,10140
0500000US19105,8871,6778
0500000US19107,4654,4654
0500000US19109,7216,4532
0500000US19111,15858,6180
0500000US19113,101230,12988
0500000US19115,4712,4712
0500000US19117,4058,4058
0500000US19119,4817,4817
0500000US19121,6913,4554
0500000US19123,9680,4038
0500000US19125,14073,6418
0500000US19127,16745,5526
0500000US19129,6110,4032
0500000US19131,4847,4847
0500000US19133,4373,4373
0500000US19135,3636,3636
0500000US19137,5007,2250
0500000US19139,18366,7417
0500000US19141,6524,4231
0500000US19143,2878,2878
0500000US19145,6983,2369
0500000US19147,4516,4516
0500000US19149,10818,6471
0500000US19151,3666,3666
0500000US19153,210184,7872
0500000US19155,39852,10501
0500000US19157,8906,4895
0500000US19159,2672,2672
0500000US19161,5118,5118
0500000US19163,77771,9567
0500000US19165,5421,3137
0500000US19167,13000,7671
0500000US19169,41361,10533
0500000US19171,7575,5414
0500000US19173,2885,2885
0500000US19175,5784,2116
0500000US19177,3500,3500
0500000US19179,15734,4674
0500000US19181,20857,9690
0500000US19183,9573,6538
0500000US19185,3025,3025
0500000US19187,16937,5691
0500000US19189,5077,5077
0500000US19191,8916,5532
0500000US19193,42701,7239
0500000US19195,3480,3480
0500000US19197,6260,6260
0500000US20001,6054,3147
0500000US20003,3556,3556
0500000US20005,6814,2429
0500000US20007,2574,2574
0500000US20009,12370,5243
0500000US20011,6770,3167
0500000US20013,4482,4482
0500000US20015,26901,11964
0500000US20017,1397,1397
0500000US20019,1976,1976
0500000US20021,9113,9113
0500000US20023,1464,1464
0500000US20025,1042,1042
0500000US20027,3933,1860
0500000US20029,4503,1992
0500000US20031,3959,3959
0500000US20033,938,938
0500000US20035,15558,5013
0500000US20037,17997,7276
0500000US20039,1640,1640
0500000US20041,8778,5562
0500000US20043,3364,2445
0500000US20045,52846,6955
0500000US20047,1550,1550
0500000US20049,1491,1491
0500000US20051,13166,3232
0500000US20053,3080,3080
0500000US20055,14185,2707
0500000US20057,12550,2697
0500000US20059,11149,5674
0500000US20061,15928,1818
0500000US20063,1319,1319
0500000US20065,1422,1422
0500000US20067,2930,616
0500000US20069,2327,2327
0500000US20071,638,638
0500000US20073,3666,3666
0500000US20075,1106,1106
0500000US20077,3027,3027
0500000US20079,14569,5554
0500000US20081,1545,1545
0500000US20083,842,842
0500000US20085,5583,5583
0500000US20087,7911,7848
0500000US20089,1763,1763
0500000US20091,251681,9335
0500000US20093,1581,1581
0500000US20095,3647,3647
0500000US20097,1153,1153
0500000US20099,9524,4809
0500000US20101,895,895
0500000US20103,31219,10503
0500000US20105,1672,1672
0500000US20107,5065,5065
0500000US20109,1369,1369
0500000US20111,14957,3733
0500000US20113,13019,6817
0500000US20115,5671,5671
0500000US20117,4762,4762
0500000US20119,1900,1900
0500000US20121,13865,10334
0500000US20123,3124,3124
0500000US20125,15569,6722
0500000US20127,2996,2996
0500000US20129,1316,1316
0500000US20131,4490,4490
0500000US20133,7211,3099
0500000US20135,1548,1548
0500000US20137,2461,2461
0500000US20139,7233,7233
0500000US20141,2044,2044
0500000US20143,2681,2681
0500000US20145,3055,968
0500000US20147,2794,2794
0500000US20149,9866,6438
0500000US20151,4388,1258
0500000US20153,1364,1364
0500000US20155,28289,8397
0500000US20157,2676,2676
0500000US20159,4377,4377
0500000US20161,30477,3240
0500000US20163,2638,2638
0500000US20165,1663,1663
0500000US20167,3675,1545
0500000US20169,24076,3306
0500000US20171,2260,2260
0500000US20173,223640,14472
0500000US20175,8268,869
0500000US20177,80512,11693
0500000US20179,1152,1152
0500000US20181,2934,720
0500000US20183,2026,2026
0500000US20185,2088,2088
0500000US20187,931,931
0500000US20189,2240,2240
0500000US20191,10324,6301
0500000US20193,3573,1094
0500000US20195,1611,1611
0500000US20197,3110,3110
0500000US20199,740,740
0500000US20201,2726,2726
0500000US20203,999,999
0500000US20205,4485,4485
0500000US20207,1828,1828
0500000US20209,68475,3450
0500000US21001,8600,6564
0500000US21003,9208,7016
0500000US21005,10044,4347
0500000US21007,3684,3684
0500000US21009,19794,11773
0500000US21011,5445,5445
0500000US21013,11517,6694
0500000US21015,51468,5810
0500000US21017,9112,4011
0500000US21019,21742,5023
0500000US21021,12929,4184
0500000US21023,3839,3839
0500000US21025,6551,6551
0500000US21027,10704,10704
0500000US21029,32704,9640
0500000US21031,5416,5416
0500000US21033,6082,3097
0500000US21035,17874,9239
0500000US21037,41405,6224
0500000US21039,2293,2293
0500000US21041,4658,2260
0500000US21043,12206,9809
0500000US21045,7366,7366
0500000US21047,29206,8643
0500000US21049,16116,4508
0500000US21051,8581,8581
0500000US21053,4841,4841
0500000US21055,4331,4331
0500000US21057,3379,3379
0500000US21059,43863,10555
0500000US21061,6358,6358
0500000US21063,3022,3022
0500000US21065,6827,4806
0500000US21067,146142,4037
0500000US21069,6732,6732
0500000US21071,17333,13450
0500000US21073,24000,5771
0500000US21075,3177,1931
0500000US21077,3685,3685
0500000US21079,7254,7254
0500000US21081,10050,10050
0500000US21083,16472,10978
0500000US21085,13275,10294
0500000US21087,5270,5270
0500000US21089,16235,6903
0500000US21091,3894,3536
0500000US21093,46669,14902
0500000US21095,12962,9889
0500000US21097,8063,5111
0500000US21099,8816,7697
0500000US21101,20047,6645
0500000US21103,6600,6600
0500000US21105,2150,2150
0500000US21107,20888,10494
0500000US21109,5954,5954
0500000US21111,356887,4893
0500000US21113,20626,5182
0500000US21115,10493,7577
0500000US21117,72585,4502
0500000US21119,6639,6639
0500000US21121,13723,8347
0500000US21123,6474,6474
0500000US21125,26533,15807
0500000US21127,7524,5745
0500000US21129,3211,3211
0500000US21131,4872,4872
0500000US21133,10520,10520
0500000US21135,6023,6023
0500000US21137,10777,10770
0500000US21139,4589,4391
0500000US21141,12461,9209
0500000US21143,4780,4780
0500000US21145,32040,8114
0500000US21147,6892,6892
0500000US21149,4161,4161
0500000US21151,39319,13674
0500000US21153,5402,5402
0500000US21155,8350,5567
0500000US21157,16351,14237
0500000US21159,4792,4792
0500000US21161,8160,4072
0500000US21163,11943,10814
0500000US21165,3277,3277
0500000US21167,10338,5849
0500000US21169,4691,4691
0500000US21171,5237,5237
0500000US21173,12125,5914
0500000US21175,5610,5610
0500000US21177,13491,8671
0500000US21179,19716,11978
0500000US21181,3316,3316
0500000US21183,10159,7593
0500000US21185,23064,5701
0500000US21187,5323,5323
0500000US21189,2044,2044
0500000US21191,6263,6263
0500000US21193,13213,9549
0500000US21195,28693,24734
0500000US21197,5587,5587
0500000US21199,31552,16881
0500000US21201,1038,1038
0500000US21203,7321,7321
0500000US21205,10518,6867
0500000US21207,10088,10088
0500000US21209,22795,7209
0500000US21211,18801,9544
0500000US21213,8263,3261
0500000US21215,7430,7430
0500000US21217,11199,5652
0500000US21219,5117,5117
0500000US21221,7526,7526
0500000US21223,3841,3841
0500000US21225,5863,5863
0500000US21227,56881,15007
0500000US21229,5196,5196
0500000US21231,10105,7147
0500000US21233,5705,5705
0500000US21235,15469,9892
0500000US21237,3021,3021
0500000US21239,11487,4350
0500000US22001,24840,14404
0500000US22003,9484,7056
0500000US22005,49690,5617
0500000US22007,9935,6563
0500000US22009,18126,15068
0500000US22011,15771,11186
0500000US22013,6816,6816
0500000US22015,55237,14693
0500000US22017,112323,17505
0500000US22019,93232,21982
0500000US22021,4583,4583
0500000US22023,4175,4175
0500000US22025,4412,4412
0500000US22027,6775,6775
0500000US22029,8964,3537
0500000US22031,12355,9735
0500000US22033,204359,12442
0500000US22035,2791,2791
0500000US22037,8063,8063
0500000US22039,14416,10424
0500000US22041,8883,6688
0500000US22043,8971,8971
0500000US22045,30924,9645
0500000US22047,13198,7565
0500000US22049,7182,4828
0500000US22051,193878,4383
0500000US22053,13936,9855
0500000US22055,107922,8912
0500000US22057,40933,9492
0500000US22059,6151,6151
0500000US22061,20370,8556
0500000US22063,57480,22890
0500000US22065,4357,1250
0500000US22067,11863,6162
0500000US22069,18513,9736
0500000US22071,193840,846
0500000US22073,70028,16929
0500000US22075,9447,3583
0500000US22077,10923,6913
0500000US22079,57935,22397
0500000US22081,3567,3567
0500000US22083,8628,8628
0500000US22085,13370,13370
0500000US22087,17642,1227
0500000US22089,20445,3485
0500000US22091,5243,5243
0500000US22093,8554,4210
0500000US22095,17738,2243
0500000US22097,36723,21409
0500000US22099,23515,12527
0500000US22101,22407,4316
0500000US22103,110370,25582
0500000US22105,56685,25818
0500000US22107,2779,2779
0500000US22109,47321,10572
0500000US22111,10334,10334
0500000US22113,25741,13910
0500000US22115,21953,12977
0500000US22117,21341,15582
0500000US22119,18236,8997
0500000US22121,11496,2931
0500000US22123,4656,4656
0500000US22125,5036,5036
0500000US22127,6339,3998
0500000US23001,49837,22341
0500000US23003,38303,33427
0500000US23005,149452,59201
0500000US23007,20856,20856
0500000US23009,40133,40133
0500000US23011,62607,39067
0500000US23013,24255,15532
0500000US23015,23608,19811
0500000US23017,36130,30868
0500000US23019,74878,43795
0500000US23021,14577,14577
0500000US23023,18938,11817
0500000US23025,29785,25997
0500000US23027,21921,19437
0500000US23029,21594,21594
0500000US23031,112198,51465
0500000US24001,32911,11068
0500000US24003,233130,17456
0500000US24005,350163,23323
0500000US24009,35663,20975
0500000US24011,13434,11493
0500000US24013,65793,27379
0500000US24015,43941,21151
0500000US24017,62123,18234
0500000US24019,16383,8958
0500000US24021,103493,27561
0500000US24023,18407,16184
0500000US24025,103284,20948
0500000US24027,123202,12945
0500000US24029,10286,7686
0500000US24031,404423,9934
0500000US24033,359957,8571
0500000US24035,21274,12279
0500000US24037,45560,25101
0500000US24039,10895,6148
0500000US24041,19538,11181
0500000US24043,63790,20553
0500000US24045,43682,12005
0500000US24047,56263,10586
0500000US24510,293249,0
0500000US25001,164885,3716
0500000US25003,69759,26655
0500000US25005,243464,23861
0500000US25007,17530,6103
0500000US25009,327185,16304
0500000US25011,34345,18458
0500000US25013,197033,19219
0500000US25015,66245,19855
0500000US25017,658283,20966
0500000US25019,12169,3649
0500000US25021,291489,5115
0500000US25023,214770,25271
0500000US25025,349616,13
0500000US25027,351764,71451
0500000US26001,10263,9217
0500000US26003,6169,6169
0500000US26005,51789,33058
0500000US26007,15645,7583
0500000US26009,17538,17538
0500000US26011,9504,7303
0500000US26013,5052,5052
0500000US26015,27351,23793
0500000US26017,48562,13113
0500000US26019,12099,9472
0500000US26021,76821,21677
0500000US26023,20749,15090
0500000US26025,59518,18482
0500000US26027,25291,19055
0500000US26029,17451,11599
0500000US26031,17631,14264
0500000US26033,20268,13275
0500000US26035,21818,19413
0500000US26037,32821,15847
0500000US26039,10174,10140
0500000US26041,19786,9342
0500000US26043,13917,5483
0500000US26045,47497,16578
0500000US26047,21771,12806
0500000US26049,183087,29190
0500000US26051,16862,16862
0500000US26053,10393,7312
0500000US26055,45776,18346
0500000US26057,16032,10577
0500000US26059,21396,16790
0500000US26061,18632,9750
0500000US26063,20319,20319
0500000US26065,125251,16193
0500000US26067,24638,16462
0500000US26069,19856,10640
0500000US26071,8878,8878
0500000US26073,28489,14696
0500000US26075,69025,32889
0500000US26077,114021,22964
0500000US26079,11570,11570
0500000US26081,265002,39171
0500000US26083,2270,2270
0500000US26085,13315,13315
0500000US26087,36725,31322
0500000US26089,15421,13915
0500000US26091,43577,25937
0500000US26093,78441,29031
0500000US26095,4065,4065
0500000US26097,10519,8866
0500000US26099,369404,10134
0500000US26101,15472,10882
0500000US26103,33454,16505
0500000US26105,17392,10157
0500000US26107,20884,15762
0500000US26109,13212,8531
0500000US26111,36867,15223
0500000US26113,8615,8615
0500000US26115,65845,23835
0500000US26117,27894,23491
0500000US26119,8930,8930
0500000US26121,74591,18625
0500000US26123,24542,22116
0500000US26125,554403,26714
0500000US26127,15538,15538
0500000US26129,15246,15246
0500000US26131,5244,5244
0500000US26133,12534,12534
0500000US26135,7649,7649
0500000US26137,14861,10245
0500000US26139,114318,22643
0500000US26141,9804,9804
0500000US26143,23069,8412
0500000US26145,85953,26608
0500000US26147,72092,26591
0500000US26149,27081,17789
0500000US26151,21676,18506
0500000US26153,5955,5955
0500000US26155,30231,17533
0500000US26157,23933,21366
0500000US26159,36948,27602
0500000US26161,156882,25065
0500000US26163,790191,6176
0500000US26165,16418,10278
0500000US27001,13944,13944
0500000US27003,138017,20761
0500000US27005,19620,13664
0500000US27007,21271,14524
0500000US27009,17315,7135
0500000US27011,2982,2982
0500000US27013,29169,9705
0500000US27015,11780,5689
0500000US27017,15688,9984
0500000US27019,40380,9934
0500000US27021,23872,23872
0500000US27023,5627,3149
0500000US27025,22294,14106
0500000US27027,26844,6785
0500000US27029,4448,4448
0500000US27031,5936,5936
0500000US27033,5152,5152
0500000US27035,41568,32252
0500000US27037,173469,8026
0500000US27039,8291,5295
0500000US27041,21769,11874
0500000US27043,6916,6916
0500000US27045,9583,9583
0500000US27047,14114,5748
0500000US27049,20864,13452
0500000US27051,3155,3155
0500000US27053,555779,11361
0500000US27055,8731,6209
0500000US27057,14705,14705
0500000US27059,16550,9900
0500000US27061,25375,20549
0500000US27063,4891,4891
0500000US27065,7735,7735
0500000US27067,19950,8884
0500000US27069,2272,2272
0500000US27071,7402,3746
0500000US27073,3471,3471
0500000US27075,7311,7311
0500000US27077,3391,3391
0500000US27079,12811,11210
0500000US27081,3051,3051
0500000US27083,11180,5241
0500000US27085,15820,6786
0500000US27087,2550,2550
0500000US27089,4416,4416
0500000US27091,9748,5568
0500000US27093,10576,7713
0500000US27095,12786,10625
0500000US27097,16074,11730
0500000US27099,16928,6164
0500000US27101,4388,4388
0500000US27103,13371,3396
0500000US27105,8394,3684
0500000US27107,3230,3230
0500000US27109,69270,10868
0500000US27111,36506,30119
0500000US27113,6639,2104
0500000US27115,16886,16886
0500000US27117,4337,4337
0500000US27119,14623,7387
0500000US27121,6367,3903
0500000US27123,228546,38
0500000US27125,1876,1876
0500000US27127,7086,4839
0500000US27129,6913,6913
0500000US27131,25018,8964
0500000US27133,4222,2023
0500000US27135,7137,7137
0500000US27137,103681,45955
0500000US27139,54658,9557
0500000US27141,35909,17946
0500000US27143,6454,6454
0500000US27145,65684,25484
0500000US27147,15691,4585
0500000US27149,4213,1916
0500000US27151,4693,4693
0500000US27153,12770,12614
0500000US27155,1877,1877
0500000US27157,10158,8067
0500000US27159,6939,4981
0500000US27161,7895,4087
0500000US27163,104014,13884
0500000US27165,4874,4874
0500000US27167,2972,1332
0500000US27169,21716,8255
0500000US27171,54467,22970
0500000US27173,4513,4513
0500000US28001,14885,4916
0500000US28003,16159,10074
0500000US28005,7230,7230
0500000US28007,8277,5407
0500000US28009,4057,4057
0500000US28011,13628,7223
0500000US28013,6720,6720
0500000US28015,4914,4914
0500000US28017,7789,7789
0500000US28019,4353,4353
0500000US28021,3906,3906
0500000US28023,7575,7575
0500000US28025,8985,5178
0500000US28027,10162,3311
0500000US28029,12380,10229
0500000US28031,8290,8290
0500000US28033,72079,15309
0500000US28035,33490,11025
0500000US28037,4284,4284
0500000US28039,10280,10280
0500000US28041,5104,5104
0500000US28043,10405,5384
0500000US28045,22340,7703
0500000US28047,91554,15967
0500000US28049,106134,16965
0500000US28051,7485,7485
0500000US28053,3528,3528
0500000US28055,439,439
0500000US28057,10456,10456
0500000US28059,62190,17235
0500000US28061,8029,8029
0500000US28063,3346,3346
0500000US28065,5641,5641
0500000US28067,28488,18060
0500000US28069,3909,3909
0500000US28071,28208,10558
0500000US28073,27434,13960
0500000US28075,33462,16841
0500000US28077,5717,5717
0500000US28079,8979,8979
0500000US28081,37261,18891
0500000US28083,12632,3971
0500000US28085,15744,10929
0500000US28087,26882,14184
0500000US28089,46033,11837
0500000US28091,11080,8254
0500000US28093,14990,12847
0500000US28095,16714,13762
0500000US28097,5193,5193
0500000US28099,12013,8687
0500000US28101,9073,9073
0500000US28103,4705,4705
0500000US28105,25372,9184
0500000US28107,14586,11943
0500000US28109,24641,17245
0500000US28111,5426,5426
0500000US28113,19017,11621
0500000US28115,13928,13928
0500000US28117,10972,8346
0500000US28119,3030,3030
0500000US28121,63611,20861
0500000US28123,11313,11313
0500000US28125,1679,1679
0500000US28127,11559,11559
0500000US28129,6622,6622
0500000US28131,7499,7499
0500000US28133,9412,5602
0500000US28135,5450,5450
0500000US28137,11307,9032
0500000US28139,9877,9877
0500000US28141,10512,10512
0500000US28143,4575,4575
0500000US28145,12119,8985
0500000US28147,6834,6834
0500000US28149,21452,8770
0500000US28151,20879,7192
0500000US28153,9031,9031
0500000US28155,5066,5066
0500000US28157,4554,4554
0500000US28159,8174,8174
0500000US28161,6405,6405
0500000US28163,10432,5501
0500000US29001,11338,3846
0500000US29003,7551,4453
0500000US29005,2731,2731
0500000US29007,10542,5344
0500000US29009,16990,14455
0500000US29011,5290,5290
0500000US29013,7189,7189
0500000US29015,13551,13551
0500000US29017,5037,5037
0500000US29019,79836,17000
0500000US29021,38258,4855
0500000US29023,19287,9790
0500000US29025,4218,4218
0500000US29027,18538,11593
0500000US29029,39473,19537
0500000US29031,35696,10956
0500000US29033,4364,4364
0500000US29035,2675,2675
0500000US29037,43445,12726
0500000US29039,6930,6930
0500000US29041,3792,3792
0500000US29043,35134,14819
0500000US29045,3216,3216
0500000US29047,105619,7675
0500000US29049,8934,6844
0500000US29051,33211,9259
0500000US29053,7281,3917
0500000US29055,11378,10679
0500000US29057,3775,3775
0500000US29059,7588,7588
0500000US29061,4123,4123
0500000US29063,4264,3472
0500000US29065,6819,4460
0500000US29067,5346,5346
0500000US29069,13409,8577
0500000US29071,45275,24477
0500000US29073,7577,7577
0500000US29075,2921,2921
0500000US29077,136450,17102
0500000US29079,4844,1985
0500000US29081,4019,4019
0500000US29083,10693,6323
0500000US29085,5464,5464
0500000US29087,2418,2418
0500000US29089,4368,4368
0500000US29091,18048,12469
0500000US29093,4688,4688
0500000US29095,329579,11564
0500000US29097,52739,11552
0500000US29099,92385,31911
0500000US29101,22601,11780
0500000US29103,1934,1934
0500000US29105,15908,9179
0500000US29107,14065,9671
0500000US29109,16219,11406
0500000US29111,4312,4312
0500000US29113,23366,16958
0500000US29115,5999,3965
0500000US29117,6350,2440
0500000US29119,9760,9753
0500000US29121,7398,4759
0500000US29123,5832,3645
0500000US29125,4263,4263
0500000US29127,12847,4883
0500000US29129,1911,1911
0500000US29131,12476,9511
0500000US29133,5283,5283
0500000US29135,6180,6180
0500000US29137,4466,4466
0500000US29139,5758,5758
0500000US29141,15110,15110
0500000US29143,7870,6956
0500000US29145,24570,15388
0500000US29147,9449,4274
0500000US29149,4316,4316
0500000US29151,6492,6492
0500000US29153,5025,5025
0500000US29155,7484,4902
0500000US29157,8464,4933
0500000US29159,18563,6495
0500000US29161,20174,10619
0500000US29163,7603,7603
0500000US29165,45307,5885
0500000US29167,13387,8945
0500000US29169,19315,9779
0500000US29171,2835,2835
0500000US29173,5028,4895
0500000US29175,10773,4976
0500000US29177,9842,7042
0500000US29179,3461,3461
0500000US29181,5145,5145
0500000US29183,161144,9063
0500000US29185,5288,5288
0500000US29186,8301,6204
0500000US29187,28636,13087
0500000US29189,444653,5272
0500000US29195,9836,4575
0500000US29197,1887,1887
0500000US29199,2210,2210
0500000US29201,16746,7472
0500000US29203,3513,3513
0500000US29205,2950,2950
0500000US29207,13402,8727
0500000US29209,19935,15632
0500000US29211,3024,3024
0500000US29213,29391,10443
0500000US29215,11004,10925
0500000US29217,8921,4867
0500000US29219,15355,11337
0500000US29221,10719,10719
0500000US29223,6109,6109
0500000US29225,15220,12016
0500000US29227,1114,1114
0500000US29229,8347,6219
0500000US29510,173479,0
0500000US30001,4918,2697
0500000US30003,4522,4522
0500000US30005,2824,2824
0500000US30007,3172,3172
0500000US30009,6359,6359
0500000US30011,817,817
0500000US30013,38937,8161
0500000US30015,2843,2843
0500000US30017,5776,1258
0500000US30019,1043,1043
0500000US30021,4382,1165
0500000US30023,5493,1665
0500000US30025,1526,1526
0500000US30027,6013,2831
0500000US30029,49875,26286
0500000US30031,52835,19560
0500000US30033,795,795
0500000US30035,5342,5342
0500000US30037,474,474
0500000US30039,2601,2601
0500000US30041,7223,2521
0500000US30043,5375,5375
0500000US30045,1248,1248
0500000US30047,16390,13354
0500000US30049,33599,9562
0500000US30051,933,933
0500000US30053,10953,8759
0500000US30055,1025,1025
0500000US30057,6379,6379
0500000US30059,1352,1352
0500000US30061,2563,2563
0500000US30063,54542,13516
0500000US30065,2633,2633
0500000US30067,9554,4802
0500000US30069,333,333
0500000US30071,2229,2229
0500000US30073,2759,2759
0500000US30075,971,971
0500000US30077,2900,2900
0500000US30079,671,671
0500000US30081,21062,17572
0500000US30083,5566,2400
0500000US30085,4065,4065
0500000US30087,3780,3780
0500000US30089,6800,6800
0500000US30091,2128,2128
0500000US30093,17247,2106
0500000US30095,4659,4659
0500000US30097,1949,1949
0500000US30099,2935,2935
0500000US30101,2320,2320
0500000US30103,448,448
0500000US30105,4229,4229
0500000US30107,1114,1114
0500000US30109,518,518
0500000US30111,71804,10725
0500000US31001,13806,2631
0500000US31003,3112,3112
0500000US31005,226,226
0500000US31007,327,327
0500000US31009,299,299
0500000US31011,2554,2554
0500000US31013,5234,1278
0500000US31015,1226,1226
0500000US31017,1642,1642
0500000US31019,20947,6303
0500000US31021,3324,3324
0500000US31023,4028,4028
0500000US31025,11623,8715
0500000US31027,3900,3900
0500000US31029,1850,1850
0500000US31031,2979,2979
0500000US31033,4891,1737
0500000US31035,2817,2817
0500000US31037,3976,1945
0500000US31039,4123,4123
0500000US31041,5310,5310
0500000US31043,7765,1811
0500000US31045,4002,1789
0500000US31047,9792,6247
0500000US31049,1048,1048
0500000US31051,2520,2520
0500000US31053,16191,4193
0500000US31055,245050,5985
0500000US31057,1008,1008
0500000US31059,2718,2718
0500000US31061,1527,1527
0500000US31063,1395,1395
0500000US31065,2518,2518
0500000US31067,10327,4316
0500000US31069,1181,1181
0500000US31071,1053,1053
0500000US31073,1148,1148
0500000US31075,362,362
0500000US31077,1189,1189
0500000US31079,25159,3267
0500000US31081,4088,4088
0500000US31083,1915,1915
0500000US31085,442,442
0500000US31087,1571,1571
0500000US31089,4893,4893
0500000US31091,408,408
0500000US31093,2865,2865
0500000US31095,3665,1643
0500000US31097,2093,2093
0500000US31099,2966,2966
0500000US31101,5342,2943
0500000US31103,496,496
0500000US31105,1805,1805
0500000US31107,4502,4502
0500000US31109,135484,11596
0500000US31111,16526,5112
0500000US31113,367,367
0500000US31115,419,419
0500000US31117,232,232
0500000US31119,15094,3881
0500000US31121,3548,3548
0500000US31123,2272,2272
0500000US31125,1610,1610
0500000US31127,3312,3312
0500000US31129,2216,2216
0500000US31131,6941,3851
0500000US31133,1402,1402
0500000US31135,1345,1345
0500000US31137,4149,1559
0500000US31139,3118,3118
0500000US31141,14094,3818
0500000US31143,2524,2524
0500000US31145,5157,1487
0500000US31147,4083,1935
0500000US31149,795,795
0500000US31151,5714,3303
0500000US31153,73081,3711
0500000US31155,9987,7987
0500000US31157,16494,5152
0500000US31159,7061,4102
0500000US31161,2699,2699
0500000US31163,1789,1789
0500000US31165,705,705
0500000US31167,2460,1870
0500000US31169,2498,2498
0500000US31171,379,379
0500000US31173,2283,2283
0500000US31175,2104,2104
0500000US31177,8577,5046
0500000US31179,3950,1625
0500000US31181,1788,1788
0500000US31183,503,503
0500000US31185,6320,2585
0500000US32001,10772,3619
0500000US32003,917656,11675
0500000US32005,24309,8231
0500000US32007,21770,11176
0500000US32009,537,537
0500000US32011,962,962
0500000US32013,7658,2994
0500000US32015,2798,2798
0500000US32017,2203,2203
0500000US32019,24401,11653
0500000US32021,2586,2586
0500000US32023,25191,6749
0500000US32027,2278,2278
0500000US32029,1987,1791
0500000US32031,207209,8679
0500000US32033,4137,1853
0500000US32510,24564,871
0500000US33001,38252,18954
0500000US33003,39670,35893
0500000US33005,35612,24761
0500000US33007,20444,15105
0500000US33009,50840,35929
0500000US33011,175571,40767
0500000US33013,65565,35218
0500000US33015,135338,35044
0500000US33017,55706,20276
0500000US33019,21797,17383
0500000US34001,132038,15192
0500000US34003,367383,420
0500000US34005,184775,17028
0500000US34007,212759,2693
0500000US34009,99606,8005
0500000US34011,57119,14164
0500000US34013,334896,36
0500000US34015,117208,12341
0500000US34017,312706,0
0500000US34019,51687,29486
0500000US34021,150442,7258
0500000US34023,315521,2746
0500000US34025,268912,11279
0500000US34027,197722,15713
0500000US34029,294429,9375
0500000US34031,185367,6011
0500000US34033,27763,14136
0500000US34035,131822,9450
0500000US34037,62709,29292
0500000US34039,209908,0
0500000US34041,46457,19689
0500000US35001,299451,11230
0500000US35003,3231,3231
0500000US35005,26658,6096
0500000US35006,11099,6555
0500000US35007,9503,6299
0500000US35009,21102,3689
0500000US35011,1125,1125
0500000US35013,89804,18950
0500000US35015,26277,5538
0500000US35017,14584,6097
0500000US35019,2187,2187
0500000US35021,600,600
0500000US35023,2190,2190
0500000US35025,27950,6897
0500000US35027,17624,6373
0500000US35028,8634,417
0500000US35029,11508,5016
0500000US35031,25057,15899
0500000US35033,2866,2866
0500000US35035,32210,17010
0500000US35037,5471,2599
0500000US35039,19545,12020
0500000US35041,8483,3099
0500000US35043,58603,11360
0500000US35045,47744,16600
0500000US35047,14768,7431
0500000US35049,76877,26689
0500000US35051,8056,2453
0500000US35053,7573,3679
0500000US35055,20904,12297
0500000US35057,7169,7169
0500000US35059,2077,2077
0500000US35061,29929,8681
0500000US36001,146131,13827
0500000US36003,23454,20787
0500000US36005,547030,1
0500000US36007,92569,23105
0500000US36009,40152,26141
0500000US36011,36660,21322
0500000US36013,66247,27144
0500000US36015,38985,9505
0500000US36017,24210,20284
0500000US36019,37315,23668
0500000US36021,33226,27340
0500000US36023,20814,9917
0500000US36025,29953,27693
0500000US36027,122009,40667
0500000US36029,438747,42652
0500000US36031,25123,21316
0500000US36033,25318,18124
0500000US36035,28087,14762
0500000US36037,26013,15482
0500000US36039,28926,23272
0500000US36041,7826,7826
0500000US36043,32335,18223
0500000US36045,61604,33880
0500000US36047,1077654,0
0500000US36049,15464,15464
0500000US36051,27113,19279
0500000US36053,30551,20551
0500000US36055,336262,25346
0500000US36057,22857,9343
0500000US36059,476732,2296
0500000US36061,913926,0
0500000US36063,100156,27470
0500000US36065,104919,35872
0500000US36067,211343,30744
0500000US36069,52585,23095
0500000US36071,146879,39805
0500000US36073,18209,12533
0500000US36075,54470,35025
0500000US36077,29838,23550
0500000US36079,38308,13655
0500000US36081,896333,25
0500000US36083,74197,23873
0500000US36085,183692,0
0500000US36087,108068,548
0500000US36089,51612,37587
0500000US36091,109919,30861
0500000US36093,70794,6065
0500000US36095,16449,14090
0500000US36097,9621,9621
0500000US36099,16096,8925
0500000US36101,47327,27251
0500000US36103,578940,17470
0500000US36105,49125,39246
0500000US36107,21787,14217
0500000US36109,46884,21853
0500000US36111,85853,50283
0500000US36113,39928,16363
0500000US36115,28998,22034
0500000US36117,42257,31338
0500000US36119,388963,17148
0500000US36121,18186,15801
0500000US36123,13037,8282
0500000US37001,73385,19511
0500000US37003,15960,14184
0500000US37005,7666,7666
0500000US37007,9834,7474
0500000US37009,16935,16935
0500000US37011,13827,13827
0500000US37013,24090,15822
0500000US37015,8936,8936
0500000US37017,15131,15131
0500000US37019,88330,24439
0500000US37021,129141,27809
0500000US37023,39525,18345
0500000US37025,87410,15304
0500000US37027,36931,16338
0500000US37029,4119,3859
0500000US37031,50846,11552
0500000US37033,10444,10429
0500000US37035,70744,24759
0500000US37037,33947,21533
0500000US37039,17863,17863
0500000US37041,7131,4770
0500000US37043,7295,7295
0500000US37045,43630,26490
0500000US37047,23433,20820
0500000US37049,46800,16454
0500000US37051,142175,18942
0500000US37053,15989,12038
0500000US37055,34237,8125
0500000US37057,74536,36141
0500000US37059,18753,13060
0500000US37061,23704,23704
0500000US37063,144559,6191
0500000US37065,23059,10086
0500000US37067,170176,12682
0500000US37069,29358,22648
0500000US37071,98136,18638
0500000US37073,4767,4767
0500000US37075,5212,5212
0500000US37077,24214,16754
0500000US37079,7846,7846
0500000US37081,232277,30932
0500000US37083,24735,14585
0500000US37085,52876,34159
0500000US37087,34889,16566
0500000US37089,56434,19392
0500000US37091,9803,7495
0500000US37093,20083,8643
0500000US37095,3146,3146
0500000US37097,79372,25546
0500000US37099,26649,20860
0500000US37101,84340,44848
0500000US37103,4635,4635
0500000US37105,26583,11304
0500000US37107,26577,15587
0500000US37109,37170,26969
0500000US37111,21242,15508
0500000US37113,26948,21937
0500000US37115,11045,11045
0500000US37117,11080,8265
0500000US37119,478966,3610
0500000US37121,8638,8638
0500000US37123,14773,14773
0500000US37125,48237,23174
0500000US37127,43154,20432
0500000US37129,113368,2205
0500000US37131,10570,9549
0500000US37133,84180,31500
0500000US37135,61211,18184
0500000US37137,7118,7118
0500000US37139,17410,7277
0500000US37141,29927,16372
0500000US37143,6866,6866
0500000US37145,18284,13694
0500000US37147,80515,19522
0500000US37149,10775,9735
0500000US37151,62024,37207
0500000US37153,19605,8507
0500000US37155,48426,36312
0500000US37157,43431,25365
0500000US37159,63200,26743
0500000US37161,32444,22507
0500000US37163,25481,21354
0500000US37165,14348,6963
0500000US37167,27685,19845
0500000US37169,21160,17143
0500000US37171,33436,24892
0500000US37173,8341,8341
0500000US37175,19025,12445
0500000US37177,1999,1999
0500000US37179,83788,25054
0500000US37181,19276,10396
0500000US37183,462582,22049
0500000US37185,11309,11309
0500000US37187,6039,6039
0500000US37189,32637,19769
0500000US37191,52551,27053
0500000US37193,31545,22385
0500000US37195,36252,13245
0500000US37197,16946,16946
0500000US37199,11230,11230
0500000US38001,1364,1364
0500000US38003,5671,2285
0500000US38005,2542,2542
0500000US38007,567,567
0500000US38009,3931,3931
0500000US38011,1633,1633
0500000US38013,1378,1378
0500000US38015,42692,8352
0500000US38017,85397,6658
0500000US38019,2097,2097
0500000US38021,2383,2383
0500000US38023,1397,1397
0500000US38025,2105,2105
0500000US38027,1240,1240
0500000US38029,2047,2047
0500000US38031,1773,1773
0500000US38033,899,899
0500000US38035,33428,5731
0500000US38037,1649,1649
0500000US38039,1378,1378
0500000US38041,1399,1399
0500000US38043,1631,1631
0500000US38045,2064,2064
0500000US38047,1078,1078
0500000US38049,2818,2818
0500000US38051,1704,1704
0500000US38053,7661,3865
0500000US38055,5728,5728
0500000US38057,4657,4657
0500000US38059,15107,4258
0500000US38061,5018,5018
0500000US38063,1791,1791
0500000US38065,912,912
0500000US38067,3499,3499
0500000US38069,2040,2040
0500000US38071,5843,2056
0500000US38073,2536,2536
0500000US38075,1282,1282
0500000US38077,7501,3948
0500000US38079,4581,4581
0500000US38081,1999,1999
0500000US38083,808,808
0500000US38085,1277,1277
0500000US38087,409,409
0500000US38089,15381,3484
0500000US38091,1091,1091
0500000US38093,10374,2910
0500000US38095,1290,1290
0500000US38097,3649,3649
0500000US38099,5202,5202
0500000US38101,32176,7668
0500000US38103,2338,2338
0500000US38105,20227,5586
0500000US39001,12692,12692
0500000US39003,44563,12614
0500000US39005,22471,13517
0500000US39007,46237,22832
0500000US39009,26386,13827
0500000US39011,19873,7466
0500000US39013,31618,18184
0500000US39015,19324,18341
0500000US39017,153741,14681
0500000US39019,13395,13395
0500000US39021,16862,11251
0500000US39023,60987,14650
0500000US39025,86363,22510
0500000US39027,17906,12281
0500000US39029,46091,24250
0500000US39031,16324,10312
0500000US39033,19865,6298
0500000US39035,615825,2977
0500000US39037,22599,15139
0500000US39039,16539,8552
0500000US39041,81854,16101
0500000US39043,38262,10043
0500000US39045,62466,21129
0500000US39047,12663,5743
0500000US39049,580903,6863
0500000US39051,17689,14485
0500000US39053,13430,10461
0500000US39055,37419,29009
0500000US39057,71336,14095
0500000US39059,19009,11642
0500000US39061,379015,7966
0500000US39063,33655,9455
0500000US39065,12883,7064
0500000US39067,7379,7379
0500000US39069,12036,7932
0500000US39071,18981,13496
0500000US39073,12987,9303
0500000US39075,14588,14588
0500000US39077,25499,12612
0500000US39079,14399,8833
0500000US39081,31125,12036
0500000US39083,25797,17337
0500000US39085,105315,6967
0500000US39087,26501,11537
0500000US39089,72709,23495
0500000US39091,23657,10958
0500000US39093,134341,16793
0500000US39095,200147,8726
0500000US39097,16216,9773
0500000US39099,107989,15733
0500000US39101,27348,9484
0500000US39103,75169,25009
0500000US39105,10649,9188
0500000US39107,17888,12340
0500000US39109,46766,13751
0500000US39111,7133,7014
0500000US39113,251523,12652
0500000US39115,7232,7232
0500000US39117,14472,14471
0500000US39119,38358,18344
0500000US39121,5751,5751
0500000US39123,28596,13301
0500000US39125,8490,8490
0500000US39127,14962,11739
0500000US39129,22372,12339
0500000US39131,11979,9296
0500000US39133,70672,26080
0500000US39135,18093,13399
0500000US39137,13824,11462
0500000US39139,54522,17042
0500000US39141,32066,19202
0500000US39143,26479,11081
0500000US39145,33108,17647
0500000US39147,23934,10487
0500000US39149,20059,10779
0500000US39151,166799,23027
0500000US39153,246473,8194
0500000US39155,94394,23565
0500000US39157,40817,19631
0500000US39159,23141,10832
0500000US39161,12540,6024
0500000US39163,5923,5578
0500000US39165,93276,16153
0500000US39167,27987,15837
0500000US39169,46555,23625
0500000US39171,16561,12155
0500000US39173,56863,16759
0500000US39175,9839,6700
0500000US40001,8059,8059
0500000US40003,2479,2479
0500000US40005,5981,5981
0500000US40007,2460,2460
0500000US40009,10123,4383
0500000US40011,4590,4590
0500000US40013,20366,12107
0500000US40015,11544,9292
0500000US40017,60434,10891
0500000US40019,21561,11541
0500000US40021,22033,13747
0500000US40023,7066,4558
0500000US40025,1359,1359
0500000US40027,121539,17000
0500000US40029,2569,2569
0500000US40031,52603,12561
0500000US40033,2689,2689
0500000US40035,6369,3889
0500000US40037,31053,19471
0500000US40039,12932,3842
0500000US40041,24086,19662
0500000US40043,2176,2176
0500000US40045,2128,2128
0500000US40047,27846,5364
0500000US40049,12054,9248
0500000US40051,23024,16007
0500000US40053,2160,2160
0500000US40055,2615,2615
0500000US40057,1345,1345
0500000US40059,1714,1714
0500000US40061,5646,5646
0500000US40063,5766,3737
0500000US40065,12017,2823
0500000US40067,2728,2728
0500000US40069,4682,4682
0500000US40071,20968,6136
0500000US40073,6394,6394
0500000US40075,4681,4681
0500000US40077,4669,4669
0500000US40079,21032,16920
0500000US40081,14456,14456
0500000US40083,19307,11773
0500000US40085,4703,4703
0500000US40087,16421,14104
0500000US40089,13888,11380
0500000US40091,11755,11755
0500000US40093,3713,3713
0500000US40095,8709,8709
0500000US40097,18263,14020
0500000US40099,6508,4334
0500000US40101,29278,12395
0500000US40103,5057,2799
0500000US40105,4351,4034
0500000US40107,4778,4778
0500000US40109,352544,23615
0500000US40111,16624,8575
0500000US40113,19602,14403
0500000US40115,13714,6813
0500000US40117,7276,7276
0500000US40119,36708,11304
0500000US40121,22046,13114
0500000US40123,17406,8752
0500000US40125,29973,14994
0500000US40127,5672,5672
0500000US40129,1852,1852
0500000US40131,37798,20445
0500000US40133,10712,7842
0500000US40135,18030,14599
0500000US40137,20322,10204
0500000US40139,8443,3814
0500000US40141,3778,3778
0500000US40143,292375,13281
0500000US40145,32529,12379
0500000US40147,23713,5513
0500000US40149,5121,5121
0500000US40151,4456,1819
0500000US40153,9386,3649
0500000US41001,8609,4100
0500000US41003,40150,7613
0500000US41005,170094,29698
0500000US41007,23017,8802
0500000US41009,21697,8911
0500000US41011,31378,12156
0500000US41013,11159,5861
0500000US41015,13018,7022
0500000US41017,94110,32943
0500000US41019,49774,20481
0500000US41021,1095,1095
0500000US41023,4112,4112
0500000US41025,3694,1636
0500000US41027,10126,4969
0500000US41029,96239,20203
0500000US41031,10250,7119
0500000US41033,38748,17156
0500000US41035,32730,13613
0500000US41037,4195,4195
0500000US41039,166226,30377
0500000US41041,32066,9828
0500000US41043,51921,17306
0500000US41045,11615,6426
0500000US41047,128541,19631
0500000US41049,4717,4717
0500000US41051,363996,4202
0500000US41053,33828,6819
0500000US41055,918,918
0500000US41057,18919,10603
0500000US41059,31098,11053
0500000US41061,11649,4998
0500000US41063,4326,4326
0500000US41065,11996,4780
0500000US41067,236678,12396
0500000US41069,935,935
0500000US41071,40123,10998
0500000US42001,43007,26976
0500000US42003,602095,12523
0500000US42005,32106,20402
0500000US42007,78944,21470
0500000US42009,23489,21027
0500000US42011,170742,44791
0500000US42013,55700,13533
0500000US42015,29363,21487
0500000US42017,255632,27262
0500000US42019,85019,36339
0500000US42021,64395,27217
0500000US42023,3932,3932
0500000US42025,34152,21306
0500000US42027,65408,23240
0500000US42029,208240,37410
0500000US42031,18829,16083
0500000US42033,38078,23017
0500000US42035,18603,9617
0500000US42037,29654,13457
0500000US42039,42063,27358
0500000US42041,109125,21716
0500000US42043,126514,18194
0500000US42045,229208,1419
0500000US42047,16836,10152
0500000US42049,119791,26496
0500000US42051,61800,33017
0500000US42053,6949,6949
0500000US42055,66368,28482
0500000US42057,7100,7100
0500000US42059,16138,13021
0500000US42061,20807,17270
0500000US42063,37626,21754
0500000US42065,22005,15968
0500000US42067,10431,10431
0500000US42069,99815,17437
0500000US42071,216502,52321
0500000US42073,39492,15810
0500000US42075,59084,14317
0500000US42077,149830,14415
0500000US42079,150693,33133
0500000US42081,52625,20947
0500000US42083,19416,14442
0500000US42085,50828,23549
0500000US42087,21313,11000
0500000US42089,79114,46816
0500000US42091,346877,10980
0500000US42093,8083,4051
0500000US42095,127584,21503
0500000US42097,43300,13737
0500000US42099,19842,18459
0500000US42101,726797,0
0500000US42103,39676,33721
0500000US42105,12345,12345
0500000US42107,67128,29257
0500000US42109,15978,11312
0500000US42111,37713,29725
0500000US42113,5574,5574
0500000US42115,21259,21259
0500000US42117,21503,21503
0500000US42119,16082,9935
0500000US42121,26156,14877
0500000US42123,21587,14251
0500000US42125,96791,31275
0500000US42127,31910,27835
0500000US42129,167776,44508
0500000US42131,12819,12421
0500000US42133,187187,52649
0500000US44001,21504,256
0500000US44003,76084,4530
0500000US44005,43422,4611
0500000US44007,276770,13477
0500000US44009,65694,21139
0500000US45001,11540,9029
0500000US45003,76923,28282
0500000US45005,4040,4040
0500000US45007,89123,36559
0500000US45009,6558,6558
0500000US45011,9854,9854
0500000US45013,98068,19604
0500000US45015,93623,21574
0500000US45017,7024,7024
0500000US45019,201884,17797
0500000US45021,24713,15995
0500000US45023,14601,10508
0500000US45025,20408,16828
0500000US45027,15816,13684
0500000US45029,19824,15578
0500000US45031,29379,16516
0500000US45033,12779,8824
0500000US45035,64608,9917
0500000US45037,11022,9681
0500000US45039,10838,8420
0500000US45041,60594,23154
0500000US45043,35916,13120
0500000US45045,226215,25951
0500000US45047,31323,12484
0500000US45049,8584,8584
0500000US45051,203702,37902
0500000US45053,12862,11059
0500000US45055,28874,15488
0500000US45057,41030,15256
0500000US45059,31276,20459
0500000US45061,7549,7549
0500000US45063,127887,32166
0500000US45065,5380,5380
0500000US45067,14253,8414
0500000US45069,12029,7305
0500000US45071,18213,12804
0500000US45073,40788,26503
0500000US45075,41197,27406
0500000US45077,56385,22219
0500000US45079,182408,15134
0500000US45081,9267,9142
0500000US45083,137009,40064
0500000US45085,46753,15958
0500000US45087,13451,8631
0500000US45089,14737,12147
0500000US45091,114656,25544
0500000US46003,1260,1260
0500000US46005,8396,2181
0500000US46007,1177,1177
0500000US46009,2810,2810
0500000US46011,14849,4717
0500000US46013,17885,4639
0500000US46015,2344,2344
0500000US46017,570,570
0500000US46019,4673,2298
0500000US46021,900,900
0500000US46023,3625,3625
0500000US46025,1603,1603
0500000US46027,6180,1554
0500000US46029,13211,3406
0500000US46031,1362,1362
0500000US46033,4837,4837
0500000US46035,9484,1786
0500000US46037,3395,3395
0500000US46039,2132,2132
0500000US46041,1923,1923
0500000US46043,1341,1341
0500000US46045,1940,1940
0500000US46047,4081,4081
0500000US46049,1022,1022
0500000US46051,3426,3426
0500000US46053,2186,2186
0500000US46055,931,931
0500000US46057,2759,2759
0500000US46059,1705,1705
0500000US46061,1279,1279
0500000US46063,720,720
0500000US46065,7922,1914
0500000US46067,3212,3212
0500000US46069,626,626
0500000US46071,1064,1064
0500000US46073,952,952
0500000US46075,504,504
0500000US46077,2615,2615
0500000US46079,5658,2727
0500000US46081,14163,5153
0500000US46083,26227,6503
0500000US46085,1546,1546
0500000US46087,2448,2448
0500000US46089,1258,1258
0500000US46091,2394,2394
0500000US46093,12357,4279
0500000US46095,775,775
0500000US46097,1189,1189
0500000US46099,83717,10901
0500000US46101,2728,2728
0500000US46102,3454,3454
0500000US46103,49153,9495
0500000US46105,1710,1710
0500000US46107,1569,1569
0500000US46109,4788,4788
0500000US46111,1134,1134
0500000US46115,2983,2983
0500000US46117,1427,431
0500000US46119,892,892
0500000US46121,2875,2875
0500000US46123,2762,2762
0500000US46125,3871,3871
0500000US46127,7215,4168
0500000US46129,2927,2927
0500000US46135,10372,3300
0500000US46137,882,882
0500000US47001,35143,12660
0500000US47003,19685,11091
0500000US47005,8485,8485
0500000US47007,5870,5870
0500000US47009,59776,23147
0500000US47011,44781,14197
0500000US47013,19941,10554
0500000US47015,6355,6355
0500000US47017,13084,10919
0500000US47019,27779,11672
0500000US47021,16785,16785
0500000US47023,7212,5092
0500000US47025,15321,11056
0500000US47027,3941,3941
0500000US47029,17808,12294
0500000US47031,24946,11277
0500000US47033,6071,6071
0500000US47035,30479,15493
0500000US47037,328309,9682
0500000US47039,6557,6557
0500000US47041,9867,7805
0500000US47043,22551,15312
0500000US47045,16218,8544
0500000US47047,17554,13266
0500000US47049,9201,9201
0500000US47051,19395,12981
0500000US47053,22313,15232
0500000US47055,13915,10136
0500000US47057,11644,9806
0500000US47059,32154,21955
0500000US47061,6196,6196
0500000US47063,27376,6280
0500000US47065,162268,18592
0500000US47067,3669,3669
0500000US47069,10655,8218
0500000US47071,15063,10939
0500000US47073,27053,16947
0500000US47075,8240,3768
0500000US47077,12867,9781
0500000US47079,16937,11893
0500000US47081,10457,10457
0500000US47083,3936,3936
0500000US47085,8849,8849
0500000US47087,5819,5819
0500000US47089,24828,19164
0500000US47091,8723,8723
0500000US47093,210972,18497
0500000US47095,2500,2500
0500000US47097,10653,7499
0500000US47099,18658,13391
0500000US47101,5690,5690
0500000US47103,15958,11141
0500000US47105,24559,8456
0500000US47107,23934,14522
0500000US47109,12268,12268
0500000US47111,10649,7891
0500000US47113,43656,11535
0500000US47115,13578,12379
0500000US47117,14302,9095
0500000US47119,43143,15145
0500000US47121,6042,6042
0500000US47123,21286,15793
0500000US47125,85714,14722
0500000US47127,2960,2957
0500000US47129,8502,8502
0500000US47131,14314,8458
0500000US47133,10329,10329
0500000US47135,4797,4797
0500000US47137,3342,3342
0500000US47139,8561,8561
0500000US47141,35295,13114
0500000US47143,15163,10904
0500000US47145,25374,13056
0500000US47147,28459,14974
0500000US47149,131216,19593
0500000US47151,9802,9802
0500000US47153,6925,6925
0500000US47155,56240,32474
0500000US47157,400189,12091
0500000US47159,8513,8513
0500000US47161,6669,6669
0500000US47163,75476,19456
0500000US47165,78995,19444
0500000US47167,23945,15794
0500000US47169,3749,3749
0500000US47171,8702,4611
0500000US47173,9569,9569
0500000US47175,2901,2901
0500000US47177,18088,10833
0500000US47179,60546,15148
0500000US47181,7178,7178
0500000US47183,14945,10270
0500000US47185,11938,9397
0500000US47187,91133,17419
0500000US47189,58152,20060
0500000US48001,20131,12342
0500000US48003,7020,1223
0500000US48005,36480,18752
0500000US48007,15500,3516
0500000US48009,3865,3428
0500000US48011,842,842
0500000US48013,18777,13109
0500000US48015,13779,11061
0500000US48017,2746,802
0500000US48019,11400,11400
0500000US48021,36683,26033
0500000US48023,2094,2094
0500000US48025,10562,4452
0500000US48027,147599,19759
0500000US48029,794173,32303
0500000US48031,6056,6056
0500000US48033,359,359
0500000US48035,9284,9284
0500000US48037,39536,14264
0500000US48039,141493,31666
0500000US48041,96710,10206
0500000US48043,5930,2638
0500000US48045,874,874
0500000US48047,3095,1068
0500000US48049,18897,9129
0500000US48051,9351,9351
0500000US48053,23436,15665
0500000US48055,16379,8449
0500000US48057,10539,5533
0500000US48059,6487,6487
0500000US48061,154905,23750
0500000US48063,5774,5774
0500000US48065,2776,2776
0500000US48067,13870,11211
0500000US48069,3016,3016
0500000US48071,16933,9730
0500000US48073,20838,15292
0500000US48075,2824,526
0500000US48077,5129,5129
0500000US48079,1242,1242
0500000US48081,2130,2130
0500000US48083,4875,2746
0500000US48085,403481,22988
0500000US48087,1481,1481
0500000US48089,9992,9992
0500000US48091,69939,31657
0500000US48093,6912,6912
0500000US48095,1407,1407
0500000US48097,17716,10982
0500000US48099,28717,6575
0500000US48101,891,891
0500000US48103,1823,1823
0500000US48105,1592,1592
0500000US48107,2652,2652
0500000US48109,1070,1070
0500000US48111,3039,780
0500000US48113,1038656,5194
0500000US48115,4859,907
0500000US48117,6974,1247
0500000US48119,2420,2420
0500000US48121,348275,23639
0500000US48123,9182,5288
0500000US48125,1165,1165
0500000US48127,3980,1510
0500000US48129,1942,1942
0500000US48131,4396,4396
0500000US48133,9341,9341
0500000US48135,66086,5549
0500000US48137,963,963
0500000US48139,68531,20553
0500000US48141,317894,10502
0500000US48143,18325,9878
0500000US48145,7420,4990
0500000US48147,14640,11299
0500000US48149,13122,10826
0500000US48151,2109,2109
0500000US48153,2603,2603
0500000US48155,571,571
0500000US48157,277910,14192
0500000US48159,5089,5089
0500000US48161,9030,9030
0500000US48163,6340,3324
0500000US48165,7642,4835
0500000US48167,156191,8327
0500000US48169,2126,2126
0500000US48171,14128,7903
0500000US48173,525,525
0500000US48175,3503,3503
0500000US48177,8919,6017
0500000US48179,9996,1583
0500000US48181,58572,28190
0500000US48183,53212,7033
0500000US48185,12029,9008
0500000US48187,64482,16569
0500000US48189,13396,4323
0500000US48191,1744,1744
0500000US48193,4331,4331
0500000US48195,2280,2280
0500000US48197,1804,1804
0500000US48199,24003,12338
0500000US48201,1842683,19268
0500000US48203,29223,16521
0500000US48205,1930,700
0500000US48207,3073,3073
0500000US48209,93534,28012
0500000US48211,1631,1631
0500000US48213,40643,26687
0500000US48215,294902,20807
0500000US48217,16178,12877
0500000US48219,9173,3782
0500000US48221,28321,10977
0500000US48223,15671,9124
0500000US48225,10758,7932
0500000US48227,14000,2567
0500000US48229,1107,1107
0500000US48231,40570,24955
0500000US48233,10166,3878
0500000US48235,785,785
0500000US48237,3785,3785
0500000US48239,6996,4377
0500000US48241,16172,12661
0500000US48243,1510,1510
0500000US48245,108330,8810
0500000US48247,2242,2242
0500000US48249,16156,8190
0500000US48251,65625,29203
0500000US48253,7037,7037
0500000US48255,5796,5796
0500000US48257,51228,21982
0500000US48259,18330,10640
0500000US48261,196,196
0500000US48263,522,522
0500000US48265,25200,10244
0500000US48267,2767,2767
0500000US48269,171,171
0500000US48271,1521,1521
0500000US48273,13948,2657
0500000US48275,1801,1801
0500000US48277,22644,10301
0500000US48279,5882,3309
0500000US48281,9704,6473
0500000US48283,2582,2582
0500000US48285,10456,8857
0500000US48287,7860,7860
0500000US48289,8895,8895
0500000US48291,33182,24613
0500000US48293,10368,7673
0500000US48295,1558,1558
0500000US48297,5927,5927
0500000US48299,15242,7889
0500000US48301,34,34
0500000US48303,132209,12782
0500000US48305,2527,2527
0500000US48307,4220,1692
0500000US48309,105817,24700
0500000US48311,405,405
0500000US48313,5054,5054
0500000US48315,5540,5540
0500000US48317,2114,2114
0500000US48319,2467,2467
0500000US48321,18476,9793
0500000US48323,20072,1367
0500000US48325,19594,16538
0500000US48327,1329,1329
0500000US48329,70309,8630
0500000US48331,11541,6783
0500000US48333,2529,2529
0500000US48335,3684,1877
0500000US48337,10248,7758
0500000US48339,238489,51791
0500000US48341,8188,2556
0500000US48343,5789,5789
0500000US48345,703,703
0500000US48347,28877,13916
0500000US48349,21385,12039
0500000US48351,6376,6376
0500000US48353,7123,2088
0500000US48355,151255,8059
0500000US48357,4332,752
0500000US48359,732,732
0500000US48361,37313,12729
0500000US48363,15079,9149
0500000US48365,10733,7892
0500000US48367,57427,36224
0500000US48369,3737,3737
0500000US48371,5795,2137
0500000US48373,24622,22245
0500000US48375,48692,5143
0500000US48377,3194,3194
0500000US48379,5816,5816
0500000US48381,60599,9534
0500000US48383,1474,1474
0500000US48385,1656,1656
0500000US48387,6134,6134
0500000US48389,5068,836
0500000US48391,3252,3252
0500000US48393,430,430
0500000US48395,8422,8422
0500000US48397,38219,4760
0500000US48399,4986,4986
0500000US48401,21107,14935
0500000US48403,7563,7563
0500000US48405,4733,4733
0500000US48407,13778,13778
0500000US48409,29424,7959
0500000US48411,2832,2832
0500000US48413,1285,1285
0500000US48415,6889,2106
0500000US48417,1570,1570
0500000US48419,11420,9149
0500000US48421,1150,1150
0500000US48423,97539,33361
0500000US48425,3928,3928
0500000US48427,22980,6776
0500000US48429,4654,2015
0500000US48431,579,579
0500000US48433,840,840
0500000US48435,1878,1878
0500000US48437,3034,3034
0500000US48439,808364,9656
0500000US48441,60817,10303
0500000US48443,650,650
0500000US48445,4789,1265
0500000US48447,964,964
0500000US48449,12013,6377
0500000US48451,51406,7996
0500000US48453,562488,23684
0500000US48455,8173,8173
0500000US48457,9406,9406
0500000US48459,17347,14051
0500000US48461,1523,1523
0500000US48463,10034,3852
0500000US48465,18455,2666
0500000US48467,25537,25537
0500000US48469,38958,10386
0500000US48471,28632,12989
0500000US48473,19522,14900
0500000US48475,5139,1120
0500000US48477,16838,9498
0500000US48479,84763,4789
0500000US48481,17296,8218
0500000US48483,2598,2598
0500000US48485,55519,5616
0500000US48487,5836,1320
0500000US48489,6770,2779
0500000US48491,237680,20842
0500000US48493,18983,16534
0500000US48495,3218,575
0500000US48497,26813,24196
0500000US48499,22129,19634
0500000US48501,3009,3009
0500000US48503,8539,4714
0500000US48505,6159,1517
0500000US48507,3920,1250
0500000US49001,2863,2863
0500000US49003,19517,6121
0500000US49005,43774,6246
0500000US49007,9579,3611
0500000US49009,1138,1138
0500000US49011,115217,841
0500000US49013,8725,6411
0500000US49015,4069,4069
0500000US49017,3501,3501
0500000US49019,5192,1025
0500000US49021,21752,7415
0500000US49023,3816,1699
0500000US49025,6004,6004
0500000US49027,4907,4907
0500000US49029,3703,3703
0500000US49031,848,848
0500000US49033,3100,3100
0500000US49035,428279,3843
0500000US49037,5489,5489
0500000US49039,10237,8557
0500000US49041,8517,5497
0500000US49043,25674,10636
0500000US49045,23002,4452
0500000US49047,13657,5862
0500000US49049,192570,8003
0500000US49051,14462,5732
0500000US49053,74530,11017
0500000US49055,1678,1678
0500000US49057,95614,6948
0500000US50001,17385,15446
0500000US50003,20815,14675
0500000US50005,15997,13525
0500000US50007,73085,18369
0500000US50009,4867,4867
0500000US50011,22642,17410
0500000US50013,5265,5265
0500000US50015,13878,13878
0500000US50017,14953,14953
0500000US50019,16376,16376
0500000US50021,33869,23707
0500000US50023,30645,20549
0500000US50025,29916,22802
0500000US50027,34625,28297
0500000US51001,21703,17611
0500000US51003,47291,19614
0500000US51005,7934,4187
0500000US51007,5704,5704
0500000US51009,14232,8967
0500000US51011,7301,7301
0500000US51013,119085,0
0500000US51015,32590,27317
0500000US51017,3239,3239
0500000US51019,37249,27170
0500000US51021,3200,3200
0500000US51023,14888,9126
0500000US51025,7893,7893
0500000US51027,10323,10323
0500000US51029,7133,7133
0500000US51031,25060,14255
0500000US51033,12415,12415
0500000US51035,16579,16218
0500000US51036,3245,3245
0500000US51037,5956,5956
0500000US51041,138691,10884
0500000US51043,6371,6371
0500000US51045,2584,2584
0500000US51047,19185,11126
0500000US51049,4636,4301
0500000US51051,7344,7344
0500000US51053,11803,8693
0500000US51057,5742,5742
0500000US51059,427149,6051
0500000US51061,28249,17076
0500000US51063,7924,7924
0500000US51065,11127,6807
0500000US51067,28131,25546
0500000US51069,35827,14900
0500000US51071,8285,8285
0500000US51073,17049,12200
0500000US51075,10550,9451
0500000US51077,8924,8922
0500000US51079,8464,8464
0500000US51081,4001,3433
0500000US51083,17275,13552
0500000US51085,43184,15986
0500000US51087,140739,5242
0500000US51089,25422,16606
0500000US51091,1787,1787
0500000US51093,16441,9663
0500000US51095,33993,4588
0500000US51097,3454,3454
0500000US51099,10322,10322
0500000US51101,7402,7402
0500000US51103,7448,7448
0500000US51105,10835,10835
0500000US51107,142074,17368
0500000US51109,17489,17489
0500000US51111,5868,5868
0500000US51113,6051,6051
0500000US51115,5455,5455
0500000US51117,19004,16535
0500000US51119,7100,7100
0500000US51121,41134,11327
0500000US51125,9871,9871
0500000US51127,9059,9059
0500000US51131,7373,7373
0500000US51133,8947,8947
0500000US51135,6629,6629
0500000US51137,15671,8682
0500000US51139,11751,9526
0500000US51141,9994,9994
0500000US51143,29369,26365
0500000US51145,11591,11288
0500000US51147,9087,6417
0500000US51149,13378,8674
0500000US51153,158525,7594
0500000US51155,16990,7888
0500000US51157,3826,3826
0500000US51159,3932,3932
0500000US51161,42147,7703
0500000US51163,11261,10328
0500000US51165,35436,20973
0500000US51167,12754,12661
0500000US51169,11765,11572
0500000US51171,21136,15270
0500000US51173,15097,11390
0500000US51175,7724,7580
0500000US51177,52250,16959
0500000US51179,52793,9761
0500000US51181,3402,3402
0500000US51183,4636,4636
0500000US51185,19814,10198
0500000US51187,16739,10098
0500000US51191,25424,17503
0500000US51193,11129,8590
0500000US51195,16644,11144
0500000US51197,13990,10206
0500000US51199,27827,1737
0500000US51510,80479,0
0500000US51520,8670,81
0500000US51530,2948,62
0500000US51540,21413,0
0500000US51550,94829,5890
0500000US51570,8147,0
0500000US51580,3052,12
0500000US51590,22259,638
0500000US51595,2647,148
0500000US51600,9330,0
0500000US51610,6172,0
0500000US51620,3886,136
0500000US51630,12175,0
0500000US51640,3156,248
0500000US51650,62444,190
0500000US51660,18626,116
0500000US51670,10409,1
0500000US51678,2617,0
0500000US51680,33832,534
0500000US51683,14365,0
0500000US51685,5525,0
0500000US51690,7053,3
0500000US51700,81901,141
0500000US51710,101386,0
0500000US51720,1934,152
0500000US51730,18013,407
0500000US51735,4926,405
0500000US51740,43164,0
0500000US51750,6449,281
0500000US51760,111963,0
0500000US51770,48726,1
0500000US51775,11125,0
0500000US51790,12316,127
0500000US51800,38364,10509
0500000US51810,190059,3184
0500000US51820,10268,232
0500000US51830,5753,12
0500000US51840,12372,0
0500000US53001,6735,3516
0500000US53003,10034,815
0500000US53005,80076,9033
0500000US53007,37267,14142
0500000US53009,37930,13263
0500000US53011,195036,23138
0500000US53013,2190,2190
0500000US53015,45424,14724
0500000US53017,17318,5245
0500000US53019,4059,4059
0500000US53021,29740,3365
0500000US53023,1194,1194
0500000US53025,38635,17671
0500000US53027,36058,13528
0500000US53029,41922,21264
0500000US53031,19087,10603
0500000US53033,969234,30267
0500000US53035,113248,20197
0500000US53037,23743,11282
0500000US53039,10533,8393
0500000US53041,35412,22005
0500000US53043,5732,5732
0500000US53045,33269,24543
0500000US53047,21720,18038
0500000US53049,16034,7779
0500000US53051,7938,7938
0500000US53053,359489,26287
0500000US53055,13772,11633
0500000US53057,55744,20952
0500000US53059,5796,5796
0500000US53061,321523,38770
0500000US53063,224019,30696
0500000US53065,22242,19914
0500000US53067,121438,25167
0500000US53069,2189,2189
0500000US53071,24971,4908
0500000US53073,100064,26604
0500000US53075,20922,7334
0500000US53077,90504,26105
0500000US54001,7114,7114
0500000US54003,50868,16353
0500000US54005,10132,10132
0500000US54007,6251,6251
0500000US54009,10719,4053
0500000US54011,46125,9308
0500000US54013,3181,3181
0500000US54015,3907,3907
0500000US54017,3241,3241
0500000US54019,19089,11915
0500000US54021,3090,3090
0500000US54023,5598,5598
0500000US54025,17807,13951
0500000US54027,12416,12416
0500000US54029,14241,4523
0500000US54031,8127,8127
0500000US54033,30480,12603
0500000US54035,12888,12888
0500000US54037,23762,14708
0500000US54039,90294,24706
0500000US54041,8204,5858
0500000US54043,9549,9549
0500000US54045,14738,10349
0500000US54047,9344,9344
0500000US54049,26280,10925
0500000US54051,14728,6962
0500000US54053,12153,8026
0500000US54055,29321,11738
0500000US54057,12453,8463
0500000US54059,11493,11493
0500000US54061,49881,11922
0500000US54063,6219,6219
0500000US54065,9071,9071
0500000US54067,12496,12496
0500000US54069,21170,6153
0500000US54071,3666,3666
0500000US54073,3209,3209
0500000US54075,6795,6795
0500000US54077,15174,15174
0500000US54079,24795,8282
0500000US54081,34581,13774
0500000US54083,13035,7640
0500000US54085,4142,4142
0500000US54087,7151,7151
0500000US54089,6529,6529
0500000US54091,7441,4877
0500000US54093,4650,4650
0500000US54095,4119,4119
0500000US54097,11178,7214
0500000US54099,18150,10527
0500000US54101,4381,4381
0500000US54103,7254,4501
0500000US54105,2702,2702
0500000US54107,40304,11131
0500000US54109,9949,9949
0500000US55001,16692,16692
0500000US55003,9407,5864
0500000US55005,23779,18788
0500000US55007,13238,13238
0500000US55009,112908,17250
0500000US55011,6506,6506
0500000US55013,15201,15201
0500000US55015,21511,11928
0500000US55017,28688,17679
0500000US55019,14755,14755
0500000US55021,26565,17686
0500000US55023,8658,5626
0500000US55025,248795,30662
0500000US55027,38123,21082
0500000US55029,23738,18158
0500000US55031,22906,10053
0500000US55033,18693,12028
0500000US55035,44966,9920
0500000US55037,4601,4601
0500000US55039,45740,16081
0500000US55041,8604,8604
0500000US55043,22110,17686
0500000US55045,16273,11124
0500000US55047,10671,8218
0500000US55049,10905,8706
0500000US55051,5523,4229
0500000US55053,9613,7458
0500000US55055,36376,16469
0500000US55057,14441,14441
0500000US55059,72451,8972
0500000US55061,9267,9267
0500000US55063,52774,8836
0500000US55065,7156,7156
0500000US55067,12138,8008
0500000US55069,16034,11461
0500000US55071,37818,15610
0500000US55073,59828,24676
0500000US55075,29189,21130
0500000US55077,9758,9758
0500000US55078,2145,2145
0500000US55079,424191,975
0500000US55081,19769,10748
0500000US55083,23754,23754
0500000US55085,30465,25449
0500000US55087,79131,18703
0500000US55089,39086,8826
0500000US55091,3573,3573
0500000US55093,16780,12436
0500000US55095,24129,24129
0500000US55097,31148,11422
0500000US55099,10735,10735
0500000US55101,84490,11605
0500000US55103,8475,6023
0500000US55105,70068,13331
0500000US55107,8560,8560
0500000US55109,37369,22710
0500000US55111,30784,13761
0500000US55113,15966,15966
0500000US55115,20354,13485
0500000US55117,52303,14585
0500000US55119,9379,7332
0500000US55121,13270,13270
0500000US55123,13813,11726
0500000US55125,24486,24486
0500000US55127,53146,18677
0500000US55129,12708,12708
0500000US55131,58311,21132
0500000US55133,172177,23881
0500000US55135,25457,16049
0500000US55137,14710,14668
0500000US55139,76046,13394
0500000US55141,34549,11441
0500000US56001,18494,3044
0500000US56003,5327,5327
0500000US56005,19816,5284
0500000US56007,8157,4090
0500000US56009,6612,3492
0500000US56011,3672,3672
0500000US56013,17407,9112
0500000US56015,5853,2666
0500000US56017,2551,2551
0500000US56019,4598,2282
0500000US56021,44181,8449
0500000US56023,9489,9489
0500000US56025,36808,5615
0500000US56027,1322,1322
0500000US56029,14523,6578
0500000US56031,4595,4595
0500000US56033,14884,5537
0500000US56035,5167,5167
0500000US56037,19145,2311
0500000US56039,13233,8303
0500000US56041,8798,3741
0500000US56043,3849,1324
0500000US56045,3406,3406
0500000US72001,7911,4211
0500000US72003,17362,67
0500000US72005,27862,53
0500000US72007,10553,1195
0500000US72009,10953,1852
0500000US72011,12212,1700
0500000US72013,42044,3601
0500000US72015,8235,230
0500000US72017,10621,558
0500000US72019,11982,642
0500000US72021,86432,0
0500000US72023,27895,1336
0500000US72025,59251,675
0500000US72027,14782,2655
0500000US72029,19083,750
0500000US72031,78913,158
0500000US72033,10890,1
0500000US72035,19803,2388
0500000US72037,7314,1280
0500000US72039,7390,2845
0500000US72041,17013,328
0500000US72043,16420,4861
0500000US72045,8267,1245
0500000US72047,14147,833
0500000US72049,1563,1563
0500000US72051,16288,186
0500000US72053,19204,1277
0500000US72054,5010,943
0500000US72055,8563,1269
0500000US72057,18528,3042
0500000US72059,8321,1819
0500000US72061,41927,0
0500000US72063,17576,654
0500000US72065,17134,1908
0500000US72067,7754,82
0500000US72069,26827,126
0500000US72071,21095,1034
0500000US72073,6340,2002
0500000US72075,20173,1850
0500000US72077,16684,307
0500000US72079,12450,4846
0500000US72081,12984,2836
0500000US72083,3878,3828
0500000US72085,15766,219
0500000US72087,11742,440
0500000US72089,10812,832
0500000US72091,19018,1881
0500000US72093,2322,2322
0500000US72095,5430,1773
0500000US72097,41118,1615
0500000US72099,17509,1828
0500000US72101,12014,1444
0500000US72103,11639,3008
0500000US72105,11775,0
0500000US72107,8979,3507
0500000US72109,8395,2352
0500000US72111,8839,2072
0500000US72113,67070,3858
0500000US72115,11010,1076
0500000US72117,9108,3
0500000US72119,23801,1246
0500000US72121,11001,1404
0500000US72123,13496,2686
0500000US72125,15909,2731
0500000US72127,193244,1
0500000US72129,17189,2277
0500000US72131,18890,3214
0500000US72133,9345,1691
0500000US72135,26952,277
0500000US72137,35415,249
0500000US72139,30216,3
0500000US72141,13361,7116
0500000US72143,16362,603
0500000US72145,25738,1442
0500000US72147,5303,1122
0500000US72149,8875,1588
0500000US72151,14283,2424
0500000US72153,16599,2856