GEO_ID,Unemployment
0500000US01001,3.4
0500000US01003,3.7
0500000US01005,6.2
0500000US01007,3.5
0500000US01009,3.0
0500000US01011,7.5
0500000US01013,5.3
0500000US01015,6.7
0500000US01017,4.1
0500000US01019,3.0
0500000US01021,4.4
0500000US01023,6.2
0500000US01025,8.4
0500000US01027,3.5
0500000US01029,3.8
0500000US01031,3.5
0500000US01033,4.1
0500000US01035,9.6
0500000US01037,5.9
0500000US01039,5.7
0500000US01041,4.1
0500000US01043,3.2
0500000US01045,5.5
0500000US01047,7.8
0500000US01049,3.4
0500000US01051,4.2
0500000US01053,7.1
0500000US01055,4.6
0500000US01057,4.4
0500000US01059,5.4
0500000US01061,5.5
0500000US01063,7.7
0500000US01065,5.7
0500000US01067,4.1
0500000US01069,4.7
0500000US01071,4.6
0500000US01073,5.1
0500000US01075,4.7
0500000US01077,4.3
0500000US01079,4.3
0500000US01081,3.7
0500000US01083,4.6
0500000US01085,6.0
0500000US01087,8.1
0500000US01089,4.7
0500000US01091,6.8
0500000US01093,4.0
0500000US01095,4.0
0500000US01097,5.0
0500000US01099,10.4
0500000US01101,5.2
0500000US01103,5.2
0500000US01105,4.3
0500000US01107,5.9
0500000US01109,5.7
0500000US01111,4.0
0500000US01113,5.4
0500000US01115,3.8
0500000US01117,3.1
0500000US01119,7.2
0500000US01121,6.5
0500000US01123,5.0
0500000US01125,4.1
0500000US01127,5.6
0500000US01129,8.0
0500000US01131,8.4
0500000US01133,4.4
0500000US02013,2.3
0500000US02016,0.9
0500000US02020,4.2
0500000US02050,11.9
0500000US02060,4.2
0500000US02068,0.9
0500000US02070,6.9
0500000US02090,5.6
0500000US02100,2.5
0500000US02105,6.8
0500000US02110,3.6
0500000US02122,5.3
0500000US02130,5.1
0500000US02150,2.6
0500000US02158,15.2
0500000US02164,7.9
0500000US02170,6.2
0500000US02180,11.1
0500000US02185,8.0
0500000US02188,14.2
0500000US02195,4.0
0500000US02198,8.8
0500000US02220,3.1
0500000US02230,5.6
0500000US02240,5.9
0500000US02261,6.0
0500000US02275,4.3
0500000US02282,5.4
0500000US02290,11.2
0500000US04001,6.4
0500000US04003,3.9
0500000US04005,5.3
0500000US04007,5.7
0500000US04009,7.2
0500000US04011,5.0
0500000US04012,4.4
0500000US04013,4.3
0500000US04015,5.2
0500000US04017,9.0
0500000US04019,5.4
0500000US04021,4.7
0500000US04023,5.4
0500000US04025,4.2
0500000US04027,6.6
0500000US05001,5.5
0500000US05003,5.4
0500000US05005,2.9
0500000US05007,2.2
0500000US05009,4.7
0500000US05011,5.7
0500000US05013,3.8
0500000US05015,3.3
0500000US05017,5.0
0500000US05019,4.6
0500000US05021,3.8
0500000US05023,4.3
0500000US05025,4.7
0500000US05027,5.3
0500000US05029,3.9
0500000US05031,4.0
0500000US05033,4.0
0500000US05035,5.5
0500000US05037,4.2
0500000US05039,3.7
0500000US05041,6.8
0500000US05043,7.3
0500000US05045,3.7
0500000US05047,4.5
0500000US05049,3.4
0500000US05051,5.0
0500000US05053,4.6
0500000US05055,4.7
0500000US05057,4.6
0500000US05059,3.7
0500000US05061,4.2
0500000US05063,3.9
0500000US05065,4.3
0500000US05067,3.2
0500000US05069,5.1
0500000US05071,3.1
0500000US05073,5.4
0500000US05075,4.3
0500000US05077,6.7
0500000US05079,3.7
0500000US05081,4.5
0500000US05083,4.2
0500000US05085,3.5
0500000US05087,2.9
0500000US05089,4.4
0500000US05091,5.1
0500000US05093,6.3
0500000US05095,5.9
0500000US05097,2.1
0500000US05099,3.6
0500000US05101,2.5
0500000US05103,4.4
0500000US05105,3.8
0500000US05107,9.4
0500000US05109,3.1
0500000US05111,3.5
0500000US05113,4.2
0500000US05115,4.2
0500000US05117,3.7
0500000US05119,4.0
0500000US05121,2.1
0500000US05123,5.2
0500000US05125,3.0
0500000US05127,6.8
0500000US05129,2.0
0500000US05131,3.2
0500000US05133,4.2
0500000US05135,3.7
0500000US05137,3.7
0500000US05139,5.1
0500000US05141,5.4
0500000US05143,3.4
0500000US05145,3.5
0500000US05147,6.4
0500000US05149,3.8
0500000US06001,4.7
0500000US06003,5.7
0500000US06005,5.3
0500000US06007,5.9
0500000US06009,4.6
0500000US06011,5.4
0500000US06013,4.9
0500000US06015,4.7
0500000US06017,5.7
0500000US06019,7.2
0500000US06021,5.5
0500000US06023,5.6
0500000US06025,9.0
0500000US06027,3.7
0500000US06029,7.0
0500000US06031,6.1
0500000US06033,6.8
0500000US06035,3.5
0500000US06037,5.7
0500000US06039,4.2
0500000US06041,3.3
0500000US06043,5.2
0500000US06045,6.4
0500000US06047,9.3
0500000US06049,3.5
0500000US06051,5.8
0500000US06053,4.1
0500000US06055,4.3
0500000US06057,4.8
0500000US06059,4.4
0500000US06061,4.3
0500000US06063,6.1
0500000US06065,6.8
0500000US06067,6.4
0500000US06069,7.3
0500000US06071,6.5
0500000US06073,4.9
0500000US06075,4.3
0500000US06077,7.2
0500000US06079,3.2
0500000US06081,3.8
0500000US06083,4.6
0500000US06085,4.4
0500000US06087,4.7
0500000US06089,4.6
0500000US06091,2.0
0500000US06093,6.0
0500000US06095,6.2
0500000US06097,4.5
0500000US06099,8.4
0500000US06101,6.6
0500000US06103,6.7
0500000US06105,4.7
0500000US06107,6.2
0500000US06109,5.6
0500000US06111,4.9
0500000US06113,4.8
0500000US06115,6.9
0500000US08001,4.3
0500000US08003,4.8
0500000US08005,4.3
0500000US08007,4.0
0500000US08009,2.1
0500000US08011,2.3
0500000US08013,3.9
0500000US08014,3.2
0500000US08015,2.1
0500000US08017,6.2
0500000US08019,3.0
0500000US08021,5.3
0500000US08023,5.1
0500000US08025,11.6
0500000US08027,4.4
0500000US08029,4.6
0500000US08031,3.8
0500000US08033,1.9
0500000US08035,2.6
0500000US08037,2.4
0500000US08039,3.8
0500000US08041,4.6
0500000US08043,3.1
0500000US08045,4.5
0500000US08047,2.7
0500000US08049,4.3
0500000US08051,5.2
0500000US08053,3.0
0500000US08055,6.3
0500000US08057,1.2
0500000US08059,3.6
0500000US08061,2.6
0500000US08063,3.0
0500000US08065,4.4
0500000US08067,3.4
0500000US08069,4.1
0500000US08071,4.4
0500000US08073,1.3
0500000US08075,4.3
0500000US08077,5.5
0500000US08079,1.0
0500000US08081,3.0
0500000US08083,3.7
0500000US08085,4.9
0500000US08087,3.6
0500000US08089,5.6
0500000US08091,4.0
0500000US08093,2.8
0500000US08095,1.7
0500000US08097,4.2
0500000US08099,6.8
0500000US08101,5.5
0500000US08103,2.8
0500000US08105,5.5
0500000US08107,3.0
0500000US08109,4.1
0500000US08111,7.9
0500000US08113,3.2
0500000US08115,4.8
0500000US08117,3.3
0500000US08119,4.6
0500000US08121,2.3
0500000US08123,4.1
0500000US08125,1.4
0500000US09001,5.6
0500000US09003,5.5
0500000US09005,4.6
0500000US09007,3.6
0500000US09009,5.6
0500000US09011,5.0
0500000US09013,4.2
0500000US09015,5.6
0500000US10001,4.9
0500000US10003,4.5
0500000US10005,4.0
0500000US11001,6.0
0500000US12001,4.1
0500000US12003,3.5
0500000US12005,4.5
0500000US12007,4.9
0500000US12009,5.1
0500000US12011,5.8
0500000US12013,4.4
0500000US12015,4.3
0500000US12017,4.8
0500000US12019,5.5
0500000US12021,3.4
0500000US12023,6.1
0500000US12027,3.9
0500000US12029,2.1
0500000US12031,5.5
0500000US12033,4.7
0500000US12035,3.6
0500000US12037,4.4
0500000US12039,4.7
0500000US12041,4.8
0500000US12043,4.9
0500000US12045,4.1
0500000US12047,5.3
0500000US12049,5.8
0500000US12051,6.0
0500000US12053,5.2
0500000US12055,5.3
0500000US12057,5.1
0500000US12059,6.0
0500000US12061,5.1
0500000US12063,5.5
0500000US12065,3.7
0500000US12067,6.2
0500000US12069,4.3
0500000US12071,4.5
0500000US12073,6.3
0500000US12075,4.9
0500000US12077,4.0
0500000US12079,5.6
0500000US12081,4.0
0500000US12083,4.7
0500000US12085,4.4
0500000US12086,5.3
0500000US12087,3.1
0500000US12089,4.3
0500000US12091,3.8
0500000US12093,5.4
0500000US12095,5.4
0500000US12097,5.1
0500000US12099,4.9
0500000US12101,4.3
0500000US12103,4.3
0500000US12105,5.2
0500000US12107,5.5
0500000US12109,3.6
0500000US12111,5.4
0500000US12113,4.0
0500000US12115,3.5
0500000US12117,5.2
0500000US12119,1.9
0500000US12121,5.2
0500000US12123,3.1
0500000US12125,3.7
0500000US12127,4.0
0500000US12129,4.0
0500000US12131,4.1
0500000US12133,4.7
0500000US13001,4.5
0500000US13003,3.5
0500000US13005,2.8
0500000US13007,1.6
0500000US13009,4.0
0500000US13011,4.4
0500000US13013,5.5
0500000US13015,4.7
0500000US13017,3.5
0500000US13019,5.3
0500000US13021,6.4
0500000US13023,2.9
0500000US13025,4.7
0500000US13027,9.9
0500000US13029,6.0
0500000US13031,5.7
0500000US13033,3.9
0500000US13035,4.2
0500000US13037,5.2
0500000US13039,5.3
0500000US13043,3.9
0500000US13045,6.6
0500000US13047,4.6
0500000US13049,6.0
0500000US13051,5.8
0500000US13053,4.8
0500000US13055,5.0
0500000US13057,3.7
0500000US13059,5.1
0500000US13061,8.0
0500000US13063,8.1
0500000US13065,5.6
0500000US13067,4.8
0500000US13069,3.7
0500000US13071,4.4
0500000US13073,4.2
0500000US13075,3.0
0500000US13077,4.3
0500000US13079,5.1
0500000US13081,7.8
0500000US13083,3.5
0500000US13085,4.5
0500000US13087,3.3
0500000US13089,6.7
0500000US13091,5.4
0500000US13093,4.6
0500000US13095,9.9
0500000US13097,6.1
0500000US13099,3.9
0500000US13101,4.3
0500000US13103,3.9
0500000US13105,4.2
0500000US13107,6.0
0500000US13109,4.5
0500000US13111,4.5
0500000US13113,4.0
0500000US13115,5.4
0500000US13117,3.3
0500000US13119,3.9
0500000US13121,6.0
0500000US13123,4.2
0500000US13125,4.0
0500000US13127,4.8
0500000US13129,4.6
0500000US13131,4.9
0500000US13133,3.2
0500000US13135,4.7
0500000US13137,3.7
0500000US13139,3.6
0500000US13141,3.4
0500000US13143,5.8
0500000US13145,5.0
0500000US13147,2.8
0500000US13149,5.6
0500000US13151,5.8
0500000US13153,5.5
0500000US13155,3.2
0500000US13157,4.1
0500000US13159,5.1
0500000US13161,2.8
0500000US13163,6.5
0500000US13165,2.9
0500000US13167,5.0
0500000US13169,4.8
0500000US13171,6.8
0500000US13173,7.2
0500000US13175,2.9
0500000US13177,4.5
0500000US13179,7.3
0500000US13181,4.8
0500000US13183,8.7
0500000US13185,6.4
0500000US13187,4.0
0500000US13189,4.7
0500000US13191,5.2
0500000US13193,7.9
0500000US13195,4.5
0500000US13197,7.4
0500000US13199,5.8
0500000US13201,4.2
0500000US13205,8.6
0500000US13207,5.0
0500000US13209,3.0
0500000US13211,4.1
0500000US13213,5.3
0500000US13215,5.7
0500000US13217,6.7
0500000US13219,2.8
0500000US13221,3.2
0500000US13223,4.6
0500000US13225,6.0
0500000US13227,4.0
0500000US13229,4.5
0500000US13231,5.9
0500000US13233,5.0
0500000US13235,2.4
0500000US13237,4.6
0500000US13239,8.4
0500000US13241,3.2
0500000US13243,5.0
0500000US13245,6.3
0500000US13247,6.4
0500000US13249,7.7
0500000US13251,4.5
0500000US13253,4.0
0500000US13255,5.5
0500000US13257,5.8
0500000US13259,4.2
0500000US13261,6.9
0500000US13263,5.0
0500000US13265,5.1
0500000US13267,2.0
0500000US13269,9.1
0500000US13271,1.4
0500000US13273,6.3
0500000US13275,5.4
0500000US13277,2.8
0500000US13279,6.1
0500000US13281,4.0
0500000US13283,3.4
0500000US13285,6.6
0500000US13287,4.7
0500000US13289,3.1
0500000US13291,4.0
0500000US13293,6.7
0500000US13295,3.9
0500000US13297,4.8
0500000US13299,2.8
0500000US13301,6.7
0500000US13303,5.5
0500000US13305,6.3
0500000US13307,2.9
0500000US13309,1.9
0500000US13311,2.5
0500000US13313,6.2
0500000US13315,2.9
0500000US13317,4.3
0500000US13319,3.6
0500000US13321,4.7
0500000US15001,4.3
0500000US15003,3.1
0500000US15005,0.0
0500000US15007,3.3
0500000US15009,4.1
0500000US16001,3.5
0500000US16003,5.6
0500000US16005,4.4
0500000US16007,1.9
0500000US16009,5.6
0500000US16011,4.2
0500000US16013,2.6
0500000US16015,4.3
0500000US16017,2.9
0500000US16019,3.0
0500000US16021,1.8
0500000US16023,3.3
0500000US16025,2.8
0500000US16027,5.2
0500000US16029,1.5
0500000US16031,2.8
0500000US16033,3.1
0500000US16035,2.7
0500000US16037,1.8
0500000US16039,4.1
0500000US16041,2.4
0500000US16043,3.0
0500000US16045,4.4
0500000US16047,2.7
0500000US16049,3.2
0500000US16051,3.1
0500000US16053,3.2
0500000US16055,4.3
0500000US16057,4.9
0500000US16059,2.9
0500000US16061,3.5
0500000US16063,3.3
0500000US16065,6.1
0500000US16067,3.1
0500000US16069,3.6
0500000US16071,3.8
0500000US16073,5.0
0500000US16075,4.8
0500000US16077,4.0
0500000US16079,5.7
0500000US16081,4.5
0500000US16083,2.9
0500000US16085,2.8
0500000US16087,4.8
0500000US17001,4.1
0500000US17003,5.5
0500000US17005,3.3
0500000US17007,5.5
0500000US17009,2.4
0500000US17011,4.4
0500000US17013,3.2
0500000US17015,3.7
0500000US17017,5.7
0500000US17019,3.4
0500000US17021,2.9
0500000US17023,5.6
0500000US17025,3.7
0500000US17027,3.1
0500000US17029,4.5
0500000US17031,6.4
0500000US17033,3.7
0500000US17035,3.7
0500000US17037,6.4
0500000US17039,4.8
0500000US17041,3.4
0500000US17043,4.2
0500000US17045,5.6
0500000US17047,4.5
0500000US17049,3.3
0500000US17051,4.4
0500000US17053,4.6
0500000US17055,5.8
0500000US17057,4.4
0500000US17059,4.9
0500000US17061,4.7
0500000US17063,5.0
0500000US17065,2.4
0500000US17067,4.1
0500000US17069,9.2
0500000US17071,4.6
0500000US17073,3.2
0500000US17075,4.1
0500000US17077,5.2
0500000US17079,2.6
0500000US17081,5.4
0500000US17083,4.8
0500000US17085,3.0
0500000US17087,3.9
0500000US17089,4.8
0500000US17091,5.3
0500000US17093,3.9
0500000US17095,3.7
0500000US17097,4.7
0500000US17099,5.9
0500000US17101,2.1
0500000US17103,3.7
0500000US17105,3.5
0500000US17107,3.6
0500000US17109,5.3
0500000US17111,4.6
0500000US17113,3.2
0500000US17115,6.3
0500000US17117,5.8
0500000US17119,5.2
0500000US17121,5.5
0500000US17123,3.6
0500000US17125,6.0
0500000US17127,4.0
0500000US17129,3.7
0500000US17131,3.8
0500000US17133,3.1
0500000US17135,2.5
0500000US17137,4.3
0500000US17139,2.5
0500000US17141,4.2
0500000US17143,5.2
0500000US17145,3.3
0500000US17147,4.3
0500000US17149,3.8
0500000US17151,3.4
0500000US17153,5.7
0500000US17155,3.8
0500000US17157,2.7
0500000US17159,3.4
0500000US17161,4.9
0500000US17163,5.0
0500000US17165,7.0
0500000US17167,4.9
0500000US17169,3.3
0500000US17171,6.1
0500000US17173,3.3
0500000US17175,3.9
0500000US17177,5.4
0500000US17179,3.2
0500000US17181,3.5
0500000US17183,5.5
0500000US17185,5.4
0500000US17187,5.1
0500000US17189,3.5
0500000US17191,3.1
0500000US17193,4.8
0500000US17195,4.2
0500000US17197,4.7
0500000US17199,4.4
0500000US17201,6.8
0500000US17203,3.4
0500000US18001,3.5
0500000US18003,4.7
0500000US18005,3.4
0500000US18007,3.0
0500000US18009,4.8
0500000US18011,2.3
0500000US18013,3.3
0500000US18015,4.4
0500000US18017,4.7
0500000US18019,4.0
0500000US18021,3.9
0500000US18023,3.9
0500000US18025,3.4
0500000US18027,3.5
0500000US18029,4.8
0500000US18031,3.5
0500000US18033,4.1
0500000US18035,5.6
0500000US18037,2.0
0500000US18039,4.2
0500000US18041,5.1
0500000US18043,4.3
0500000US18045,4.8
0500000US18047,3.9
0500000US18049,3.7
0500000US18051,2.4
0500000US18053,4.7
0500000US18055,3.6
0500000US18057,2.6
0500000US18059,3.3
0500000US18061,4.1
0500000US18063,3.5
0500000US18065,4.6
0500000US18067,4.5
0500000US18069,3.3
0500000US18071,3.5
0500000US18073,4.0
0500000US18075,4.7
0500000US18077,4.3
0500000US18079,4.2
0500000US18081,3.7
0500000US18083,3.3
0500000US18085,3.4
0500000US18087,2.6
0500000US18089,5.9
0500000US18091,5.1
0500000US18093,3.4
0500000US18095,4.5
0500000US18097,6.1
0500000US18099,4.8
0500000US18101,3.3
0500000US18103,5.0
0500000US18105,4.1
0500000US18107,3.5
0500000US18109,4.1
0500000US18111,4.3
0500000US18113,4.5
0500000US18115,3.7
0500000US18117,3.2
0500000US18119,4.0
0500000US18121,3.7
0500000US18123,2.3
0500000US18125,2.4
0500000US18127,3.9
0500000US18129,2.9
0500000US18131,4.3
0500000US18133,3.5
0500000US18135,3.8
0500000US18137,4.1
0500000US18139,3.4
0500000US18141,4.8
0500000US18143,4.0
0500000US18145,5.1
0500000US18147,3.7
0500000US18149,5.4
0500000US18151,3.7
0500000US18153,2.9
0500000US18155,4.0
0500000US18157,3.9
0500000US18159,3.2
0500000US18161,3.3
0500000US18163,3.6
0500000US18165,3.4
0500000US18167,4.8
0500000US18169,3.6
0500000US18171,3.2
0500000US18173,3.0
0500000US18175,5.1
0500000US18177,4.2
0500000US18179,2.4
0500000US18181,3.4
0500000US18183,3.1
0500000US19001,1.8
0500000US19003,2.0
0500000US19005,3.1
0500000US19007,3.9
0500000US19009,1.8
0500000US19011,2.6
0500000US19013,4.2
0500000US19015,2.9
0500000US19017,2.2
0500000US19019,2.5
0500000US19021,3.2
0500000US19023,2.1
0500000US19025,1.6
0500000US19027,1.8
0500000US19029,2.1
0500000US19031,2.3
0500000US19033,2.7
0500000US19035,2.1
0500000US19037,2.1
0500000US19039,3.1
0500000US19041,2.2
0500000US19043,2.6
0500000US19045,2.9
0500000US19047,3.8
0500000US19049,1.6
0500000US19051,2.5
0500000US19053,3.4
0500000US19055,2.4
0500000US19057,3.6
0500000US19059,2.2
0500000US19061,2.7
0500000US19063,3.4
0500000US19065,2.7
0500000US19067,2.3
0500000US19069,3.4
0500000US19071,2.4
0500000US19073,3.8
0500000US19075,2.5
0500000US19077,2.1
0500000US19079,1.9
0500000US19081,1.1
0500000US19083,2.1
0500000US19085,1.8
0500000US19087,2.9
0500000US19089,2.4
0500000US19091,2.4
0500000US19093,2.4
0500000US19095,1.2
0500000US19097,3.0
0500000US19099,3.1
0500000US19101,3.9
0500000US19103,2.3
0500000US19105,2.7
0500000US19107,3.5
0500000US19109,1.2
0500000US19111,4.9
0500000US19113,3.0
0500000US19115,2.8
0500000US19117,3.2
0500000US19119,1.3
0500000US19121,3.3
0500000US19123,4.2
0500000US19125,2.7
0500000US19127,3.8
0500000US19129,2.5
0500000US19131,2.3
0500000US19133,2.4
0500000US19135,3.7
0500000US19137,5.2
0500000US19139,3.0
0500000US19141,1.8
0500000US19143,1.9
0500000US19145,2.5
0500000US19147,1.3
0500000US19149,2.4
0500000US19151,3.0
0500000US19153,3.8
0500000US19155,3.3
0500000US19157,2.8
0500000US19159,3.0
0500000US19161,2.5
0500000US19163,3.2
0500000US19165,2.2
0500000US19167,1.3
0500000US19169,3.5
0500000US19171,3.7
0500000US19173,2.1
0500000US19175,2.7
0500000US19177,2.2
0500000US19179,4.3
0500000US19181,3.7
0500000US19183,2.9
0500000US19185,1.7
0500000US19187,4.0
0500000US19189,4.3
0500000US19191,1.8
0500000US19193,3.5
0500000US19195,4.1
0500000US19197,3.8
0500000US20001,3.2
0500000US20003,2.3
0500000US20005,4.2
0500000US20007,2.0
0500000US20009,3.7
0500000US20011,1.5
0500000US20013,2.5
0500000US20015,3.4
0500000US20017,2.3
0500000US20019,3.5
0500000US20021,3.9
0500000US20023,1.0
0500000US20025,1.2
0500000US20027,2.0
0500000US20029,3.8
0500000US20031,3.0
0500000US20033,3.1
0500000US20035,3.6
0500000US20037,3.6
0500000US20039,1.7
0500000US20041,3.5
0500000US20043,3.2
0500000US20045,3.6
0500000US20047,1.0
0500000US20049,3.0
0500000US20051,2.4
0500000US20053,1.8
0500000US20055,3.5
0500000US20057,5.0
0500000US20059,4.0
0500000US20061,4.9
0500000US20063,1.2
0500000US20065,1.0
0500000US20067,3.5
0500000US20069,2.1
0500000US20071,0.7
0500000US20073,2.4
0500000US20075,1.3
0500000US20077,2.7
0500000US20079,2.3
0500000US20081,2.6
0500000US20083,0.9
0500000US20085,3.3
0500000US20087,4.6
0500000US20089,1.2
0500000US20091,3.0
0500000US20093,1.5
0500000US20095,3.5
0500000US20097,2.5
0500000US20099,3.3
0500000US20101,2.4
0500000US20103,2.9
0500000US20105,4.2
0500000US20107,3.7
0500000US20109,2.3
0500000US20111,4.5
0500000US20113,1.6
0500000US20115,2.8
0500000US20117,2.1
0500000US20119,1.6
0500000US20121,2.8
0500000US20123,1.7
0500000US20125,4.3
0500000US20127,1.7
0500000US20129,4.7
0500000US20131,1.2
0500000US20133,2.2
0500000US20135,2.1
0500000US20137,1.0
0500000US20139,4.9
0500000US20141,2.3
0500000US20143,2.8
0500000US20145,0.6
0500000US20147,2.0
0500000US20149,2.9
0500000US20151,3.2
0500000US20153,1.4
0500000US20155,3.2
0500000US20157,2.3
0500000US20159,3.5
0500000US20161,3.4
0500000US20163,2.6
0500000US20165,3.2
0500000US20167,4.2
0500000US20169,3.0
0500000US20171,3.4
0500000US20173,4.0
0500000US20175,6.0
0500000US20177,3.8
0500000US20179,0.9
0500000US20181,2.4
0500000US20183,2.1
0500000US20185,2.2
0500000US20187,0.7
0500000US20189,2.4
0500000US20191,3.7
0500000US20193,1.4
0500000US20195,1.0
0500000US20197,3.0
0500000US20199,4.4
0500000US20201,1.9
0500000US20203,1.7
0500000US20205,3.5
0500000US20207,3.5
0500000US20209,6.2
0500000US21001,3.2
0500000US21003,4.0
0500000US21005,4.8
0500000US21007,2.9
0500000US21009,4.5
0500000US21011,5.1
0500000US21013,4.0
0500000US21015,3.8
0500000US21017,4.7
0500000US21019,4.3
0500000US21021,3.0
0500000US21023,5.1
0500000US21025,5.1
0500000US21027,5.6
0500000US21029,4.4
0500000US21031,2.9
0500000US21033,4.5
0500000US21035,3.9
0500000US21037,3.9
0500000US21039,4.5
0500000US21041,6.5
0500000US21043,5.5
0500000US21045,4.7
0500000US21047,5.0
0500000US21049,4.1
0500000US21051,4.4
0500000US21053,4.3
0500000US21055,3.2
0500000US21057,3.4
0500000US21059,4.0
0500000US21061,5.0
0500000US21063,2.3
0500000US21065,6.7
0500000US21067,4.3
0500000US21069,5.6
0500000US21071,4.7
0500000US21073,4.8
0500000US21075,5.1
0500000US21077,3.5
0500000US21079,5.2
0500000US21081,3.6
0500000US21083,4.8
0500000US21085,3.8
0500000US21087,4.1
0500000US21089,4.9
0500000US21091,3.7
0500000US21093,4.6
0500000US21095,4.1
0500000US21097,3.9
0500000US21099,3.6
0500000US21101,3.9
0500000US21103,3.9
0500000US21105,3.4
0500000US21107,3.5
0500000US21109,5.7
0500000US21111,4.7
0500000US21113,5.2
0500000US21115,4.3
0500000US21117,4.4
0500000US21119,6.3
0500000US21121,5.7
0500000US21123,4.4
0500000US21125,5.3
0500000US21127,3.9
0500000US21129,4.5
0500000US21131,6.1
0500000US21133,5.7
0500000US21135,3.0
0500000US21137,5.6
0500000US21139,2.7
0500000US21141,4.0
0500000US21143,2.3
0500000US21145,3.0
0500000US21147,6.6
0500000US21149,4.3
0500000US21151,4.8
0500000US21153,5.0
0500000US21155,5.0
0500000US21157,3.7
0500000US21159,6.1
0500000US21161,3.7
0500000US21163,5.0
0500000US21165,5.5
0500000US21167,5.6
0500000US21169,3.6
0500000US21171,4.7
0500000US21173,5.0
0500000US21175,3.1
0500000US21177,4.3
0500000US21179,4.6
0500000US21181,4.3
0500000US21183,5.8
0500000US21185,2.6
0500000US21187,4.4
0500000US21189,3.2
0500000US21191,3.3
0500000US21193,7.0
0500000US21195,4.7
0500000US21197,3.7
0500000US21199,4.9
0500000US21201,2.8
0500000US21203,5.7
0500000US21205,3.3
0500000US21207,5.2
0500000US21209,3.7
0500000US21211,3.2
0500000US21213,3.3
0500000US21215,4.5
0500000US21217,4.8
0500000US21219,4.3
0500000US21221,5.5
0500000US21223,9.2
0500000US21225,4.7
0500000US21227,4.4
0500000US21229,3.5
0500000US21231,5.8
0500000US21233,3.7
0500000US21235,4.8
0500000US21237,3.7
0500000US21239,2.9
0500000US22001,5.3
0500000US22003,4.3
0500000US22005,4.0
0500000US22007,4.5
0500000US22009,4.3
0500000US22011,3.8
0500000US22013,5.2
0500000US22015,3.5
0500000US22017,4.1
0500000US22019,4.6
0500000US22021,5.8
0500000US22023,2.2
0500000US22025,3.6
0500000US22027,6.3
0500000US22029,4.7
0500000US22031,5.5
0500000US22033,4.6
0500000US22035,4.1
0500000US22037,2.8
0500000US22039,5.5
0500000US22041,5.1
0500000US22043,3.6
0500000US22045,6.9
0500000US22047,3.8
0500000US22049,2.6
0500000US22051,4.1
0500000US22053,4.9
0500000US22055,3.5
0500000US22057,4.4
0500000US22059,2.4
0500000US22061,6.2
0500000US22063,3.9
0500000US22065,6.8
0500000US22067,4.1
0500000US22069,6.1
0500000US22071,6.0
0500000US22073,4.5
0500000US22075,2.2
0500000US22077,4.9
0500000US22079,4.5
0500000US22081,4.3
0500000US22083,5.7
0500000US22085,5.0
0500000US22087,6.6
0500000US22089,5.3
0500000US22091,7.1
0500000US22093,5.0
0500000US22095,5.0
0500000US22097,3.0
0500000US22099,4.3
0500000US22101,6.2
0500000US22103,4.6
0500000US22105,6.0
0500000US22107,7.9
0500000US22109,3.1
0500000US22111,3.3
0500000US22113,4.9
0500000US22115,4.0
0500000US22117,6.6
0500000US22119,4.2
0500000US22121,4.3
0500000US22123,5.3
0500000US22125,4.7
0500000US22127,3.4
0500000US23001,3.8
0500000US23003,3.5
0500000US23005,3.1
0500000US23007,4.2
0500000US23009,4.0
0500000US23011,4.3
0500000US23013,3.5
0500000US23015,2.1
0500000US23017,4.2
0500000US23019,4.5
0500000US23021,5.1
0500000US23023,3.3
0500000US23025,5.3
0500000US23027,4.4
0500000US23029,4.6
0500000US23031,3.4
0500000US24001,5.0
0500000US24003,3.8
0500000US24005,4.0
0500000US24009,5.4
0500000US24011,4.9
0500000US24013,3.1
0500000US24015,4.3
0500000US24017,3.4
0500000US24019,6.5
0500000US24021,3.7
0500000US24023,3.3
0500000US24025,4.1
0500000US24027,3.3
0500000US24029,3.2
0500000US24031,4.1
0500000US24033,5.7
0500000US24035,3.0
0500000US24037,2.9
0500000US24039,3.4
0500000US24041,3.6
0500000US24043,4.5
0500000US24045,5.0
0500000US24047,4.6
0500000US24510,7.0
0500000US25001,3.8
0500000US25003,5.2
0500000US25005,5.3
0500000US25007,2.7
0500000US25009,4.7
0500000US25011,4.1
0500000US25013,5.5
0500000US25015,4.6
0500000US25017,3.7
0500000US25019,2.6
0500000US25021,4.3
0500000US25023,4.7
0500000US25025,5.4
0500000US25027,4.5
0500000US26001,4.1
0500000US26003,3.3
0500000US26005,2.9
0500000US26007,4.4
0500000US26009,4.2
0500000US26011,5.4
0500000US26013,2.4
0500000US26015,3.9
0500000US26017,4.8
0500000US26019,4.3
0500000US26021,4.7
0500000US26023,3.2
0500000US26025,5.0
0500000US26027,5.3
0500000US26029,4.5
0500000US26031,6.8
0500000US26033,5.3
0500000US26035,6.1
0500000US26037,3.3
0500000US26039,5.5
0500000US26041,4.3
0500000US26043,3.8
0500000US26045,4.3
0500000US26047,4.7
0500000US26049,6.8
0500000US26051,4.3
0500000US26053,4.0
0500000US26055,3.8
0500000US26057,4.0
0500000US26059,4.3
0500000US26061,3.9
0500000US26063,3.7
0500000US26065,5.7
0500000US26067,4.7
0500000US26069,5.4
0500000US26071,3.7
0500000US26073,6.2
0500000US26075,5.0
0500000US26077,4.8
0500000US26079,4.8
0500000US26081,4.3
0500000US26083,3.3
0500000US26085,4.7
0500000US26087,5.4
0500000US26089,3.7
0500000US26091,4.3
0500000US26093,3.6
0500000US26095,5.6
0500000US26097,6.1
0500000US26099,4.8
0500000US26101,5.3
0500000US26103,4.0
0500000US26105,5.7
0500000US26107,5.9
0500000US26109,4.1
0500000US26111,4.7
0500000US26113,5.0
0500000US26115,4.2
0500000US26117,4.7
0500000US26119,5.6
0500000US26121,6.1
0500000US26123,4.8
0500000US26125,4.2
0500000US26127,4.5
0500000US26129,5.3
0500000US26131,4.8
0500000US26133,4.6
0500000US26135,4.7
0500000US26137,4.1
0500000US26139,3.6
0500000US26141,5.7
0500000US26143,6.0
0500000US26145,5.5
0500000US26147,5.5
0500000US26149,4.0
0500000US26151,5.2
0500000US26153,5.5
0500000US26155,5.2
0500000US26157,4.8
0500000US26159,4.5
0500000US26161,4.1
0500000US26163,7.6
0500000US26165,4.6
0500000US27001,3.5
0500000US27003,3.5
0500000US27005,2.4
0500000US27007,6.7
0500000US27009,3.5
0500000US27011,1.4
0500000US27013,3.5
0500000US27015,1.8
0500000US27017,2.7
0500000US27019,2.3
0500000US27021,3.6
0500000US27023,1.5
0500000US27025,3.7
0500000US27027,2.2
0500000US27029,4.2
0500000US27031,1.5
0500000US27033,3.0
0500000US27035,2.6
0500000US27037,3.3
0500000US27039,2.5
0500000US27041,2.7
0500000US27043,2.0
0500000US27045,2.3
0500000US27047,2.9
0500000US27049,3.2
0500000US27051,2.9
0500000US27053,3.7
0500000US27055,2.7
0500000US27057,2.5
0500000US27059,4.3
0500000US27061,3.5
0500000US27063,2.3
0500000US27065,4.7
0500000US27067,2.6
0500000US27069,1.7
0500000US27071,4.4
0500000US27073,2.2
0500000US27075,2.3
0500000US27077,2.5
0500000US27079,3.1
0500000US27081,2.0
0500000US27083,3.1
0500000US27085,2.7
0500000US27087,6.4
0500000US27089,2.7
0500000US27091,2.1
0500000US27093,2.6
0500000US27095,4.0
0500000US27097,3.1
0500000US27099,3.8
0500000US27101,2.7
0500000US27103,2.5
0500000US27105,4.8
0500000US27107,2.1
0500000US27109,3.0
0500000US27111,2.5
0500000US27113,2.3
0500000US27115,3.7
0500000US27117,2.7
0500000US27119,2.7
0500000US27121,2.3
0500000US27123,4.5
0500000US27125,2.7
0500000US27127,2.2
0500000US27129,2.2
0500000US27131,3.0
0500000US27133,1.4
0500000US27135,1.5
0500000US27137,3.6
0500000US27139,3.1
0500000US27141,3.0
0500000US27143,3.0
0500000US27145,3.4
0500000US27147,3.0
0500000US27149,2.0
0500000US27151,2.2
0500000US27153,2.7
0500000US27155,2.7
0500000US27157,2.3
0500000US27159,3.1
0500000US27161,3.1
0500000US27163,2.8
0500000US27165,1.9
0500000US27167,1.3
0500000US27169,4.0
0500000US27171,3.3
0500000US27173,2.1
0500000US28001,4.7
0500000US28003,4.3
0500000US28005,5.2
0500000US28007,5.7
0500000US28009,7.2
0500000US28011,7.6
0500000US28013,5.0
0500000US28015,4.3
0500000US28017,5.9
0500000US28019,6.8
0500000US28021,8.5
0500000US28023,5.6
0500000US28025,7.7
0500000US28027,12.3
0500000US28029,7.6
0500000US28031,7.1
0500000US28033,4.7
0500000US28035,7.6
0500000US28037,5.5
0500000US28039,4.4
0500000US28041,4.0
0500000US28043,5.2
0500000US28045,5.1
0500000US28047,5.7
0500000US28049,6.5
0500000US28051,8.6
0500000US28053,13.2
0500000US28055,3.7
0500000US28057,3.8
0500000US28059,5.1
0500000US28061,3.3
0500000US28063,4.6
0500000US28065,7.1
0500000US28067,4.1
0500000US28069,4.4
0500000US28071,4.2
0500000US28073,5.6
0500000US28075,5.1
0500000US28077,5.5
0500000US28079,5.3
0500000US28081,4.3
0500000US28083,6.2
0500000US28085,4.2
0500000US28087,6.7
0500000US28089,3.7
0500000US28091,4.5
0500000US28093,4.0
0500000US28095,5.2
0500000US28097,4.3
0500000US28099,5.1
0500000US28101,4.9
0500000US28103,8.5
0500000US28105,6.0
0500000US28107,5.0
0500000US28109,6.0
0500000US28111,4.9
0500000US28113,4.8
0500000US28115,4.3
0500000US28117,4.8
0500000US28119,13.3
0500000US28121,3.2
0500000US28123,6.9
0500000US28125,12.6
0500000US28127,5.8
0500000US28129,2.1
0500000US28131,4.5
0500000US28133,9.6
0500000US28135,4.7
0500000US28137,4.5
0500000US28139,6.1
0500000US28141,5.6
0500000US28143,6.7
0500000US28145,5.1
0500000US28147,4.3
0500000US28149,4.1
0500000US28151,11.3
0500000US28153,5.2
0500000US28155,5.4
0500000US28157,3.8
0500000US28159,6.4
0500000US28161,2.8
0500000US28163,8.2
0500000US29001,3.6
0500000US29003,2.8
0500000US29005,2.4
0500000US29007,4.4
0500000US29009,6.0
0500000US29011,3.2
0500000US29013,3.3
0500000US29015,4.2
0500000US29017,2.3
0500000US29019,3.1
0500000US29021,4.1
0500000US29023,5.4
0500000US29025,2.5
0500000US29027,3.2
0500000US29029,4.4
0500000US29031,3.7
0500000US29033,5.0
0500000US29035,5.2
0500000US29037,3.8
0500000US29039,5.1
0500000US29041,2.1
0500000US29043,4.1
0500000US29045,2.7
0500000US29047,3.6
0500000US29049,3.2
0500000US29051,3.1
0500000US29053,3.1
0500000US29055,6.6
0500000US29057,4.7
0500000US29059,5.4
0500000US29061,2.7
0500000US29063,2.2
0500000US29065,4.2
0500000US29067,3.3
0500000US29069,4.1
0500000US29071,3.8
0500000US29073,2.9
0500000US29075,3.4
0500000US29077,3.6
0500000US29079,2.6
0500000US29081,2.1
0500000US29083,3.9
0500000US29085,5.0
0500000US29087,2.8
0500000US29089,2.9
0500000US29091,3.8
0500000US29093,5.3
0500000US29095,4.4
0500000US29097,3.9
0500000US29099,4.9
0500000US29101,4.3
0500000US29103,3.5
0500000US29105,4.9
0500000US29107,3.5
0500000US29109,4.1
0500000US29111,3.0
0500000US29113,5.1
0500000US29115,2.1
0500000US29117,2.5
0500000US29119,3.4
0500000US29121,4.9
0500000US29123,3.4
0500000US29125,5.1
0500000US29127,3.7
0500000US29129,2.7
0500000US29131,4.0
0500000US29133,5.4
0500000US29135,2.7
0500000US29137,3.4
0500000US29139,4.3
0500000US29141,4.6
0500000US29143,6.2
0500000US29145,3.6
0500000US29147,3.3
0500000US29149,2.7
0500000US29151,2.0
0500000US29153,4.2
0500000US29155,6.0
0500000US29157,2.8
0500000US29159,4.0
0500000US29161,3.5
0500000US29163,3.0
0500000US29165,3.2
0500000US29167,5.3
0500000US29169,4.4
0500000US29171,1.5
0500000US29173,4.1
0500000US29175,3.9
0500000US29177,4.8
0500000US29179,4.5
0500000US29181,4.2
0500000US29183,3.0
0500000US29185,4.1
0500000US29186,2.7
0500000US29187,3.8
0500000US29189,4.4
0500000US29195,3.0
0500000US29197,3.6
0500000US29199,3.1
0500000US29201,3.9
0500000US29203,4.5
0500000US29205,3.7
0500000US29207,4.5
0500000US29209,4.1
0500000US29211,2.3
0500000US29213,4.4
0500000US29215,3.4
0500000US29217,2.8
0500000US29219,4.0
0500000US29221,5.6
0500000US29223,4.3
0500000US29225,3.1
0500000US29227,2.6
0500000US29229,4.7
0500000US29510,6.9
0500000US30001,4.3
0500000US30003,10.5
0500000US30005,8.9
0500000US30007,3.3
0500000US30009,2.3
0500000US30011,1.6
0500000US30013,3.0
0500000US30015,1.9
0500000US30017,1.4
0500000US30019,1.3
0500000US30021,1.4
0500000US30023,1.8
0500000US30025,2.1
0500000US30027,1.8
0500000US30029,4.1
0500000US30031,3.8
0500000US30033,0.0
0500000US30035,5.7
0500000US30037,1.5
0500000US30039,3.5
0500000US30041,3.2
0500000US30043,3.7
0500000US30045,1.7
0500000US30047,5.0
0500000US30049,2.7
0500000US30051,3.0
0500000US30053,5.5
0500000US30055,0.6
0500000US30057,2.4
0500000US30059,1.8
0500000US30061,3.2
0500000US30063,4.9
0500000US30065,3.1
0500000US30067,2.5
0500000US30069,2.6
0500000US30071,4.1
0500000US30073,5.1
0500000US30075,3.0
0500000US30077,0.6
0500000US30079,3.8
0500000US30081,4.3
0500000US30083,1.8
0500000US30085,3.1
0500000US30087,6.2
0500000US30089,4.4
0500000US30091,1.7
0500000US30093,4.4
0500000US30095,2.4
0500000US30097,0.2
0500000US30099,3.3
0500000US30101,0.6
0500000US30103,0.0
0500000US30105,3.0
0500000US30107,1.7
0500000US30109,1.6
0500000US30111,2.5
0500000US31001,3.6
0500000US31003,1.1
0500000US31005,2.3
0500000US31007,5.4
0500000US31009,0.7
0500000US31011,1.0
0500000US31013,2.9
0500000US31015,0.6
0500000US31017,0.2
0500000US31019,2.4
0500000US31021,1.6
0500000US31023,3.1
0500000US31025,2.3
0500000US31027,1.3
0500000US31029,1.0
0500000US31031,1.7
0500000US31033,1.7
0500000US31035,1.8
0500000US31037,4.0
0500000US31039,1.7
0500000US31041,1.5
0500000US31043,4.9
0500000US31045,1.2
0500000US31047,3.3
0500000US31049,3.2
0500000US31051,2.3
0500000US31053,2.9
0500000US31055,3.5
0500000US31057,2.2
0500000US31059,1.8
0500000US31061,2.1
0500000US31063,1.6
0500000US31065,2.3
0500000US31067,2.4
0500000US31069,1.4
0500000US31071,2.0
0500000US31073,3.3
0500000US31075,3.2
0500000US31077,1.0
0500000US31079,3.8
0500000US31081,1.4
0500000US31083,1.1
0500000US31085,1.1
0500000US31087,1.7
0500000US31089,0.9
0500000US31091,1.0
0500000US31093,2.3
0500000US31095,2.1
0500000US31097,1.6
0500000US31099,2.5
0500000US31101,2.5
0500000US31103,0.5
0500000US31105,3.3
0500000US31107,2.0
0500000US31109,3.1
0500000US31111,2.0
0500000US31113,0.6
0500000US31115,0.2
0500000US31117,0.0
0500000US31119,2.2
0500000US31121,3.7
0500000US31123,2.3
0500000US31125,2.1
0500000US31127,4.2
0500000US31129,1.9
0500000US31131,2.6
0500000US31133,1.7
0500000US31135,1.2
0500000US31137,0.8
0500000US31139,2.7
0500000US31141,3.3
0500000US31143,2.6
0500000US31145,3.4
0500000US31147,2.9
0500000US31149,1.1
0500000US31151,2.2
0500000US31153,2.7
0500000US31155,2.0
0500000US31157,3.5
0500000US31159,2.3
0500000US31161,1.3
0500000US31163,1.4
0500000US31165,0.0
0500000US31167,2.3
0500000US31169,0.9
0500000US31171,1.3
0500000US31173,9.5
0500000US31175,1.3
0500000US31177,1.0
0500000US31179,1.6
0500000US31181,1.9
0500000US31183,0.4
0500000US31185,0.9
0500000US32001,6.3
0500000US32003,6.2
0500000US32005,4.1
0500000US32007,3.5
0500000US32009,6.2
0500000US32011,2.5
0500000US32013,5.4
0500000US32015,5.5
0500000US32017,4.3
0500000US32019,6.5
0500000US32021,7.2
0500000US32023,6.5
0500000US32027,1.4
0500000US32029,2.2
0500000US32031,5.3
0500000US32033,3.8
0500000US32510,5.6
0500000US33001,3.3
0500000US33003,3.0
0500000US33005,3.3
0500000US33007,3.9
0500000US33009,2.9
0500000US33011,3.6
0500000US33013,3.2
0500000US33015,3.6
0500000US33017,3.8
0500000US33019,2.8
0500000US34001,7.8
0500000US34003,3.8
0500000US34005,5.2
0500000US34007,5.8
0500000US34009,5.4
0500000US34011,5.5
0500000US34013,8.0
0500000US34015,5.5
0500000US34017,5.6
0500000US34019,3.6
0500000US34021,5.6
0500000US34023,4.6
0500000US34025,4.5
0500000US34027,3.8
0500000US34029,4.5
0500000US34031,4.5
0500000US34033,5.8
0500000US34035,3.7
0500000US34037,5.0
0500000US34039,5.8
0500000US34041,5.6
0500000US35001,4.6
0500000US35003,1.4
0500000US35005,4.0
0500000US35006,8.7
0500000US35007,5.7
0500000US35009,5.2
0500000US35011,2.8
0500000US35013,6.4
0500000US35015,3.6
0500000US35017,4.7
0500000US35019,0.1
0500000US35021,2.7
0500000US35023,6.1
0500000US35025,4.1
0500000US35027,3.3
0500000US35028,1.7
0500000US35029,7.0
0500000US35031,7.9
0500000US35033,0.9
0500000US35035,5.5
0500000US35037,1.2
0500000US35039,4.9
0500000US35041,6.3
0500000US35043,5.1
0500000US35045,5.9
0500000US35047,2.0
0500000US35049,4.1
0500000US35051,4.5
0500000US35053,2.7
0500000US35055,5.6
0500000US35057,4.5
0500000US35059,1.4
0500000US35061,5.7
0500000US36001,3.8
0500000US36003,4.6
0500000US36005,7.5
0500000US36007,4.3
0500000US36009,4.4
0500000US36011,4.2
0500000US36013,4.5
0500000US36015,3.2
0500000US36017,4.0
0500000US36019,3.7
0500000US36021,3.4
0500000US36023,3.3
0500000US36025,4.6
0500000US36027,4.9
0500000US36029,3.8
0500000US36031,4.3
0500000US36033,4.5
0500000US36035,4.8
0500000US36037,3.5
0500000US36039,4.0
0500000US36041,4.7
0500000US36043,5.4
0500000US36045,5.1
0500000US36047,5.7
0500000US36049,4.7
0500000US36051,2.9
0500000US36053,2.9
0500000US36055,4.7
0500000US36057,5.0
0500000US36059,3.8
0500000US36061,4.6
0500000US36063,4.4
0500000US36065,4.0
0500000US36067,4.3
0500000US36069,3.5
0500000US36071,4.2
0500000US36073,4.2
0500000US36075,5.4
0500000US36077,4.0
0500000US36079,4.1
0500000US36081,5.0
0500000US36083,4.4
0500000US36085,3.6
0500000US36087,4.6
0500000US36089,5.4
0500000US36091,3.6
0500000US36093,4.7
0500000US36095,5.9
0500000US36097,4.2
0500000US36099,3.0
0500000US36101,4.5
0500000US36103,3.9
0500000US36105,6.0
0500000US36107,4.1
0500000US36109,3.1
0500000US36111,5.3
0500000US36113,3.8
0500000US36115,4.9
0500000US36117,4.4
0500000US36119,4.6
0500000US36121,4.2
0500000US36123,4.4
0500000US37001,4.3
0500000US37003,4.7
0500000US37005,3.4
0500000US37007,8.0
0500000US37009,4.3
0500000US37011,3.7
0500000US37013,5.4
0500000US37015,6.8
0500000US37017,4.5
0500000US37019,5.0
0500000US37021,3.7
0500000US37023,6.1
0500000US37025,5.4
0500000US37027,6.0
0500000US37029,6.7
0500000US37031,5.3
0500000US37033,5.5
0500000US37035,4.9
0500000US37037,4.4
0500000US37039,3.4
0500000US37041,7.2
0500000US37043,5.3
0500000US37045,7.2
0500000US37047,4.2
0500000US37049,5.4
0500000US37051,6.2
0500000US37053,3.9
0500000US37055,4.0
0500000US37057,6.0
0500000US37059,3.8
0500000US37061,6.3
0500000US37063,4.3
0500000US37065,7.1
0500000US37067,5.2
0500000US37069,4.9
0500000US37071,6.0
0500000US37073,5.7
0500000US37075,4.4
0500000US37077,3.8
0500000US37079,5.7
0500000US37081,4.8
0500000US37083,6.0
0500000US37085,5.5
0500000US37087,3.2
0500000US37089,2.6
0500000US37091,6.0
0500000US37093,6.1
0500000US37095,7.9
0500000US37097,5.5
0500000US37099,2.8
0500000US37101,4.9
0500000US37103,6.1
0500000US37105,5.8
0500000US37107,7.4
0500000US37109,5.6
0500000US37111,5.2
0500000US37113,3.0
0500000US37115,4.1
0500000US37117,7.2
0500000US37119,5.6
0500000US37121,3.3
0500000US37123,4.7
0500000US37125,3.9
0500000US37127,5.8
0500000US37129,5.0
0500000US37131,6.1
0500000US37133,5.8
0500000US37135,3.9
0500000US37137,4.4
0500000US37139,4.8
0500000US37141,5.8
0500000US37143,5.7
0500000US37145,7.9
0500000US37147,7.5
0500000US37149,4.2
0500000US37151,4.3
0500000US37153,6.2
0500000US37155,5.6
0500000US37157,5.4
0500000US37159,6.2
0500000US37161,5.3
0500000US37163,5.6
0500000US37165,6.2
0500000US37167,6.3
0500000US37169,4.3
0500000US37171,3.3
0500000US37173,3.7
0500000US37175,3.4
0500000US37177,6.0
0500000US37179,4.6
0500000US37181,6.2
0500000US37183,4.0
0500000US37185,4.6
0500000US37187,8.4
0500000US37189,5.0
0500000US37191,6.8
0500000US37193,5.4
0500000US37195,5.0
0500000US37197,3.8
0500000US37199,4.9
0500000US38001,1.3
0500000US38003,1.8
0500000US38005,3.4
0500000US38007,2.1
0500000US38009,1.5
0500000US38011,1.5
0500000US38013,1.2
0500000US38015,1.6
0500000US38017,2.2
0500000US38019,0.7
0500000US38021,1.8
0500000US38023,1.1
0500000US38025,2.4
0500000US38027,1.4
0500000US38029,1.9
0500000US38031,0.8
0500000US38033,0.3
0500000US38035,2.4
0500000US38037,1.6
0500000US38039,1.0
0500000US38041,1.5
0500000US38043,1.1
0500000US38045,1.1
0500000US38047,1.1
0500000US38049,1.7
0500000US38051,0.7
0500000US38053,2.6
0500000US38055,0.9
0500000US38057,1.7
0500000US38059,1.6
0500000US38061,2.8
0500000US38063,0.5
0500000US38065,1.4
0500000US38067,2.0
0500000US38069,0.9
0500000US38071,0.7
0500000US38073,1.5
0500000US38075,0.6
0500000US38077,1.9
0500000US38079,2.8
0500000US38081,0.6
0500000US38083,2.2
0500000US38085,11.1
0500000US38087,0.0
0500000US38089,2.4
0500000US38091,2.7
0500000US38093,1.7
0500000US38095,3.0
0500000US38097,1.7
0500000US38099,2.2
0500000US38101,1.6
0500000US38103,1.3
0500000US38105,1.5
0500000US39001,5.1
0500000US39003,4.8
0500000US39005,3.5
0500000US39007,4.5
0500000US39009,5.0
0500000US39011,2.7
0500000US39013,4.4
0500000US39015,4.7
0500000US39017,4.0
0500000US39019,3.9
0500000US39021,4.5
0500000US39023,5.4
0500000US39025,3.3
0500000US39027,4.0
0500000US39029,5.0
0500000US39031,3.8
0500000US39033,4.4
0500000US39035,6.2
0500000US39037,3.8
0500000US39039,4.4
0500000US39041,1.9
0500000US39043,4.8
0500000US39045,3.8
0500000US39047,4.1
0500000US39049,4.4
0500000US39051,4.1
0500000US39053,3.7
0500000US39055,2.6
0500000US39057,4.0
0500000US39059,5.4
0500000US39061,5.2
0500000US39063,3.6
0500000US39065,5.0
0500000US39067,2.5
0500000US39069,3.4
0500000US39071,5.4
0500000US39073,5.4
0500000US39075,2.2
0500000US39077,4.3
0500000US39079,6.5
0500000US39081,4.4
0500000US39083,3.7
0500000US39085,3.5
0500000US39087,4.1
0500000US39089,4.3
0500000US39091,3.7
0500000US39093,5.1
0500000US39095,6.0
0500000US39097,3.6
0500000US39099,5.3
0500000US39101,4.2
0500000US39103,2.8
0500000US39105,5.9
0500000US39107,3.2
0500000US39109,4.1
0500000US39111,3.2
0500000US39113,5.4
0500000US39115,4.2
0500000US39117,3.4
0500000US39119,4.5
0500000US39121,2.4
0500000US39123,3.2
0500000US39125,3.8
0500000US39127,5.5
0500000US39129,3.5
0500000US39131,5.6
0500000US39133,5.2
0500000US39135,4.2
0500000US39137,2.0
0500000US39139,4.6
0500000US39141,5.3
0500000US39143,4.0
0500000US39145,4.4
0500000US39147,4.2
0500000US39149,3.9
0500000US39151,4.8
0500000US39153,4.7
0500000US39155,3.9
0500000US39157,3.6
0500000US39159,2.4
0500000US39161,3.7
0500000US39163,6.0
0500000US39165,3.3
0500000US39167,2.6
0500000US39169,2.7
0500000US39171,3.6
0500000US39173,4.2
0500000US39175,3.6
0500000US40001,3.1
0500000US40003,2.0
0500000US40005,4.0
0500000US40007,1.9
0500000US40009,1.8
0500000US40011,1.2
0500000US40013,4.1
0500000US40015,4.5
0500000US40017,2.9
0500000US40019,3.6
0500000US40021,4.1
0500000US40023,4.3
0500000US40025,1.2
0500000US40027,3.2
0500000US40029,4.9
0500000US40031,5.0
0500000US40033,5.5
0500000US40035,2.8
0500000US40037,2.7
0500000US40039,2.3
0500000US40041,4.2
0500000US40043,1.5
0500000US40045,3.2
0500000US40047,3.0
0500000US40049,2.1
0500000US40051,2.5
0500000US40053,2.3
0500000US40055,2.9
0500000US40057,5.2
0500000US40059,1.2
0500000US40061,4.2
0500000US40063,3.4
0500000US40065,3.2
0500000US40067,3.7
0500000US40069,3.5
0500000US40071,4.4
0500000US40073,2.4
0500000US40075,3.4
0500000US40077,4.3
0500000US40079,4.1
0500000US40081,3.5
0500000US40083,3.5
0500000US40085,2.1
0500000US40087,2.5
0500000US40089,3.4
0500000US40091,4.9
0500000US40093,3.6
0500000US40095,3.0
0500000US40097,3.6
0500000US40099,1.8
0500000US40101,4.1
0500000US40103,2.9
0500000US40105,4.4
0500000US40107,4.7
0500000US40109,3.6
0500000US40111,5.7
0500000US40113,3.7
0500000US40115,4.5
0500000US40117,3.3
0500000US40119,3.3
0500000US40121,3.2
0500000US40123,3.7
0500000US40125,4.0
0500000US40127,4.9
0500000US40129,0.9
0500000US40131,3.3
0500000US40133,4.1
0500000US40135,4.6
0500000US40137,3.8
0500000US40139,2.1
0500000US40141,3.1
0500000US40143,4.2
0500000US40145,4.0
0500000US40147,2.9
0500000US40149,1.7
0500000US40151,1.6
0500000US40153,2.6
0500000US41001,4.6
0500000US41003,4.6
0500000US41005,4.3
0500000US41007,4.0
0500000US41009,4.9
0500000US41011,5.4
0500000US41013,6.0
0500000US41015,4.9
0500000US41017,4.3
0500000US41019,5.5
0500000US41021,5.6
0500000US41023,3.9
0500000US41025,8.2
0500000US41027,3.1
0500000US41029,5.1
0500000US41031,7.1
0500000US41033,5.1
0500000US41035,6.1
0500000US41037,4.3
0500000US41039,5.2
0500000US41041,3.4
0500000US41043,5.7
0500000US41045,4.8
0500000US41047,5.6
0500000US41049,3.6
0500000US41051,5.3
0500000US41053,5.9
0500000US41055,4.1
0500000US41057,3.7
0500000US41059,5.4
0500000US41061,3.8
0500000US41063,4.2
0500000US41065,4.2
0500000US41067,4.5
0500000US41069,4.9
0500000US41071,4.9
0500000US42001,3.5
0500000US42003,4.1
0500000US42005,4.4
0500000US42007,3.8
0500000US42009,3.7
0500000US42011,5.4
0500000US42013,3.4
0500000US42015,3.1
0500000US42017,4.2
0500000US42019,3.3
0500000US42021,4.6
0500000US42023,2.7
0500000US42025,4.8
0500000US42027,2.8
0500000US42029,3.7
0500000US42031,4.0
0500000US42033,4.4
0500000US42035,3.8
0500000US42037,3.0
0500000US42039,3.9
0500000US42041,3.3
0500000US42043,4.0
0500000US42045,4.9
0500000US42047,3.1
0500000US42049,4.3
0500000US42051,4.1
0500000US42053,0.7
0500000US42055,4.0
0500000US42057,3.6
0500000US42059,3.5
0500000US42061,3.8
0500000US42063,4.4
0500000US42065,3.0
0500000US42067,3.2
0500000US42069,3.9
0500000US42071,3.6
0500000US42073,3.8
0500000US42075,4.2
0500000US42077,5.1
0500000US42079,4.6
0500000US42081,4.5
0500000US42083,4.4
0500000US42085,3.5
0500000US42087,3.0
0500000US42089,6.5
0500000US42091,4.0
0500000US42093,3.2
0500000US42095,4.3
0500000US42097,3.9
0500000US42099,3.4
0500000US42101,7.5
0500000US42103,5.7
0500000US42105,3.1
0500000US42107,4.6
0500000US42109,2.8
0500000US42111,3.7
0500000US42113,4.6
0500000US42115,4.3
0500000US42117,3.9
0500000US42119,2.5
0500000US42121,4.6
0500000US42123,3.3
0500000US42125,3.8
0500000US42127,3.9
0500000US42129,3.2
0500000US42131,4.3
0500000US42133,4.1
0500000US44001,3.2
0500000US44003,5.0
0500000US44005,4.1
0500000US44007,5.4
0500000US44009,4.3
0500000US45001,4.9
0500000US45003,5.9
0500000US45005,7.6
0500000US45007,4.8
0500000US45009,4.7
0500000US45011,5.8
0500000US45013,3.6
0500000US45015,5.0
0500000US45017,4.8
0500000US45019,4.4
0500000US45021,4.6
0500000US45023,6.4
0500000US45025,5.3
0500000US45027,7.4
0500000US45029,5.8
0500000US45031,9.0
0500000US45033,5.0
0500000US45035,4.3
0500000US45037,3.6
0500000US45039,5.6
0500000US45041,6.3
0500000US45043,4.9
0500000US45045,4.1
0500000US45047,6.7
0500000US45049,5.1
0500000US45051,4.7
0500000US45053,6.2
0500000US45055,4.8
0500000US45057,5.6
0500000US45059,5.2
0500000US45061,5.5
0500000US45063,4.5
0500000US45065,5.3
0500000US45067,6.6
0500000US45069,7.8
0500000US45071,5.0
0500000US45073,4.5
0500000US45075,6.1
0500000US45077,4.5
0500000US45079,5.4
0500000US45081,4.3
0500000US45083,4.6
0500000US45085,7.1
0500000US45087,5.5
0500000US45089,5.1
0500000US45091,5.2
0500000US46003,1.2
0500000US46005,1.9
0500000US46007,9.5
0500000US46009,0.4
0500000US46011,2.5
0500000US46013,1.5
0500000US46015,1.6
0500000US46017,7.7
0500000US46019,1.2
0500000US46021,0.6
0500000US46023,3.2
0500000US46025,2.4
0500000US46027,4.2
0500000US46029,2.1
0500000US46031,18.7
0500000US46033,2.6
0500000US46035,2.7
0500000US46037,1.2
0500000US46039,1.4
0500000US46041,16.5
0500000US46043,0.2
0500000US46045,1.3
0500000US46047,1.6
0500000US46049,0.4
0500000US46051,2.1
0500000US46053,1.0
0500000US46055,1.7
0500000US46057,1.5
0500000US46059,1.2
0500000US46061,0.2
0500000US46063,0.9
0500000US46065,1.6
0500000US46067,3.4
0500000US46069,1.4
0500000US46071,9.5
0500000US46073,0.4
0500000US46075,1.6
0500000US46077,1.4
0500000US46079,2.6
0500000US46081,2.1
0500000US46083,1.4
0500000US46085,4.5
0500000US46087,1.6
0500000US46089,3.4
0500000US46091,1.3
0500000US46093,1.0
0500000US46095,5.0
0500000US46097,2.8
0500000US46099,2.7
0500000US46101,4.9
0500000US46102,13.1
0500000US46103,3.2
0500000US46105,2.5
0500000US46107,0.5
0500000US46109,4.5
0500000US46111,2.0
0500000US46115,0.9
0500000US46117,1.0
0500000US46119,0.4
0500000US46121,12.1
0500000US46123,0.4
0500000US46125,1.5
0500000US46127,1.8
0500000US46129,2.2
0500000US46135,1.8
0500000US46137,18.8
0500000US47001,4.1
0500000US47003,3.8
0500000US47005,5.4
0500000US47007,4.3
0500000US47009,3.9
0500000US47011,5.6
0500000US47013,4.3
0500000US47015,5.7
0500000US47017,4.5
0500000US47019,3.7
0500000US47021,4.2
0500000US47023,6.3
0500000US47025,4.1
0500000US47027,3.6
0500000US47029,5.4
0500000US47031,4.1
0500000US47033,3.8
0500000US47035,4.1
0500000US47037,4.3
0500000US47039,4.4
0500000US47041,3.7
0500000US47043,3.3
0500000US47045,4.8
0500000US47047,4.9
0500000US47049,4.1
0500000US47051,4.7
0500000US47053,4.6
0500000US47055,3.9
0500000US47057,4.3
0500000US47059,4.3
0500000US47061,5.1
0500000US47063,4.8
0500000US47065,4.3
0500000US47067,5.9
0500000US47069,8.5
0500000US47071,6.4
0500000US47073,4.6
0500000US47075,4.0
0500000US47077,5.2
0500000US47079,4.2
0500000US47081,4.0
0500000US47083,3.7
0500000US47085,4.2
0500000US47087,4.9
0500000US47089,4.5
0500000US47091,2.7
0500000US47093,4.0
0500000US47095,3.8
0500000US47097,5.4
0500000US47099,4.8
0500000US47101,2.6
0500000US47103,4.3
0500000US47105,3.8
0500000US47107,4.5
0500000US47109,7.5
0500000US47111,3.9
0500000US47113,4.3
0500000US47115,3.5
0500000US47117,5.1
0500000US47119,4.4
0500000US47121,5.9
0500000US47123,5.8
0500000US47125,4.7
0500000US47127,3.3
0500000US47129,3.6
0500000US47131,6.0
0500000US47133,3.8
0500000US47135,3.3
0500000US47137,3.1
0500000US47139,4.7
0500000US47141,4.3
0500000US47143,4.6
0500000US47145,4.8
0500000US47147,4.9
0500000US47149,4.3
0500000US47151,7.1
0500000US47153,4.8
0500000US47155,4.0
0500000US47157,6.1
0500000US47159,2.4
0500000US47161,4.3
0500000US47163,4.3
0500000US47165,3.5
0500000US47167,5.9
0500000US47169,4.8
0500000US47171,5.9
0500000US47173,4.4
0500000US47175,6.2
0500000US47177,4.5
0500000US47179,3.4
0500000US47181,3.9
0500000US47183,5.6
0500000US47185,5.3
0500000US47187,2.6
0500000US47189,3.5
0500000US48001,1.9
0500000US48003,3.5
0500000US48005,4.8
0500000US48007,3.9
0500000US48009,2.1
0500000US48011,1.0
0500000US48013,4.4
0500000US48015,3.6
0500000US48017,1.3
0500000US48019,2.1
0500000US48021,5.1
0500000US48023,0.7
0500000US48025,2.5
0500000US48027,5.0
0500000US48029,4.3
0500000US48031,3.4
0500000US48033,0.6
0500000US48035,3.4
0500000US48037,4.3
0500000US48039,3.3
0500000US48041,3.6
0500000US48043,4.4
0500000US48045,3.5
0500000US48047,6.9
0500000US48049,2.2
0500000US48051,3.5
0500000US48053,2.6
0500000US48055,2.6
0500000US48057,3.9
0500000US48059,1.9
0500000US48061,5.2
0500000US48063,3.8
0500000US48065,1.4
0500000US48067,4.8
0500000US48069,2.9
0500000US48071,3.8
0500000US48073,3.2
0500000US48075,2.9
0500000US48077,3.9
0500000US48079,4.1
0500000US48081,2.6
0500000US48083,3.1
0500000US48085,3.2
0500000US48087,3.0
0500000US48089,1.9
0500000US48091,2.7
0500000US48093,2.7
0500000US48095,0.6
0500000US48097,4.2
0500000US48099,4.0
0500000US48101,6.9
0500000US48103,2.0
0500000US48105,1.6
0500000US48107,5.8
0500000US48109,2.8
0500000US48111,3.5
0500000US48113,4.6
0500000US48115,3.7
0500000US48117,3.2
0500000US48119,4.8
0500000US48121,3.7
0500000US48123,3.4
0500000US48125,5.4
0500000US48127,7.3
0500000US48129,2.6
0500000US48131,5.9
0500000US48133,2.4
0500000US48135,4.4
0500000US48137,2.3
0500000US48139,3.7
0500000US48141,4.6
0500000US48143,2.5
0500000US48145,2.8
0500000US48147,3.3
0500000US48149,0.9
0500000US48151,3.9
0500000US48153,4.4
0500000US48155,5.1
0500000US48157,3.6
0500000US48159,3.8
0500000US48161,2.8
0500000US48163,3.5
0500000US48165,2.8
0500000US48167,4.6
0500000US48169,1.2
0500000US48171,3.3
0500000US48173,1.6
0500000US48175,5.2
0500000US48177,3.9
0500000US48179,3.0
0500000US48181,4.6
0500000US48183,3.5
0500000US48185,3.0
0500000US48187,3.3
0500000US48189,3.8
0500000US48191,4.6
0500000US48193,2.6
0500000US48195,1.6
0500000US48197,3.1
0500000US48199,2.8
0500000US48201,4.8
0500000US48203,4.9
0500000US48205,0.7
0500000US48207,4.7
0500000US48209,4.1
0500000US48211,3.0
0500000US48213,3.6
0500000US48215,5.2
0500000US48217,5.1
0500000US48219,4.6
0500000US48221,1.7
0500000US48223,3.5
0500000US48225,2.2
0500000US48227,3.5
0500000US48229,2.4
0500000US48231,5.7
0500000US48233,2.9
0500000US48235,2.1
0500000US48237,2.2
0500000US48239,3.1
0500000US48241,5.3
0500000US48243,2.5
0500000US48245,4.2
0500000US48247,9.0
0500000US48249,3.6
0500000US48251,3.9
0500000US48253,1.2
0500000US48255,1.8
0500000US48257,4.6
0500000US48259,2.8
0500000US48261,0.0
0500000US48263,1.3
0500000US48265,4.4
0500000US48267,3.6
0500000US48269,3.1
0500000US48271,6.8
0500000US48273,6.6
0500000US48275,2.9
0500000US48277,4.0
0500000US48279,2.8
0500000US48281,4.6
0500000US48283,3.9
0500000US48285,2.1
0500000US48287,3.6
0500000US48289,4.1
0500000US48291,4.7
0500000US48293,5.0
0500000US48295,3.7
0500000US48297,1.5
0500000US48299,3.5
0500000US48301,0.0
0500000US48303,3.5
0500000US48305,6.7
0500000US48307,2.4
0500000US48309,3.4
0500000US48311,9.5
0500000US48313,1.5
0500000US48315,4.3
0500000US48317,2.1
0500000US48319,2.9
0500000US48321,3.7
0500000US48323,7.3
0500000US48325,3.4
0500000US48327,4.5
0500000US48329,2.6
0500000US48331,5.2
0500000US48333,2.1
0500000US48335,2.6
0500000US48337,3.4
0500000US48339,3.5
0500000US48341,2.7
0500000US48343,7.0
0500000US48345,5.9
0500000US48347,5.3
0500000US48349,6.2
0500000US48351,6.4
0500000US48353,3.7
0500000US48355,3.9
0500000US48357,3.2
0500000US48359,2.8
0500000US48361,4.5
0500000US48363,3.9
0500000US48365,2.7
0500000US48367,3.5
0500000US48369,1.9
0500000US48371,2.1
0500000US48373,4.6
0500000US48375,2.8
0500000US48377,4.7
0500000US48379,3.5
0500000US48381,2.4
0500000US48383,2.8
0500000US48385,2.9
0500000US48387,3.5
0500000US48389,3.6
0500000US48391,4.2
0500000US48393,1.6
0500000US48395,4.7
0500000US48397,3.7
0500000US48399,2.5
0500000US48401,3.1
0500000US48403,3.2
0500000US48405,5.3
0500000US48407,3.9
0500000US48409,3.2
0500000US48411,1.9
0500000US48413,3.1
0500000US48415,2.4
0500000US48417,3.0
0500000US48419,5.1
0500000US48421,0.7
0500000US48423,4.0
0500000US48425,2.0
0500000US48427,7.9
0500000US48429,3.1
0500000US48431,0.9
0500000US48433,4.0
0500000US48435,4.2
0500000US48437,2.5
0500000US48439,4.1
0500000US48441,3.4
0500000US48443,2.7
0500000US48445,3.6
0500000US48447,1.7
0500000US48449,4.1
0500000US48451,2.3
0500000US48453,3.7
0500000US48455,4.6
0500000US48457,4.5
0500000US48459,4.4
0500000US48461,2.5
0500000US48463,3.8
0500000US48465,4.6
0500000US48467,3.3
0500000US48469,3.5
0500000US48471,1.6
0500000US48473,5.5
0500000US48475,3.0
0500000US48477,2.7
0500000US48479,3.4
0500000US48481,3.5
0500000US48483,3.4
0500000US48485,2.9
0500000US48487,4.0
0500000US48489,5.5
0500000US48491,3.7
0500000US48493,3.8
0500000US48495,2.5
0500000US48497,4.0
0500000US48499,4.5
0500000US48501,6.2
0500000US48503,2.5
0500000US48505,7.6
0500000US48507,6.5
0500000US49001,2.3
0500000US49003,3.8
0500000US49005,3.1
0500000US49007,4.7
0500000US49009,2.4
0500000US49011,2.5
0500000US49013,3.6
0500000US49015,2.5
0500000US49017,3.5
0500000US49019,5.0
0500000US49021,5.0
0500000US49023,2.7
0500000US49025,3.8
0500000US49027,2.5
0500000US49029,2.3
0500000US49031,1.6
0500000US49033,2.6
0500000US49035,3.6
0500000US49037,4.2
0500000US49039,4.2
0500000US49041,3.2
0500000US49043,2.3
0500000US49045,4.8
0500000US49047,3.5
0500000US49049,3.3
0500000US49051,2.5
0500000US49053,3.5
0500000US49055,1.2
0500000US49057,3.5
0500000US50001,3.3
0500000US50003,3.4
0500000US50005,3.9
0500000US50007,3.2
0500000US50009,4.1
0500000US50011,3.5
0500000US50013,4.1
0500000US50015,2.7
0500000US50017,2.9
0500000US50019,3.0
0500000US50021,3.5
0500000US50023,3.1
0500000US50025,3.9
0500000US50027,2.9
0500000US51001,4.0
0500000US51003,2.0
0500000US51005,2.3
0500000US51007,2.4
0500000US51009,3.2
0500000US51011,2.5
0500000US51013,2.6
0500000US51015,2.9
0500000US51017,5.6
0500000US51019,2.9
0500000US51021,3.2
0500000US51023,2.5
0500000US51025,3.4
0500000US51027,3.7
0500000US51029,4.5
0500000US51031,2.6
0500000US51033,4.3
0500000US51035,2.9
0500000US51036,4.3
0500000US51037,3.8
0500000US51041,4.4
0500000US51043,3.0
0500000US51045,2.8
0500000US51047,4.1
0500000US51049,5.4
0500000US51051,3.1
0500000US51053,5.8
0500000US51057,3.9
0500000US51059,3.3
0500000US51061,2.7
0500000US51063,4.2
0500000US51065,3.2
0500000US51067,3.7
0500000US51069,3.4
0500000US51071,2.7
0500000US51073,2.5
0500000US51075,3.1
0500000US51077,3.7
0500000US51079,5.1
0500000US51081,2.9
0500000US51083,2.9
0500000US51085,2.6
0500000US51087,4.4
0500000US51089,5.0
0500000US51091,0.7
0500000US51093,5.2
0500000US51095,2.8
0500000US51097,3.4
0500000US51099,4.4
0500000US51101,2.6
0500000US51103,2.7
0500000US51105,5.3
0500000US51107,3.0
0500000US51109,5.0
0500000US51111,2.9
0500000US51113,3.1
0500000US51115,1.1
0500000US51117,3.2
0500000US51119,2.6
0500000US51121,2.7
0500000US51125,2.2
0500000US51127,3.2
0500000US51131,3.6
0500000US51133,3.8
0500000US51135,4.0
0500000US51137,4.7
0500000US51139,5.1
0500000US51141,4.0
0500000US51143,3.8
0500000US51145,2.7
0500000US51147,3.3
0500000US51149,4.9
0500000US51153,3.9
0500000US51155,3.9
0500000US51157,1.4
0500000US51159,2.8
0500000US51161,3.0
0500000US51163,2.7
0500000US51165,3.3
0500000US51167,3.2
0500000US51169,3.8
0500000US51171,3.4
0500000US51173,3.9
0500000US51175,3.2
0500000US51177,3.8
0500000US51179,3.2
0500000US51181,5.0
0500000US51183,1.9
0500000US51185,4.1
0500000US51187,4.2
0500000US51191,3.7
0500000US51193,3.7
0500000US51195,4.8
0500000US51197,4.3
0500000US51199,3.7
0500000US51510,3.1
0500000US51520,5.1
0500000US51530,3.5
0500000US51540,2.5
0500000US51550,4.0
0500000US51570,5.1
0500000US51580,2.7
0500000US51590,6.6
0500000US51595,10.2
0500000US51600,3.8
0500000US51610,4.1
0500000US51620,9.1
0500000US51630,4.9
0500000US51640,3.7
0500000US51650,5.4
0500000US51660,3.5
0500000US51670,6.6
0500000US51678,1.4
0500000US51680,4.2
0500000US51683,4.5
0500000US51685,3.3
0500000US51690,5.5
0500000US51700,5.2
0500000US51710,5.5
0500000US51720,8.4
0500000US51730,7.9
0500000US51735,2.1
0500000US51740,6.7
0500000US51750,4.7
0500000US51760,5.9
0500000US51770,4.7
0500000US51775,3.1
0500000US51790,3.0
0500000US51800,4.7
0500000US51810,3.7
0500000US51820,3.2
0500000US51830,4.5
0500000US51840,3.2
0500000US53001,3.9
0500000US53003,4.8
0500000US53005,4.1
0500000US53007,4.2
0500000US53009,4.6
0500000US53011,4.6
0500000US53013,4.7
0500000US53015,5.4
0500000US53017,3.2
0500000US53019,4.2
0500000US53021,4.4
0500000US53023,2.4
0500000US53025,5.6
0500000US53027,6.3
0500000US53029,4.0
0500000US53031,3.4
0500000US53033,3.8
0500000US53035,3.9
0500000US53037,4.0
0500000US53039,2.6
0500000US53041,5.2
0500000US53043,2.1
0500000US53045,5.4
0500000US53047,4.5
0500000US53049,3.4
0500000US53051,4.0
0500000US53053,4.9
0500000US53055,2.9
0500000US53057,4.3
0500000US53059,4.3
0500000US53061,4.1
0500000US53063,4.3
0500000US53065,4.5
0500000US53067,5.1
0500000US53069,2.7
0500000US53071,3.7
0500000US53073,4.8
0500000US53075,5.2
0500000US53077,5.2
0500000US54001,4.1
0500000US54003,5.8
0500000US54005,4.0
0500000US54007,7.6
0500000US54009,2.3
0500000US54011,3.6
0500000US54013,7.9
0500000US54015,4.6
0500000US54017,2.7
0500000US54019,4.1
0500000US54021,4.3
0500000US54023,3.2
0500000US54025,4.0
0500000US54027,3.8
0500000US54029,3.9
0500000US54031,4.0
0500000US54033,4.2
0500000US54035,2.7
0500000US54037,5.0
0500000US54039,3.7
0500000US54041,3.7
0500000US54043,3.3
0500000US54045,5.5
0500000US54047,3.7
0500000US54049,3.4
0500000US54051,3.2
0500000US54053,4.7
0500000US54055,3.1
0500000US54057,4.1
0500000US54059,7.0
0500000US54061,3.6
0500000US54063,4.6
0500000US54065,7.0
0500000US54067,3.9
0500000US54069,3.2
0500000US54071,2.0
0500000US54073,4.2
0500000US54075,3.0
0500000US54077,4.1
0500000US54079,1.8
0500000US54081,3.8
0500000US54083,3.9
0500000US54085,4.2
0500000US54087,4.6
0500000US54089,5.0
0500000US54091,5.0
0500000US54093,4.5
0500000US54095,4.1
0500000US54097,4.1
0500000US54099,4.5
0500000US54101,5.1
0500000US54103,3.9
0500000US54105,2.7
0500000US54107,4.3
0500000US54109,4.8
0500000US55001,4.4
0500000US55003,4.5
0500000US55005,3.4
0500000US55007,3.9
0500000US55009,3.7
0500000US55011,2.5
0500000US55013,3.4
0500000US55015,1.9
0500000US55017,2.7
0500000US55019,2.7
0500000US55021,2.9
0500000US55023,3.2
0500000US55025,3.2
0500000US55027,3.1
0500000US55029,3.4
0500000US55031,4.1
0500000US55033,3.6
0500000US55035,3.4
0500000US55037,4.2
0500000US55039,3.1
0500000US55041,5.2
0500000US55043,2.8
0500000US55045,2.1
0500000US55047,3.1
0500000US55049,2.9
0500000US55051,3.9
0500000US55053,3.3
0500000US55055,3.2
0500000US55057,3.4
0500000US55059,5.8
0500000US55061,3.1
0500000US55063,3.3
0500000US55065,2.1
0500000US55067,4.3
0500000US55069,3.1
0500000US55071,3.2
0500000US55073,3.3
0500000US55075,3.9
0500000US55077,3.7
0500000US55078,5.8
0500000US55079,5.3
0500000US55081,3.9
0500000US55083,3.3
0500000US55085,2.9
0500000US55087,2.6
0500000US55089,2.4
0500000US55091,2.7
0500000US55093,2.0
0500000US55095,3.7
0500000US55097,4.2
0500000US55099,2.3
0500000US55101,4.8
0500000US55103,2.2
0500000US55105,4.8
0500000US55107,2.9
0500000US55109,3.0
0500000US55111,3.3
0500000US55113,4.3
0500000US55115,2.9
0500000US55117,3.4
0500000US55119,2.9
0500000US55121,2.2
0500000US55123,2.1
0500000US55125,4.1
0500000US55127,4.3
0500000US55129,3.0
0500000US55131,2.9
0500000US55133,2.5
0500000US55135,2.9
0500000US55137,3.5
0500000US55139,2.9
0500000US55141,3.7
0500000US56001,3.1
0500000US56003,1.9
0500000US56005,3.5
0500000US56007,2.7
0500000US56009,3.7
0500000US56011,2.9
0500000US56013,4.7
0500000US56015,4.1
0500000US56017,2.1
0500000US56019,3.0
0500000US56021,3.6
0500000US56023,3.8
0500000US56025,3.4
0500000US56027,0.2
0500000US56029,2.5
0500000US56031,2.3
0500000US56033,2.4
0500000US56035,2.0
0500000US56037,3.7
0500000US56039,1.7
0500000US56041,4.2
0500000US56043,4.6
0500000US56045,2.1
0500000US72001,15.1
0500000US72003,9.5
0500000US72005,8.8
0500000US72007,9.9
0500000US72009,1.9
0500000US72011,6.8
0500000US72013,6.8
0500000US72015,7.5
0500000US72017,5.8
0500000US72019,2.7
0500000US72021,7.7
0500000US72023,3.9
0500000US72025,7.9
0500000US72027,8.0
0500000US72029,11.3
0500000US72031,7.8
0500000US72033,15.6
0500000US72035,5.6
0500000US72037,4.4
0500000US72039,4.0
0500000US72041,8.1
0500000US72043,4.2
0500000US72045,8.4
0500000US72047,10.7
0500000US72049,2.1
0500000US72051,10.3
0500000US72053,13.7
0500000US72054,6.1
0500000US72055,11.0
0500000US72057,4.6
0500000US72059,8.1
0500000US72061,6.3
0500000US72063,8.3
0500000US72065,4.3
0500000US72067,9.9
0500000US72069,5.0
0500000US72071,7.4
0500000US72073,9.8
0500000US72075,9.6
0500000US72077,12.7
0500000US72079,5.2
0500000US72081,15.2
0500000US72083,1.0
0500000US72085,8.8
0500000US72087,13.0
0500000US72089,13.4
0500000US72091,6.8
0500000US72093,4.0
0500000US72095,8.1
0500000US72097,9.5
0500000US72099,9.2
0500000US72101,9.0
0500000US72103,4.5
0500000US72105,9.2
0500000US72107,10.6
0500000US72109,9.5
0500000US72111,10.0
0500000US72113,6.8
0500000US72115,6.2
0500000US72117,6.1
0500000US72119,12.0
0500000US72121,7.8
0500000US72123,4.2
0500000US72125,2.6
0500000US72127,7.9
0500000US72129,5.8
0500000US72131,11.2
0500000US72133,5.0
0500000US72135,8.0
0500000US72137,9.9
0500000US72139,4.2
0500000US72141,11.0
0500000US72143,8.5
0500000US72145,6.5
0500000US72147,5.7
0500000US72149,12.0
0500000US72151,9.0
0500000US72153,9.1