GEO_ID,Pop,Urban
0500000US01001,24350,14359
0500000US01003,124148,83408
0500000US01005,11618,4080
0500000US01007,9002,0
0500000US01009,24622,2285
0500000US01011,4516,0
0500000US01013,9806,2890
0500000US01015,53052,34203
0500000US01017,16373,7985
0500000US01019,14513,0
0500000US01021,19438,2891
0500000US01023,7104,0
0500000US01025,11655,0
0500000US01027,7035,0
0500000US01029,6801,0
0500000US01031,24105,12323
0500000US01033,27666,16432
0500000US01035,6382,0
0500000US01037,5999,0
0500000US01039,18596,5846
0500000US01041,6516,0
0500000US01043,39145,9500
0500000US01045,22761,11233
0500000US01047,18880,10472
0500000US01049,30584,3335
0500000US01051,36818,10544
0500000US01053,16684,6211
0500000US01055,47306,27895
0500000US01057,7760,0
0500000US01059,13912,3847
0500000US01061,12452,55
0500000US01063,4205,0
0500000US01065,7399,0
0500000US01067,9058,0
0500000US01069,49282,33017
0500000US01071,24627,6394
0500000US01073,307927,274337
0500000US01075,7071,0
0500000US01077,44585,22010
0500000US01079,15225,1
0500000US01081,74856,55786
0500000US01083,42692,20749
0500000US01085,4779,0
0500000US01087,9604,4332
0500000US01089,169820,142378
0500000US01091,9777,2986
0500000US01093,14073,0
0500000US01095,41245,18525
0500000US01097,184441,145122
0500000US01099,10127,2229
0500000US01101,105293,93042
0500000US01103,53265,33042
0500000US01105,3933,0
0500000US01107,8646,0
0500000US01109,15977,6857
0500000US01111,12400,0
0500000US01113,27253,16712
0500000US01115,37775,12643
0500000US01117,89060,67495
0500000US01119,6279,0
0500000US01121,37948,15825
0500000US01123,22686,4428
0500000US01125,101460,71635
0500000US01127,29975,5781
0500000US01129,7712,0
0500000US01131,5261,0
0500000US01133,13015,0
0500000US02013,679,0
0500000US02016,1331,0
0500000US02020,118640,113189
0500000US02050,5984,1756
0500000US02060,857,0
0500000US02063,3565,0
0500000US02066,2769,0
0500000US02068,1606,0
0500000US02070,2405,0
0500000US02090,42659,30180
0500000US02100,1370,0
0500000US02105,1777,0
0500000US02110,14093,10960
0500000US02122,32622,6210
0500000US02130,6614,5458
0500000US02150,5825,3798
0500000US02158,2342,0
0500000US02164,1469,0
0500000US02170,51077,20504
0500000US02180,4095,0
0500000US02185,2619,0
0500000US02188,2717,0
0500000US02195,1718,0
0500000US02198,3227,0
0500000US02220,4139,3663
0500000US02230,760,0
0500000US02240,3513,0
0500000US02275,1273,0
0500000US02282,441,0
0500000US02290,4014,0
0500000US04001,28723,0
0500000US04003,58648,36374
0500000US04005,69108,42035
0500000US04007,32373,16296
0500000US04009,13704,7461
0500000US04011,4389,0
0500000US04012,13457,7758
0500000US04013,1812827,1775122
0500000US04015,117650,89596
0500000US04017,56180,28263
0500000US04019,470132,433044
0500000US04021,172878,136244
0500000US04023,18729,7334
0500000US04025,121154,81245
0500000US04027,92048,80314
0500000US05001,8671,4049
0500000US05003,9371,3550
0500000US05005,22699,9114
0500000US05007,113088,85069
0500000US05009,17368,6799
0500000US05011,5073,2590
0500000US05013,2444,0
0500000US05015,13853,2008
0500000US05017,5104,0
0500000US05019,9977,4205
0500000US05021,7470,0
0500000US05023,15527,3841
0500000US05025,3570,0
0500000US05027,10999,4483
0500000US05029,9646,3020
0500000US05031,46739,31507
0500000US05033,25300,12438
0500000US05035,21291,16980
0500000US05037,7585,3383
0500000US05039,3468,0
0500000US05041,5795,2143
0500000US05043,8259,3906
0500000US05045,51685,29045
0500000US05047,7716,0
0500000US05049,6185,0
0500000US05051,52326,36496
0500000US05053,7839,2116
0500000US05055,19159,10612
0500000US05057,9601,4095
0500000US05059,14179,4235
0500000US05061,6152,0
0500000US05063,16667,4724
0500000US05065,6721,0
0500000US05067,7079,2933
0500000US05069,30573,21423
0500000US05071,11475,3324
0500000US05073,3916,0
0500000US05075,7489,2986
0500000US05077,3695,0
0500000US05079,4366,0
0500000US05081,6043,0
0500000US05083,9744,0
0500000US05085,30112,14129
0500000US05087,7611,0
0500000US05089,9461,0
0500000US05091,19779,11920
0500000US05093,19075,10808
0500000US05095,3828,0
0500000US05097,5435,0
0500000US05099,4298,0
0500000US05101,4086,0
0500000US05103,11837,5192
0500000US05105,4933,0
0500000US05107,8315,4394
0500000US05109,5289,0
0500000US05111,10327,3143
0500000US05113,9612,2789
0500000US05115,26902,11670
0500000US05117,4071,0
0500000US05119,190511,170591
0500000US05121,8562,3141
0500000US05123,9565,4074
0500000US05125,51879,33661
0500000US05127,4851,0
0500000US05129,4705,0
0500000US05131,56749,45973
0500000US05133,6741,2163
0500000US05135,9499,0
0500000US05137,6784,0
0500000US05139,18599,8867
0500000US05141,9668,0
0500000US05143,100508,76566
0500000US05145,33270,14627
0500000US05147,3250,0
0500000US05149,9246,1649
0500000US06001,621958,619000
0500000US06003,1540,0
0500000US06005,18805,5922
0500000US06007,90133,70214
0500000US06009,27422,3212
0500000US06011,8099,4444
0500000US06013,423342,419352
0500000US06015,11090,6674
0500000US06017,93467,58972
0500000US06019,338441,298380
0500000US06021,10895,6354
0500000US06023,62120,41462
0500000US06025,56625,46189
0500000US06027,9469,5104
0500000US06029,301009,256001
0500000US06031,46287,40682
0500000US06033,34220,21186
0500000US06035,12216,4233
0500000US06037,3591981,3560637
0500000US06039,49572,27184
0500000US06041,111564,102961
0500000US06043,9760,0
0500000US06045,41370,19826
0500000US06047,87783,72061
0500000US06049,4752,0
0500000US06051,13589,9174
0500000US06053,143631,122019
0500000US06055,55448,45669
0500000US06057,53627,30546
0500000US06059,1129785,1126788
0500000US06061,172356,141277
0500000US06063,15396,0
0500000US06065,848549,799271
0500000US06067,587551,573442
0500000US06069,20365,15163
0500000US06071,731899,676888
0500000US06073,1228505,1179567
0500000US06075,406628,406628
0500000US06077,251453,230352
0500000US06079,123715,101621
0500000US06081,283693,278229
0500000US06083,158279,148101
0500000US06085,688035,679009
0500000US06087,106345,91248
0500000US06089,79380,51389
0500000US06091,2127,19
0500000US06093,22929,6623
0500000US06095,162237,154627
0500000US06097,204742,169385
0500000US06099,183140,167363
0500000US06101,34499,28795
0500000US06103,27341,11321
0500000US06105,8183,0
0500000US06107,150652,118632
0500000US06109,31415,16017
0500000US06111,293080,283268
0500000US06113,80188,73737
0500000US06115,29458,19189
0500000US08001,186544,179214
0500000US08003,7064,4656
0500000US08005,262493,257844
0500000US08007,9495,4096
0500000US08009,1972,0
0500000US08011,2136,0
0500000US08013,140848,125527
0500000US08014,31298,31212
0500000US08015,10921,5490
0500000US08017,925,0
0500000US08019,5672,0
0500000US08021,3998,0
0500000US08023,2423,0
0500000US08025,1509,0
0500000US08027,4175,0
0500000US08029,14780,3553
0500000US08031,344980,344972
0500000US08033,1319,0
0500000US08035,135643,123036
0500000US08037,32967,27376
0500000US08039,9805,0
0500000US08041,287459,261895
0500000US08043,20243,11117
0500000US08045,24091,16370
0500000US08047,3516,0
0500000US08049,16633,8433
0500000US08051,12131,3285
0500000US08053,1329,0
0500000US08055,4679,0
0500000US08057,1190,0
0500000US08059,248429,229721
0500000US08061,736,0
0500000US08063,3410,0
0500000US08065,4303,2606
0500000US08067,28198,9232
0500000US08069,158769,139171
0500000US08071,8077,4362
0500000US08073,2358,0
0500000US08075,8668,5658
0500000US08077,67407,58584
0500000US08079,1215,0
0500000US08081,6091,4288
0500000US08083,12295,3914
0500000US08085,18952,11114
0500000US08087,11493,7253
0500000US08089,8716,3571
0500000US08091,3314,0
0500000US08093,14112,0
0500000US08095,2025,0
0500000US08097,13245,9413
0500000US08099,5437,3386
0500000US08101,71981,62403
0500000US08103,3274,0
0500000US08105,6527,0
0500000US08107,16511,10532
0500000US08109,3739,0
0500000US08111,779,0
0500000US08113,6551,4347
0500000US08115,1343,0
0500000US08117,31342,25890
0500000US08119,13316,4510
0500000US08121,2276,0
0500000US08123,119962,95591
0500000US08125,4315,0
0500000US09001,378479,358340
0500000US09003,385307,365311
0500000US09005,87615,46896
0500000US09007,76289,55718
0500000US09009,369178,352236
0500000US09011,122863,89514
0500000US09013,60876,30415
0500000US09015,49590,24761
0500000US10001,72708,53391
0500000US10003,233747,222024
0500000US10005,142280,103198
0500000US11001,350364,350364
0500000US12001,123359,95632
0500000US12003,9809,3897
0500000US12005,102971,91858
0500000US12007,10723,3486
0500000US12009,288794,277769
0500000US12011,860329,860294
0500000US12013,5628,0
0500000US12015,110046,103997
0500000US12017,81687,60897
0500000US12019,85049,71878
0500000US12021,228390,211867
0500000US12023,29775,11058
0500000US12027,15548,8249
0500000US12029,9276,0
0500000US12031,435033,424445
0500000US12033,145390,135779
0500000US12035,55565,51568
0500000US12037,8347,0
0500000US12039,18929,3584
0500000US12041,7493,0
0500000US12043,6491,1389
0500000US12045,8796,0
0500000US12047,5596,0
0500000US12049,9820,3931
0500000US12051,14971,9301
0500000US12053,89165,70493
0500000US12055,57486,46008
0500000US12057,602886,582686
0500000US12059,8622,0
0500000US12061,83529,79123
0500000US12063,19882,2724
0500000US12065,6690,0
0500000US12067,3284,0
0500000US12069,177628,147805
0500000US12071,416332,401318
0500000US12073,133478,116829
0500000US12075,20868,0
0500000US12077,3196,0
0500000US12079,8315,0
0500000US12081,206633,199705
0500000US12083,177380,125449
0500000US12085,81371,77496
0500000US12086,1074685,1068588
0500000US12087,53961,46163
0500000US12089,41628,26223
0500000US12091,101197,92377
0500000US12093,18484,13196
0500000US12095,561851,550152
0500000US12097,154680,144850
0500000US12099,705988,701008
0500000US12101,256783,239557
0500000US12103,516324,515587
0500000US12105,316381,281372
0500000US12107,36014,8830
0500000US12109,119090,102435
0500000US12111,147884,142318
0500000US12113,75854,61074
0500000US12115,253231,248993
0500000US12117,193790,188144
0500000US12119,75304,62718
0500000US12121,18859,2751
0500000US12123,11088,2945
0500000US12125,4713,0
0500000US12127,272325,251497
0500000US12129,13633,3912
0500000US12131,56197,36738
0500000US12133,10846,0
0500000US13001,8496,2482
0500000US13003,3470,0
0500000US13005,4807,0
0500000US13007,1447,0
0500000US13009,19988,10341
0500000US13011,7211,335
0500000US13013,30019,20212
0500000US13015,42435,26421
0500000US13017,8124,5354
0500000US13019,7991,2135
0500000US13021,71901,62984
0500000US13023,5176,2408
0500000US13025,8143,67
0500000US13027,7280,0
0500000US13029,16703,8513
0500000US13031,32983,17978
0500000US13033,11138,2701
0500000US13035,9437,2234
0500000US13037,2020,0
0500000US13039,22541,15584
0500000US13043,4629,0
0500000US13045,46239,21036
0500000US13047,27971,21838
0500000US13049,4660,0
0500000US13051,134146,130239
0500000US13053,3242,1782
0500000US13055,10854,4185
0500000US13057,100813,82653
0500000US13059,55802,52647
0500000US13061,1961,0
0500000US13063,114038,113488
0500000US13065,3025,0
0500000US13067,308504,308497
0500000US13069,17331,6099
0500000US13071,19105,8379
0500000US13073,58640,49562
0500000US13075,7258,2965
0500000US13077,56729,32404
0500000US13079,5154,0
0500000US13081,9854,5224
0500000US13083,7387,68
0500000US13085,11926,3829
0500000US13087,13036,6070
0500000US13089,326101,325661
0500000US13091,8533,2778
0500000US13093,4762,0
0500000US13095,40560,34983
0500000US13097,53885,46011
0500000US13099,4918,0
0500000US13101,1531,0
0500000US13103,24317,6455
0500000US13105,9248,2770
0500000US13107,9962,3111
0500000US13109,4646,0
0500000US13111,17643,0
0500000US13113,45202,37504
0500000US13115,40475,24813
0500000US13117,87581,80828
0500000US13119,10586,0
0500000US13121,494006,491110
0500000US13123,17717,3738
0500000US13125,1403,0
0500000US13127,42156,34174
0500000US13129,22736,9099
0500000US13131,11539,4422
0500000US13133,10087,0
0500000US13135,330569,329168
0500000US13137,18340,6540
0500000US13139,76865,57980
0500000US13141,4896,0
0500000US13143,12292,2924
0500000US13145,14212,420
0500000US13147,12763,2608
0500000US13149,4742,0
0500000US13151,86594,71347
0500000US13153,66633,60946
0500000US13155,4158,0
0500000US13157,27699,10565
0500000US13159,6270,0
0500000US13161,6351,2179
0500000US13163,7148,0
0500000US13165,4066,0
0500000US13167,3542,0
0500000US13169,11584,2007
0500000US13171,7561,2796
0500000US13173,4069,0
0500000US13175,21924,9337
0500000US13177,12709,4881
0500000US13179,26564,19984
0500000US13181,4389,0
0500000US13183,6180,1259
0500000US13185,48717,32392
0500000US13187,13006,1403
0500000US13189,9390,3892
0500000US13191,6615,0
0500000US13193,5109,0
0500000US13195,12114,1068
0500000US13197,3497,0
0500000US13199,9456,0
0500000US13201,2851,0
0500000US13205,9036,2350
0500000US13207,11085,2274
0500000US13209,3740,46
0500000US13211,8318,2088
0500000US13213,16038,5030
0500000US13215,90348,87639
0500000US13217,41756,27777
0500000US13219,14998,7155
0500000US13221,6343,0
0500000US13223,59172,46943
0500000US13225,11991,7363
0500000US13227,14896,2657
0500000US13229,8360,96
0500000US13231,7066,22
0500000US13233,17274,8398
0500000US13235,4281,0
0500000US13237,13032,0
0500000US13239,1678,402
0500000US13241,11970,0
0500000US13243,3438,0
0500000US13245,92057,85045
0500000US13247,35427,30449
0500000US13249,1961,0
0500000US13251,6500,0
0500000US13253,5048,0
0500000US13255,27785,16469
0500000US13257,12317,5219
0500000US13259,2103,0
0500000US13261,13458,7609
0500000US13263,3042,0
0500000US13265,908,0
0500000US13267,9298,0
0500000US13269,3894,0
0500000US13271,4704,0
0500000US13273,4243,0
0500000US13275,20668,11627
0500000US13277,17375,10511
0500000US13279,12027,6192
0500000US13281,8600,0
0500000US13283,2868,0
0500000US13285,28721,16175
0500000US13287,3916,2086
0500000US13289,4028,0
0500000US13291,14645,0
0500000US13293,12301,6679
0500000US13295,29137,14833
0500000US13297,35473,14996
0500000US13299,15858,10981
0500000US13301,2511,0
0500000US13303,8556,3344
0500000US13305,12460,4971
0500000US13307,1196,0
0500000US13309,2420,0
0500000US13311,13535,0
0500000US13313,38876,24979
0500000US13315,3440,0
0500000US13317,5165,0
0500000US13319,4288,0
0500000US13321,9244,2726
0500000US15001,88691,35846
0500000US15003,370665,365736
0500000US15005,114,0
0500000US15007,30157,17488
0500000US15009,71439,56399
0500000US16001,196901,188928
0500000US16003,2642,0
0500000US16005,34903,29266
0500000US16007,3849,0
0500000US16009,4628,0
0500000US16011,16905,7113
0500000US16013,15436,11575
0500000US16015,5443,0
0500000US16017,26312,6419
0500000US16019,45214,38357
0500000US16021,5400,0
0500000US16023,1289,0
0500000US16025,691,0
0500000US16027,81013,65829
0500000US16029,3108,0
0500000US16031,8838,4505
0500000US16033,483,0
0500000US16035,4552,0
0500000US16037,3021,0
0500000US16039,12049,7378
0500000US16041,4985,0
0500000US16043,8452,0
0500000US16045,7563,4191
0500000US16047,6030,0
0500000US16049,8872,0
0500000US16051,10134,3361
0500000US16053,8569,4309
0500000US16055,74736,54905
0500000US16057,17259,11301
0500000US16059,4568,0
0500000US16061,1810,0
0500000US16063,1948,0
0500000US16065,14124,10591
0500000US16067,8218,4658
0500000US16069,18364,14812
0500000US16071,2009,0
0500000US16073,4719,0
0500000US16075,9684,5821
0500000US16077,2937,0
0500000US16079,6990,0
0500000US16081,5815,0
0500000US16083,34693,22844
0500000US16085,12189,4331
0500000US16087,4514,2281
0500000US17001,30235,20724
0500000US17003,2946,83
0500000US17005,6858,2262
0500000US17007,20157,14190
0500000US17009,2330,0
0500000US17011,15616,7164
0500000US17013,2282,0
0500000US17015,8159,0
0500000US17017,5676,2505
0500000US17019,93075,79266
0500000US17021,15184,8447
0500000US17023,7327,0
0500000US17025,6145,2261
0500000US17027,15574,3354
0500000US17029,22739,17110
0500000US17031,2264966,2263843
0500000US17033,8471,3202
0500000US17035,4728,0
0500000US17037,41311,32437
0500000US17039,7309,3549
0500000US17041,8469,2344
0500000US17043,364970,364366
0500000US17045,8236,4218
0500000US17047,3041,0
0500000US17049,15314,6588
0500000US17051,8829,2927
0500000US17053,6265,2036
0500000US17055,18480,7847
0500000US17057,15855,5828
0500000US17059,2497,0
0500000US17061,5785,0
0500000US17063,21174,15655
0500000US17065,3806,0
0500000US17067,8952,1332
0500000US17069,2196,0
0500000US17071,3357,28
0500000US17073,22211,11375
0500000US17075,12779,2444
0500000US17077,27743,17554
0500000US17079,4228,0
0500000US17081,16632,7686
0500000US17083,9754,3980
0500000US17085,13408,1225
0500000US17087,5526,0
0500000US17089,188510,180522
0500000US17091,45270,32109
0500000US17093,45008,39635
0500000US17095,23817,15669
0500000US17097,269378,265366
0500000US17099,49812,35544
0500000US17101,6279,2317
0500000US17103,14985,6712
0500000US17105,15920,5731
0500000US17107,11984,6756
0500000US17109,13609,8002
0500000US17111,119708,102618
0500000US17113,74855,59416
0500000US17115,49727,42057
0500000US17117,21023,7272
0500000US17119,118579,101167
0500000US17121,17358,9377
0500000US17123,5819,0
0500000US17125,6626,0
0500000US17127,6797,3374
0500000US17129,5591,0
0500000US17131,7291,0
0500000US17133,14540,8693
0500000US17135,12511,5443
0500000US17137,15031,9559
0500000US17139,6159,2043
0500000US17141,22632,7068
0500000US17143,85074,72245
0500000US17145,9123,2969
0500000US17147,7360,2605
0500000US17149,7260,0
0500000US17151,2355,0
0500000US17153,2831,0
0500000US17155,3057,0
0500000US17157,13373,2026
0500000US17159,7364,4154
0500000US17161,66729,59457
0500000US17163,114595,99143
0500000US17165,11576,4154
0500000US17167,92982,77296
0500000US17169,3320,0
0500000US17171,2388,0
0500000US17173,10015,2541
0500000US17175,2577,0
0500000US17177,21369,11988
0500000US17179,58550,46644
0500000US17181,7841,2749
0500000US17183,34407,21142
0500000US17185,5409,3435
0500000US17187,7602,3890
0500000US17189,6390,41
0500000US17191,7679,2540
0500000US17193,6751,2539
0500000US17195,25855,15036
0500000US17197,250678,237357
0500000US17199,31818,19751
0500000US17201,124983,113288
0500000US17203,15704,4605
0500000US18001,13172,4820
0500000US18003,162431,144345
0500000US18005,35317,24909
0500000US18007,3783,0
0500000US18009,5857,3054
0500000US18011,28103,20569
0500000US18013,8436,0
0500000US18015,9483,1052
0500000US18017,16379,8712
0500000US18019,52169,41775
0500000US18021,11632,4722
0500000US18023,13450,6650
0500000US18025,5871,0
0500000US18027,12738,5559
0500000US18029,20845,8580
0500000US18031,11512,5556
0500000US18033,18096,8813
0500000US18035,51464,40169
0500000US18037,18618,9744
0500000US18039,79594,63335
0500000US18041,10886,7049
0500000US18043,34344,23772
0500000US18045,7760,0
0500000US18047,9639,950
0500000US18049,9532,3706
0500000US18051,14539,3995
0500000US18053,29810,19146
0500000US18055,14329,2621
0500000US18057,135064,126917
0500000US18059,32125,23339
0500000US18061,16686,2509
0500000US18063,66869,56563
0500000US18065,20952,9020
0500000US18067,39605,30603
0500000US18069,16217,8013
0500000US18071,19069,9807
0500000US18073,13515,2510
0500000US18075,8890,3039
0500000US18077,14386,7992
0500000US18079,11574,3113
0500000US18081,63393,55332
0500000US18083,16917,9176
0500000US18085,38133,20712
0500000US18087,14845,0
0500000US18089,214775,205791
0500000US18091,49780,32273
0500000US18093,20484,6932
0500000US18095,58784,45292
0500000US18097,436998,433933
0500000US18099,19654,5236
0500000US18101,4576,0
0500000US18103,14852,7843
0500000US18105,63606,50119
0500000US18107,16464,8008
0500000US18109,29351,13983
0500000US18111,6018,0
0500000US18113,20049,4564
0500000US18115,2722,0
0500000US18117,9058,0
0500000US18119,9795,0
0500000US18121,7536,50
0500000US18123,8502,4396
0500000US18125,5581,0
0500000US18127,71483,55567
0500000US18129,11021,3466
0500000US18131,5816,0
0500000US18133,14946,4035
0500000US18135,11394,4006
0500000US18137,12259,2335
0500000US18139,7352,3009
0500000US18141,118123,106780
0500000US18143,10715,3510
0500000US18145,19423,9560
0500000US18147,8572,0
0500000US18149,11123,0
0500000US18151,18837,6728
0500000US18153,8788,2446
0500000US18155,4290,0
0500000US18157,77797,66557
0500000US18159,6797,2741
0500000US18161,3238,0
0500000US18163,84058,78204
0500000US18165,7297,3080
0500000US18167,46932,35852
0500000US18169,14037,7353
0500000US18171,3659,0
0500000US18173,26118,19387
0500000US18175,12093,3016
0500000US18177,30752,19961
0500000US18179,11938,4758
0500000US18181,12866,6286
0500000US18183,14837,4744
0500000US19001,3585,0
0500000US19003,1888,0
0500000US19005,7668,0
0500000US19007,6306,2724
0500000US19009,2787,0
0500000US19011,11076,2187
0500000US19013,58559,51470
0500000US19015,11921,6034
0500000US19017,10484,3661
0500000US19019,8886,3193
0500000US19021,8141,4117
0500000US19023,6536,0
0500000US19025,4771,0
0500000US19027,9490,4769
0500000US19029,6398,3309
0500000US19031,8190,0
0500000US19033,22603,18758
0500000US19035,5558,2288
0500000US19037,5534,0
0500000US19039,4268,2297
0500000US19041,8109,5442
0500000US19043,8758,104
0500000US19045,21517,15481
0500000US19047,6855,3000
0500000US19049,41125,32536
0500000US19051,3579,0
0500000US19053,3653,0
0500000US19055,8100,2313
0500000US19057,18782,14223
0500000US19059,13691,10781
0500000US19061,42630,30250
0500000US19063,4475,2675
0500000US19065,9298,2982
0500000US19067,7314,3684
0500000US19069,4656,0
0500000US19071,3110,2
0500000US19073,4309,0
0500000US19075,5465,0
0500000US19077,5773,0
0500000US19079,7037,3642
0500000US19081,5113,0
0500000US19083,8032,2421
0500000US19085,6665,0
0500000US19087,8398,3508
0500000US19089,4314,0
0500000US19091,4571,2518
0500000US19093,3352,0
0500000US19095,7341,0
0500000US19097,9241,2884
0500000US19099,16132,7446
0500000US19101,7689,4743
0500000US19103,65916,55776
0500000US19105,8871,2093
0500000US19107,4654,0
0500000US19109,7216,2684
0500000US19111,15858,9678
0500000US19113,101230,88242
0500000US19115,4712,0
0500000US19117,4058,0
0500000US19119,4817,0
0500000US19121,6913,2359
0500000US19123,9680,5642
0500000US19125,14073,7655
0500000US19127,16745,11219
0500000US19129,6110,2078
0500000US19131,4847,0
0500000US19133,4373,0
0500000US19135,3636,0
0500000US19137,5007,2757
0500000US19139,18366,10949
0500000US19141,6524,2293
0500000US19143,2878,0
0500000US19145,6983,4614
0500000US19147,4516,0
0500000US19149,10818,4347
0500000US19151,3666,0
0500000US19153,210184,202312
0500000US19155,39852,29351
0500000US19157,8906,4011
0500000US19159,2672,0
0500000US19161,5118,0
0500000US19163,77771,68204
0500000US19165,5421,2284
0500000US19167,13000,5329
0500000US19169,41361,30828
0500000US19171,7575,2161
0500000US19173,2885,0
0500000US19175,5784,3668
0500000US19177,3500,0
0500000US19179,15734,11060
0500000US19181,20857,11167
0500000US19183,9573,3035
0500000US19185,3025,0
0500000US19187,16937,11246
0500000US19189,5077,0
0500000US19191,8916,3384
0500000US19193,42701,35462
0500000US19195,3480,0
0500000US19197,6260,0
0500000US20001,6054,2907
0500000US20003,3556,0
0500000US20005,6814,4385
0500000US20007,2574,0
0500000US20009,12370,7127
0500000US20011,6770,3603
0500000US20013,4482,0
0500000US20015,26901,14937
0500000US20017,1397,0
0500000US20019,1976,0
0500000US20021,9113,0
0500000US20023,1464,0
0500000US20025,1042,0
0500000US20027,3933,2073
0500000US20029,4503,2511
0500000US20031,3959,0
0500000US20033,938,0
0500000US20035,15558,10545
0500000US20037,17997,10721
0500000US20039,1640,0
0500000US20041,8778,3216
0500000US20043,3364,919
0500000US20045,52846,45891
0500000US20047,1550,0
0500000US20049,1491,0
0500000US20051,13166,9934
0500000US20053,3080,0
0500000US20055,14185,11478
0500000US20057,12550,9853
0500000US20059,11149,5475
0500000US20061,15928,14110
0500000US20063,1319,0
0500000US20065,1422,0
0500000US20067,2930,2314
0500000US20069,2327,0
0500000US20071,638,0
0500000US20073,3666,0
0500000US20075,1106,0
0500000US20077,3027,0
0500000US20079,14569,9015
0500000US20081,1545,0
0500000US20083,842,0
0500000US20085,5583,0
0500000US20087,7911,63
0500000US20089,1763,0
0500000US20091,251681,242346
0500000US20093,1581,0
0500000US20095,3647,0
0500000US20097,1153,0
0500000US20099,9524,4715
0500000US20101,895,0
0500000US20103,31219,20716
0500000US20105,1672,0
0500000US20107,5065,0
0500000US20109,1369,0
0500000US20111,14957,11224
0500000US20113,13019,6202
0500000US20115,5671,0
0500000US20117,4762,0
0500000US20119,1900,0
0500000US20121,13865,3531
0500000US20123,3124,0
0500000US20125,15569,8847
0500000US20127,2996,0
0500000US20129,1316,0
0500000US20131,4490,0
0500000US20133,7211,4112
0500000US20135,1548,0
0500000US20137,2461,0
0500000US20139,7233,0
0500000US20141,2044,0
0500000US20143,2681,0
0500000US20145,3055,2087
0500000US20147,2794,0
0500000US20149,9866,3428
0500000US20151,4388,3130
0500000US20153,1364,0
0500000US20155,28289,19892
0500000US20157,2676,0
0500000US20159,4377,0
0500000US20161,30477,27237
0500000US20163,2638,0
0500000US20165,1663,0
0500000US20167,3675,2130
0500000US20169,24076,20770
0500000US20171,2260,0
0500000US20173,223640,209168
0500000US20175,8268,7399
0500000US20177,80512,68819
0500000US20179,1152,0
0500000US20181,2934,2214
0500000US20183,2026,0
0500000US20185,2088,0
0500000US20187,931,0
0500000US20189,2240,0
0500000US20191,10324,4023
0500000US20193,3573,2479
0500000US20195,1611,0
0500000US20197,3110,0
0500000US20199,740,0
0500000US20201,2726,0
0500000US20203,999,0
0500000US20205,4485,0
0500000US20207,1828,0
0500000US20209,68475,65025
0500000US21001,8600,2036
0500000US21003,9208,2192
0500000US21005,10044,5697
0500000US21007,3684,0
0500000US21009,19794,8021
0500000US21011,5445,0
0500000US21013,11517,4823
0500000US21015,51468,45658
0500000US21017,9112,5101
0500000US21019,21742,16719
0500000US21021,12929,8745
0500000US21023,3839,0
0500000US21025,6551,0
0500000US21027,10704,0
0500000US21029,32704,23064
0500000US21031,5416,0
0500000US21033,6082,2985
0500000US21035,17874,8635
0500000US21037,41405,35181
0500000US21039,2293,0
0500000US21041,4658,2398
0500000US21043,12206,2397
0500000US21045,7366,0
0500000US21047,29206,20563
0500000US21049,16116,11608
0500000US21051,8581,0
0500000US21053,4841,0
0500000US21055,4331,0
0500000US21057,3379,0
0500000US21059,43863,33308
0500000US21061,6358,0
0500000US21063,3022,0
0500000US21065,6827,2021
0500000US21067,146142,142105
0500000US21069,6732,0
0500000US21071,17333,3883
0500000US21073,24000,18229
0500000US21075,3177,1246
0500000US21077,3685,0
0500000US21079,7254,0
0500000US21081,10050,0
0500000US21083,16472,5494
0500000US21085,13275,2981
0500000US21087,5270,0
0500000US21089,16235,9332
0500000US21091,3894,358
0500000US21093,46669,31767
0500000US21095,12962,3073
0500000US21097,8063,2952
0500000US21099,8816,1119
0500000US21101,20047,13402
0500000US21103,6600,0
0500000US21105,2150,0
0500000US21107,20888,10394
0500000US21109,5954,0
0500000US21111,356887,351994
0500000US21113,20626,15444
0500000US21115,10493,2916
0500000US21117,72585,68083
0500000US21119,6639,0
0500000US21121,13723,5376
0500000US21123,6474,0
0500000US21125,26533,10726
0500000US21127,7524,1779
0500000US21129,3211,0
0500000US21131,4872,0
0500000US21133,10520,0
0500000US21135,6023,0
0500000US21137,10777,7
0500000US21139,4589,198
0500000US21141,12461,3252
0500000US21143,4780,0
0500000US21145,32040,23926
0500000US21147,6892,0
0500000US21149,4161,0
0500000US21151,39319,25645
0500000US21153,5402,0
0500000US21155,8350,2783
0500000US21157,16351,2114
0500000US21159,4792,0
0500000US21161,8160,4088
0500000US21163,11943,1129
0500000US21165,3277,0
0500000US21167,10338,4489
0500000US21169,4691,0
0500000US21171,5237,0
0500000US21173,12125,6211
0500000US21175,5610,0
0500000US21177,13491,4820
0500000US21179,19716,7738
0500000US21181,3316,0
0500000US21183,10159,2566
0500000US21185,23064,17363
0500000US21187,5323,0
0500000US21189,2044,0
0500000US21191,6263,0
0500000US21193,13213,3664
0500000US21195,28693,3959
0500000US21197,5587,0
0500000US21199,31552,14671
0500000US21201,1038,0
0500000US21203,7321,0
0500000US21205,10518,3651
0500000US21207,10088,0
0500000US21209,22795,15586
0500000US21211,18801,9257
0500000US21213,8263,5002
0500000US21215,7430,0
0500000US21217,11199,5547
0500000US21219,5117,0
0500000US21221,7526,0
0500000US21223,3841,0
0500000US21225,5863,0
0500000US21227,56881,41874
0500000US21229,5196,0
0500000US21231,10105,2958
0500000US21233,5705,0
0500000US21235,15469,5577
0500000US21237,3021,0
0500000US21239,11487,7137
0500000US22001,24840,10436
0500000US22003,9484,2428
0500000US22005,49690,44073
0500000US22007,9935,3372
0500000US22009,18126,3058
0500000US22011,15771,4585
0500000US22013,6816,0
0500000US22015,55237,40544
0500000US22017,112323,94818
0500000US22019,93232,71250
0500000US22021,4583,0
0500000US22023,4175,0
0500000US22025,4412,0
0500000US22027,6775,0
0500000US22029,8964,5427
0500000US22031,12355,2620
0500000US22033,204359,191917
0500000US22035,2791,0
0500000US22037,8063,0
0500000US22039,14416,3992
0500000US22041,8883,2195
0500000US22043,8971,0
0500000US22045,30924,21279
0500000US22047,13198,5633
0500000US22049,7182,2354
0500000US22051,193878,189495
0500000US22053,13936,4081
0500000US22055,107922,99010
0500000US22057,40933,31441
0500000US22059,6151,0
0500000US22061,20370,11814
0500000US22063,57480,34590
0500000US22065,4357,3107
0500000US22067,11863,5701
0500000US22069,18513,8777
0500000US22071,193840,192994
0500000US22073,70028,53099
0500000US22075,9447,5864
0500000US22077,10923,4010
0500000US22079,57935,35538
0500000US22081,3567,0
0500000US22083,8628,0
0500000US22085,13370,0
0500000US22087,17642,16415
0500000US22089,20445,16960
0500000US22091,5243,0
0500000US22093,8554,4344
0500000US22095,17738,15495
0500000US22097,36723,15314
0500000US22099,23515,10988
0500000US22101,22407,18091
0500000US22103,110370,84788
0500000US22105,56685,30867
0500000US22107,2779,0
0500000US22109,47321,36749
0500000US22111,10334,0
0500000US22113,25741,11831
0500000US22115,21953,8976
0500000US22117,21341,5759
0500000US22119,18236,9239
0500000US22121,11496,8565
0500000US22123,4656,0
0500000US22125,5036,0
0500000US22127,6339,2341
0500000US23001,49837,27496
0500000US23003,38303,4876
0500000US23005,149452,90251
0500000US23007,20856,0
0500000US23009,40133,0
0500000US23011,62607,23540
0500000US23013,24255,8723
0500000US23015,23608,3797
0500000US23017,36130,5262
0500000US23019,74878,31083
0500000US23021,14577,0
0500000US23023,18938,7121
0500000US23025,29785,3788
0500000US23027,21921,2484
0500000US23029,21594,0
0500000US23031,112198,60733
0500000US24001,32911,21843
0500000US24003,233130,215674
0500000US24005,350163,326840
0500000US24009,35663,14688
0500000US24011,13434,1941
0500000US24013,65793,38414
0500000US24015,43941,22790
0500000US24017,62123,43889
0500000US24019,16383,7425
0500000US24021,103493,75932
0500000US24023,18407,2223
0500000US24025,103284,82336
0500000US24027,123202,110257
0500000US24029,10286,2600
0500000US24031,404423,394489
0500000US24033,359957,351386
0500000US24035,21274,8995
0500000US24037,45560,20459
0500000US24039,10895,4747
0500000US24041,19538,8357
0500000US24043,63790,43237
0500000US24045,43682,31677
0500000US24047,56263,45677
0500000US24510,293249,293249
0500000US25001,164885,161169
0500000US25003,69759,43104
0500000US25005,243464,219603
0500000US25007,17530,11427
0500000US25009,327185,310881
0500000US25011,34345,15887
0500000US25013,197033,177814
0500000US25015,66245,46390
0500000US25017,658283,637317
0500000US25019,12169,8520
0500000US25021,291489,286374
0500000US25023,214770,189499
0500000US25025,349616,349603
0500000US25027,351764,280313
0500000US26001,10263,1046
0500000US26003,6169,0
0500000US26005,51789,18731
0500000US26007,15645,8062
0500000US26009,17538,0
0500000US26011,9504,2201
0500000US26013,5052,0
0500000US26015,27351,3558
0500000US26017,48562,35449
0500000US26019,12099,2627
0500000US26021,76821,55144
0500000US26023,20749,5659
0500000US26025,59518,41036
0500000US26027,25291,6236
0500000US26029,17451,5852
0500000US26031,17631,3367
0500000US26033,20268,6993
0500000US26035,21818,2405
0500000US26037,32821,16974
0500000US26039,10174,34
0500000US26041,19786,10444
0500000US26043,13917,8434
0500000US26045,47497,30919
0500000US26047,21771,8965
0500000US26049,183087,153897
0500000US26051,16862,0
0500000US26053,10393,3081
0500000US26055,45776,27430
0500000US26057,16032,5455
0500000US26059,21396,4606
0500000US26061,18632,8882
0500000US26063,20319,0
0500000US26065,125251,109058
0500000US26067,24638,8176
0500000US26069,19856,9216
0500000US26071,8878,0
0500000US26073,28489,13793
0500000US26075,69025,36136
0500000US26077,114021,91057
0500000US26079,11570,0
0500000US26081,265002,225831
0500000US26083,2270,0
0500000US26085,13315,0
0500000US26087,36725,5403
0500000US26089,15421,1506
0500000US26091,43577,17640
0500000US26093,78441,49410
0500000US26095,4065,0
0500000US26097,10519,1653
0500000US26099,369404,359270
0500000US26101,15472,4590
0500000US26103,33454,16949
0500000US26105,17392,7235
0500000US26107,20884,5122
0500000US26109,13212,4681
0500000US26111,36867,21644
0500000US26113,8615,0
0500000US26115,65845,42010
0500000US26117,27894,4403
0500000US26119,8930,0
0500000US26121,74591,55966
0500000US26123,24542,2426
0500000US26125,554403,527689
0500000US26127,15538,0
0500000US26129,15246,0
0500000US26131,5244,0
0500000US26133,12534,0
0500000US26135,7649,0
0500000US26137,14861,4616
0500000US26139,114318,91675
0500000US26141,9804,0
0500000US26143,23069,14657
0500000US26145,85953,59345
0500000US26147,72092,45501
0500000US26149,27081,9292
0500000US26151,21676,3170
0500000US26153,5955,0
0500000US26155,30231,12698
0500000US26157,23933,2567
0500000US26159,36948,9346
0500000US26161,156882,131817
0500000US26163,790191,784015
0500000US26165,16418,6140
0500000US27001,13944,0
0500000US27003,138017,117256
0500000US27005,19620,5956
0500000US27007,21271,6747
0500000US27009,17315,10180
0500000US27011,2982,0
0500000US27013,29169,19464
0500000US27015,11780,6091
0500000US27017,15688,5704
0500000US27019,40380,30446
0500000US27021,23872,0
0500000US27023,5627,2478
0500000US27025,22294,8188
0500000US27027,26844,20059
0500000US27029,4448,0
0500000US27031,5936,0
0500000US27033,5152,0
0500000US27035,41568,9316
0500000US27037,173469,165443
0500000US27039,8291,2996
0500000US27041,21769,9895
0500000US27043,6916,0
0500000US27045,9583,0
0500000US27047,14114,8366
0500000US27049,20864,7412
0500000US27051,3155,0
0500000US27053,555779,544418
0500000US27055,8731,2522
0500000US27057,14705,0
0500000US27059,16550,6650
0500000US27061,25375,4826
0500000US27063,4891,0
0500000US27065,7735,0
0500000US27067,19950,11066
0500000US27069,2272,0
0500000US27071,7402,3656
0500000US27073,3471,0
0500000US27075,7311,0
0500000US27077,3391,0
0500000US27079,12811,1601
0500000US27081,3051,0
0500000US27083,11180,5939
0500000US27085,15820,9034
0500000US27087,2550,0
0500000US27089,4416,0
0500000US27091,9748,4180
0500000US27093,10576,2863
0500000US27095,12786,2161
0500000US27097,16074,4344
0500000US27099,16928,10764
0500000US27101,4388,0
0500000US27103,13371,9975
0500000US27105,8394,4710
0500000US27107,3230,0
0500000US27109,69270,58402
0500000US27111,36506,6387
0500000US27113,6639,4535
0500000US27115,16886,0
0500000US27117,4337,0
0500000US27119,14623,7236
0500000US27121,6367,2464
0500000US27123,228546,228508
0500000US27125,1876,0
0500000US27127,7086,2247
0500000US27129,6913,0
0500000US27131,25018,16054
0500000US27133,4222,2199
0500000US27135,7137,0
0500000US27137,103681,57726
0500000US27139,54658,45101
0500000US27141,35909,17963
0500000US27143,6454,0
0500000US27145,65684,40200
0500000US27147,15691,11106
0500000US27149,4213,2297
0500000US27151,4693,0
0500000US27153,12770,156
0500000US27155,1877,0
0500000US27157,10158,2091
0500000US27159,6939,1958
0500000US27161,7895,3808
0500000US27163,104014,90130
0500000US27165,4874,0
0500000US27167,2972,1640
0500000US27169,21716,13461
0500000US27171,54467,31497
0500000US27173,4513,0
0500000US28001,14885,9969
0500000US28003,16159,6085
0500000US28005,7230,0
0500000US28007,8277,2870
0500000US28009,4057,0
0500000US28011,13628,6405
0500000US28013,6720,0
0500000US28015,4914,0
0500000US28017,7789,0
0500000US28019,4353,0
0500000US28021,3906,0
0500000US28023,7575,0
0500000US28025,8985,3807
0500000US28027,10162,6851
0500000US28029,12380,2151
0500000US28031,8290,0
0500000US28033,72079,56770
0500000US28035,33490,22465
0500000US28037,4284,0
0500000US28039,10280,0
0500000US28041,5104,0
0500000US28043,10405,5021
0500000US28045,22340,14637
0500000US28047,91554,75587
0500000US28049,106134,89169
0500000US28051,7485,0
0500000US28053,3528,0
0500000US28055,439,0
0500000US28057,10456,0
0500000US28059,62190,44955
0500000US28061,8029,0
0500000US28063,3346,0
0500000US28065,5641,0
0500000US28067,28488,10428
0500000US28069,3909,0
0500000US28071,28208,17650
0500000US28073,27434,13474
0500000US28075,33462,16621
0500000US28077,5717,0
0500000US28079,8979,0
0500000US28081,37261,18370
0500000US28083,12632,8661
0500000US28085,15744,4815
0500000US28087,26882,12698
0500000US28089,46033,34196
0500000US28091,11080,2826
0500000US28093,14990,2143
0500000US28095,16714,2952
0500000US28097,5193,0
0500000US28099,12013,3326
0500000US28101,9073,0
0500000US28103,4705,0
0500000US28105,25372,16188
0500000US28107,14586,2643
0500000US28109,24641,7396
0500000US28111,5426,0
0500000US28113,19017,7396
0500000US28115,13928,0
0500000US28117,10972,2626
0500000US28119,3030,0
0500000US28121,63611,42750
0500000US28123,11313,0
0500000US28125,1679,0
0500000US28127,11559,0
0500000US28129,6622,0
0500000US28131,7499,0
0500000US28133,9412,3810
0500000US28135,5450,0
0500000US28137,11307,2275
0500000US28139,9877,0
0500000US28141,10512,0
0500000US28143,4575,0
0500000US28145,12119,3134
0500000US28147,6834,0
0500000US28149,21452,12682
0500000US28151,20879,13687
0500000US28153,9031,0
0500000US28155,5066,0
0500000US28157,4554,0
0500000US28159,8174,0
0500000US28161,6405,0
0500000US28163,10432,4931
0500000US29001,11338,7492
0500000US29003,7551,3098
0500000US29005,2731,0
0500000US29007,10542,5198
0500000US29009,16990,2535
0500000US29011,5290,0
0500000US29013,7189,0
0500000US29015,13551,0
0500000US29017,5037,0
0500000US29019,79836,62836
0500000US29021,38258,33403
0500000US29023,19287,9497
0500000US29025,4218,0
0500000US29027,18538,6945
0500000US29029,39473,19936
0500000US29031,35696,24740
0500000US29033,4364,0
0500000US29035,2675,0
0500000US29037,43445,30719
0500000US29039,6930,0
0500000US29041,3792,0
0500000US29043,35134,20315
0500000US29045,3216,0
0500000US29047,105619,97944
0500000US29049,8934,2090
0500000US29051,33211,23952
0500000US29053,7281,3364
0500000US29055,11378,699
0500000US29057,3775,0
0500000US29059,7588,0
0500000US29061,4123,0
0500000US29063,4264,792
0500000US29065,6819,2359
0500000US29067,5346,0
0500000US29069,13409,4832
0500000US29071,45275,20798
0500000US29073,7577,0
0500000US29075,2921,0
0500000US29077,136450,119348
0500000US29079,4844,2859
0500000US29081,4019,0
0500000US29083,10693,4370
0500000US29085,5464,0
0500000US29087,2418,0
0500000US29089,4368,0
0500000US29091,18048,5579
0500000US29093,4688,0
0500000US29095,329579,318015
0500000US29097,52739,41187
0500000US29099,92385,60474
0500000US29101,22601,10821
0500000US29103,1934,0
0500000US29105,15908,6729
0500000US29107,14065,4394
0500000US29109,16219,4813
0500000US29111,4312,0
0500000US29113,23366,6408
0500000US29115,5999,2034
0500000US29117,6350,3910
0500000US29119,9760,7
0500000US29121,7398,2639
0500000US29123,5832,2187
0500000US29125,4263,0
0500000US29127,12847,7964
0500000US29129,1911,0
0500000US29131,12476,2965
0500000US29133,5283,0
0500000US29135,6180,0
0500000US29137,4466,0
0500000US29139,5758,0
0500000US29141,15110,0
0500000US29143,7870,914
0500000US29145,24570,9182
0500000US29147,9449,5175
0500000US29149,4316,0
0500000US29151,6492,0
0500000US29153,5025,0
0500000US29155,7484,2582
0500000US29157,8464,3531
0500000US29159,18563,12068
0500000US29161,20174,9555
0500000US29163,7603,0
0500000US29165,45307,39422
0500000US29167,13387,4442
0500000US29169,19315,9536
0500000US29171,2835,0
0500000US29173,5028,133
0500000US29175,10773,5797
0500000US29177,9842,2800
0500000US29179,3461,0
0500000US29181,5145,0
0500000US29183,161144,152081
0500000US29185,5288,0
0500000US29186,8301,2097
0500000US29187,28636,15549
0500000US29189,444653,439381
0500000US29195,9836,5261
0500000US29197,1887,0
0500000US29199,2210,0
0500000US29201,16746,9274
0500000US29203,3513,0
0500000US29205,2950,0
0500000US29207,13402,4675
0500000US29209,19935,4303
0500000US29211,3024,0
0500000US29213,29391,18948
0500000US29215,11004,79
0500000US29217,8921,4054
0500000US29219,15355,4018
0500000US29221,10719,0
0500000US29223,6109,0
0500000US29225,15220,3204
0500000US29227,1114,0
0500000US29229,8347,2128
0500000US29510,173479,173479
0500000US30001,4918,2221
0500000US30003,4522,0
0500000US30005,2824,0
0500000US30007,3172,0
0500000US30009,6359,0
0500000US30011,817,0
0500000US30013,38937,30776
0500000US30015,2843,0
0500000US30017,5776,4518
0500000US30019,1043,0
0500000US30021,4382,3217
0500000US30023,5493,3828
0500000US30025,1526,0
0500000US30027,6013,3182
0500000US30029,49875,23589
0500000US30031,52835,33275
0500000US30033,795,0
0500000US30035,5342,0
0500000US30037,474,0
0500000US30039,2601,0
0500000US30041,7223,4702
0500000US30043,5375,0
0500000US30045,1248,0
0500000US30047,16390,3036
0500000US30049,33599,24037
0500000US30051,933,0
0500000US30053,10953,2194
0500000US30055,1025,0
0500000US30057,6379,0
0500000US30059,1352,0
0500000US30061,2563,0
0500000US30063,54542,41026
0500000US30065,2633,0
0500000US30067,9554,4752
0500000US30069,333,0
0500000US30071,2229,0
0500000US30073,2759,0
0500000US30075,971,0
0500000US30077,2900,0
0500000US30079,671,0
0500000US30081,21062,3490
0500000US30083,5566,3166
0500000US30085,4065,0
0500000US30087,3780,0
0500000US30089,6800,0
0500000US30091,2128,0
0500000US30093,17247,15141
0500000US30095,4659,0
0500000US30097,1949,0
0500000US30099,2935,0
0500000US30101,2320,0
0500000US30103,448,0
0500000US30105,4229,0
0500000US30107,1114,0
0500000US30109,518,0
0500000US30111,71804,61079
0500000US31001,13806,11175
0500000US31003,3112,0
0500000US31005,226,0
0500000US31007,327,0
0500000US31009,299,0
0500000US31011,2554,0
0500000US31013,5234,3956
0500000US31015,1226,0
0500000US31017,1642,0
0500000US31019,20947,14644
0500000US31021,3324,0
0500000US31023,4028,0
0500000US31025,11623,2908
0500000US31027,3900,0
0500000US31029,1850,0
0500000US31031,2979,0
0500000US31033,4891,3154
0500000US31035,2817,0
0500000US31037,3976,2031
0500000US31039,4123,0
0500000US31041,5310,0
0500000US31043,7765,5954
0500000US31045,4002,2213
0500000US31047,9792,3545
0500000US31049,1048,0
0500000US31051,2520,0
0500000US31053,16191,11998
0500000US31055,245050,239065
0500000US31057,1008,0
0500000US31059,2718,0
0500000US31061,1527,0
0500000US31063,1395,0
0500000US31065,2518,0
0500000US31067,10327,6011
0500000US31069,1181,0
0500000US31071,1053,0
0500000US31073,1148,0
0500000US31075,362,0
0500000US31077,1189,0
0500000US31079,25159,21892
0500000US31081,4088,0
0500000US31083,1915,0
0500000US31085,442,0
0500000US31087,1571,0
0500000US31089,4893,0
0500000US31091,408,0
0500000US31093,2865,0
0500000US31095,3665,2022
0500000US31097,2093,0
0500000US31099,2966,0
0500000US31101,5342,2399
0500000US31103,496,0
0500000US31105,1805,0
0500000US31107,4502,0
0500000US31109,135484,123888
0500000US31111,16526,11414
0500000US31113,367,0
0500000US31115,419,0
0500000US31117,232,0
0500000US31119,15094,11213
0500000US31121,3548,0
0500000US31123,2272,0
0500000US31125,1610,0
0500000US31127,3312,0
0500000US31129,2216,0
0500000US31131,6941,3090
0500000US31133,1402,0
0500000US31135,1345,0
0500000US31137,4149,2590
0500000US31139,3118,0
0500000US31141,14094,10276
0500000US31143,2524,0
0500000US31145,5157,3670
0500000US31147,4083,2148
0500000US31149,795,0
0500000US31151,5714,2411
0500000US31153,73081,69370
0500000US31155,9987,2000
0500000US31157,16494,11342
0500000US31159,7061,2959
0500000US31161,2699,0
0500000US31163,1789,0
0500000US31165,705,0
0500000US31167,2460,590
0500000US31169,2498,0
0500000US31171,379,0
0500000US31173,2283,0
0500000US31175,2104,0
0500000US31177,8577,3531
0500000US31179,3950,2325
0500000US31181,1788,0
0500000US31183,503,0
0500000US31185,6320,3735
0500000US32001,10772,7153
0500000US32003,917656,905981
0500000US32005,24309,16078
0500000US32007,21770,10594
0500000US32009,537,0
0500000US32011,962,0
0500000US32013,7658,4664
0500000US32015,2798,0
0500000US32017,2203,0
0500000US32019,24401,12748
0500000US32021,2586,0
0500000US32023,25191,18442
0500000US32027,2278,0
0500000US32029,1987,196
0500000US32031,207209,198530
0500000US32033,4137,2284
0500000US32510,24564,23693
0500000US33001,38252,19298
0500000US33003,39670,3777
0500000US33005,35612,10851
0500000US33007,20444,5339
0500000US33009,50840,14911
0500000US33011,175571,134804
0500000US33013,65565,30347
0500000US33015,135338,100294
0500000US33017,55706,35430
0500000US33019,21797,4414
0500000US34001,132038,116846
0500000US34003,367383,366963
0500000US34005,184775,167747
0500000US34007,212759,210066
0500000US34009,99606,91601
0500000US34011,57119,42955
0500000US34013,334896,334860
0500000US34015,117208,104867
0500000US34017,312706,312706
0500000US34019,51687,22201
0500000US34021,150442,143184
0500000US34023,315521,312775
0500000US34025,268912,257633
0500000US34027,197722,182009
0500000US34029,294429,285054
0500000US34031,185367,179356
0500000US34033,27763,13627
0500000US34035,131822,122372
0500000US34037,62709,33417
0500000US34039,209908,209908
0500000US34041,46457,26768
0500000US35001,299451,288221
0500000US35003,3231,0
0500000US35005,26658,20562
0500000US35006,11099,4544
0500000US35007,9503,3204
0500000US35009,21102,17413
0500000US35011,1125,0
0500000US35013,89804,70854
0500000US35015,26277,20739
0500000US35017,14584,8487
0500000US35019,2187,0
0500000US35021,600,0
0500000US35023,2190,0
0500000US35025,27950,21053
0500000US35027,17624,11251
0500000US35028,8634,8217
0500000US35029,11508,6492
0500000US35031,25057,9158
0500000US35033,2866,0
0500000US35035,32210,15200
0500000US35037,5471,2872
0500000US35039,19545,7525
0500000US35041,8483,5384
0500000US35043,58603,47243
0500000US35045,47744,31144
0500000US35047,14768,7337
0500000US35049,76877,50188
0500000US35051,8056,5603
0500000US35053,7573,3894
0500000US35055,20904,8607
0500000US35057,7169,0
0500000US35059,2077,0
0500000US35061,29929,21248
0500000US36001,146131,132304
0500000US36003,23454,2667
0500000US36005,547030,547029
0500000US36007,92569,69464
0500000US36009,40152,14011
0500000US36011,36660,15338
0500000US36013,66247,39103
0500000US36015,38985,29480
0500000US36017,24210,3926
0500000US36019,37315,13647
0500000US36021,33226,5886
0500000US36023,20814,10897
0500000US36025,29953,2260
0500000US36027,122009,81342
0500000US36029,438747,396095
0500000US36031,25123,3807
0500000US36033,25318,7194
0500000US36035,28087,13325
0500000US36037,26013,10531
0500000US36039,28926,5654
0500000US36041,7826,0
0500000US36043,32335,14112
0500000US36045,61604,27724
0500000US36047,1077654,1077654
0500000US36049,15464,0
0500000US36051,27113,7834
0500000US36053,30551,10000
0500000US36055,336262,310916
0500000US36057,22857,13514
0500000US36059,476732,474436
0500000US36061,913926,913926
0500000US36063,100156,72686
0500000US36065,104919,69047
0500000US36067,211343,180599
0500000US36069,52585,29490
0500000US36071,146879,107074
0500000US36073,18209,5676
0500000US36075,54470,19445
0500000US36077,29838,6288
0500000US36079,38308,24653
0500000US36081,896333,896308
0500000US36083,74197,50324
0500000US36085,183692,183692
0500000US36087,108068,107520
0500000US36089,51612,14025
0500000US36091,109919,79058
0500000US36093,70794,64729
0500000US36095,16449,2359
0500000US36097,9621,0
0500000US36099,16096,7171
0500000US36101,47327,20076
0500000US36103,578940,561470
0500000US36105,49125,9879
0500000US36107,21787,7570
0500000US36109,46884,25031
0500000US36111,85853,35570
0500000US36113,39928,23565
0500000US36115,28998,6964
0500000US36117,42257,10919
0500000US36119,388963,371815
0500000US36121,18186,2385
0500000US36123,13037,4755
0500000US37001,73385,53874
0500000US37003,15960,1776
0500000US37005,7666,0
0500000US37007,9834,2360
0500000US37009,16935,0
0500000US37011,13827,0
0500000US37013,24090,8268
0500000US37015,8936,0
0500000US37017,15131,0
0500000US37019,88330,63891
0500000US37021,129141,101332
0500000US37023,39525,21180
0500000US37025,87410,72106
0500000US37027,36931,20593
0500000US37029,4119,260
0500000US37031,50846,39294
0500000US37033,10444,15
0500000US37035,70744,45985
0500000US37037,33947,12414
0500000US37039,17863,0
0500000US37041,7131,2361
0500000US37043,7295,0
0500000US37045,43630,17140
0500000US37047,23433,2613
0500000US37049,46800,30346
0500000US37051,142175,123233
0500000US37053,15989,3951
0500000US37055,34237,26112
0500000US37057,74536,38395
0500000US37059,18753,5693
0500000US37061,23704,0
0500000US37063,144559,138368
0500000US37065,23059,12973
0500000US37067,170176,157494
0500000US37069,29358,6710
0500000US37071,98136,79498
0500000US37073,4767,0
0500000US37075,5212,0
0500000US37077,24214,7460
0500000US37079,7846,0
0500000US37081,232277,201345
0500000US37083,24735,10150
0500000US37085,52876,18717
0500000US37087,34889,18323
0500000US37089,56434,37042
0500000US37091,9803,2308
0500000US37093,20083,11440
0500000US37095,3146,0
0500000US37097,79372,53826
0500000US37099,26649,5789
0500000US37101,84340,39492
0500000US37103,4635,0
0500000US37105,26583,15279
0500000US37107,26577,10990
0500000US37109,37170,10201
0500000US37111,21242,5734
0500000US37113,26948,5011
0500000US37115,11045,0
0500000US37117,11080,2815
0500000US37119,478966,475356
0500000US37121,8638,0
0500000US37123,14773,0
0500000US37125,48237,25063
0500000US37127,43154,22722
0500000US37129,113368,111163
0500000US37131,10570,1021
0500000US37133,84180,52680
0500000US37135,61211,43027
0500000US37137,7118,0
0500000US37139,17410,10133
0500000US37141,29927,13555
0500000US37143,6866,0
0500000US37145,18284,4590
0500000US37147,80515,60993
0500000US37149,10775,1040
0500000US37151,62024,24817
0500000US37153,19605,11098
0500000US37155,48426,12114
0500000US37157,43431,18066
0500000US37159,63200,36457
0500000US37161,32444,9937
0500000US37163,25481,4127
0500000US37165,14348,7385
0500000US37167,27685,7840
0500000US37169,21160,4017
0500000US37171,33436,8544
0500000US37173,8341,0
0500000US37175,19025,6580
0500000US37177,1999,0
0500000US37179,83788,58734
0500000US37181,19276,8880
0500000US37183,462582,440533
0500000US37185,11309,0
0500000US37187,6039,0
0500000US37189,32637,12868
0500000US37191,52551,25498
0500000US37193,31545,9160
0500000US37195,36252,23007
0500000US37197,16946,0
0500000US37199,11230,0
0500000US38001,1364,0
0500000US38003,5671,3386
0500000US38005,2542,0
0500000US38007,567,0
0500000US38009,3931,0
0500000US38011,1633,0
0500000US38013,1378,0
0500000US38015,42692,34340
0500000US38017,85397,78739
0500000US38019,2097,0
0500000US38021,2383,0
0500000US38023,1397,0
0500000US38025,2105,0
0500000US38027,1240,0
0500000US38029,2047,0
0500000US38031,1773,0
0500000US38033,899,0
0500000US38035,33428,27697
0500000US38037,1649,0
0500000US38039,1378,0
0500000US38041,1399,0
0500000US38043,1631,0
0500000US38045,2064,0
0500000US38047,1078,0
0500000US38049,2818,0
0500000US38051,1704,0
0500000US38053,7661,3796
0500000US38055,5728,0
0500000US38057,4657,0
0500000US38059,15107,10849
0500000US38061,5018,0
0500000US38063,1791,0
0500000US38065,912,0
0500000US38067,3499,0
0500000US38069,2040,0
0500000US38071,5843,3787
0500000US38073,2536,0
0500000US38075,1282,0
0500000US38077,7501,3553
0500000US38079,4581,0
0500000US38081,1999,0
0500000US38083,808,0
0500000US38085,1277,0
0500000US38087,409,0
0500000US38089,15381,11897
0500000US38091,1091,0
0500000US38093,10374,7464
0500000US38095,1290,0
0500000US38097,3649,0
0500000US38099,5202,0
0500000US38101,32176,24508
0500000US38103,2338,0
0500000US38105,20227,14641
0500000US39001,12692,0
0500000US39003,44563,31949
0500000US39005,22471,8954
0500000US39007,46237,23405
0500000US39009,26386,12559
0500000US39011,19873,12407
0500000US39013,31618,13434
0500000US39015,19324,983
0500000US39017,153741,139060
0500000US39019,13395,0
0500000US39021,16862,5611
0500000US39023,60987,46337
0500000US39025,86363,63853
0500000US39027,17906,5625
0500000US39029,46091,21841
0500000US39031,16324,6012
0500000US39033,19865,13567
0500000US39035,615825,612848
0500000US39037,22599,7460
0500000US39039,16539,7987
0500000US39041,81854,65753
0500000US39043,38262,28219
0500000US39045,62466,41337
0500000US39047,12663,6920
0500000US39049,580903,574040
0500000US39051,17689,3204
0500000US39053,13430,2969
0500000US39055,37419,8410
0500000US39057,71336,57241
0500000US39059,19009,7367
0500000US39061,379015,371049
0500000US39063,33655,24200
0500000US39065,12883,5819
0500000US39067,7379,0
0500000US39069,12036,4104
0500000US39071,18981,5485
0500000US39073,12987,3684
0500000US39075,14588,0
0500000US39077,25499,12887
0500000US39079,14399,5566
0500000US39081,31125,19089
0500000US39083,25797,8460
0500000US39085,105315,98348
0500000US39087,26501,14964
0500000US39089,72709,49214
0500000US39091,23657,12699
0500000US39093,134341,117548
0500000US39095,200147,191421
0500000US39097,16216,6443
0500000US39099,107989,92256
0500000US39101,27348,17864
0500000US39103,75169,50160
0500000US39105,10649,1461
0500000US39107,17888,5548
0500000US39109,46766,33015
0500000US39111,7133,119
0500000US39113,251523,238871
0500000US39115,7232,0
0500000US39117,14472,1
0500000US39119,38358,20014
0500000US39121,5751,0
0500000US39123,28596,15295
0500000US39125,8490,0
0500000US39127,14962,3223
0500000US39129,22372,10033
0500000US39131,11979,2683
0500000US39133,70672,44592
0500000US39135,18093,4694
0500000US39137,13824,2362
0500000US39139,54522,37480
0500000US39141,32066,12864
0500000US39143,26479,15398
0500000US39145,33108,15461
0500000US39147,23934,13447
0500000US39149,20059,9280
0500000US39151,166799,143772
0500000US39153,246473,238279
0500000US39155,94394,70829
0500000US39157,40817,21186
0500000US39159,23141,12309
0500000US39161,12540,6516
0500000US39163,5923,345
0500000US39165,93276,77123
0500000US39167,27987,12150
0500000US39169,46555,22930
0500000US39171,16561,4406
0500000US39173,56863,40104
0500000US39175,9839,3139
0500000US40001,8059,0
0500000US40003,2479,0
0500000US40005,5981,0
0500000US40007,2460,0
0500000US40009,10123,5740
0500000US40011,4590,0
0500000US40013,20366,8259
0500000US40015,11544,2252
0500000US40017,60434,49543
0500000US40019,21561,10020
0500000US40021,22033,8286
0500000US40023,7066,2508
0500000US40025,1359,0
0500000US40027,121539,104539
0500000US40029,2569,0
0500000US40031,52603,40042
0500000US40033,2689,0
0500000US40035,6369,2480
0500000US40037,31053,11582
0500000US40039,12932,9090
0500000US40041,24086,4424
0500000US40043,2176,0
0500000US40045,2128,0
0500000US40047,27846,22482
0500000US40049,12054,2806
0500000US40051,23024,7017
0500000US40053,2160,0
0500000US40055,2615,0
0500000US40057,1345,0
0500000US40059,1714,0
0500000US40061,5646,0
0500000US40063,5766,2029
0500000US40065,12017,9194
0500000US40067,2728,0
0500000US40069,4682,0
0500000US40071,20968,14832
0500000US40073,6394,0
0500000US40075,4681,0
0500000US40077,4669,0
0500000US40079,21032,4112
0500000US40081,14456,0
0500000US40083,19307,7534
0500000US40085,4703,0
0500000US40087,16421,2317
0500000US40089,13888,2508
0500000US40091,11755,0
0500000US40093,3713,0
0500000US40095,8709,0
0500000US40097,18263,4243
0500000US40099,6508,2174
0500000US40101,29278,16883
0500000US40103,5057,2258
0500000US40105,4351,317
0500000US40107,4778,0
0500000US40109,352544,328929
0500000US40111,16624,8049
0500000US40113,19602,5199
0500000US40115,13714,6901
0500000US40117,7276,0
0500000US40119,36708,25404
0500000US40121,22046,8932
0500000US40123,17406,8654
0500000US40125,29973,14979
0500000US40127,5672,0
0500000US40129,1852,0
0500000US40131,37798,17353
0500000US40133,10712,2870
0500000US40135,18030,3431
0500000US40137,20322,10118
0500000US40139,8443,4629
0500000US40141,3778,0
0500000US40143,292375,279094
0500000US40145,32529,20150
0500000US40147,23713,18200
0500000US40149,5121,0
0500000US40151,4456,2637
0500000US40153,9386,5737
0500000US41001,8609,4509
0500000US41003,40150,32537
0500000US41005,170094,140396
0500000US41007,23017,14215
0500000US41009,21697,12786
0500000US41011,31378,19222
0500000US41013,11159,5298
0500000US41015,13018,5996
0500000US41017,94110,61167
0500000US41019,49774,29293
0500000US41021,1095,0
0500000US41023,4112,0
0500000US41025,3694,2058
0500000US41027,10126,5157
0500000US41029,96239,76036
0500000US41031,10250,3131
0500000US41033,38748,21592
0500000US41035,32730,19117
0500000US41037,4195,0
0500000US41039,166226,135849
0500000US41041,32066,22238
0500000US41043,51921,34615
0500000US41045,11615,5189
0500000US41047,128541,108910
0500000US41049,4717,0
0500000US41051,363996,359794
0500000US41053,33828,27009
0500000US41055,918,0
0500000US41057,18919,8316
0500000US41059,31098,20045
0500000US41061,11649,6651
0500000US41063,4326,0
0500000US41065,11996,7216
0500000US41067,236678,224282
0500000US41069,935,0
0500000US41071,40123,29125
0500000US42001,43007,16031
0500000US42003,602095,589572
0500000US42005,32106,11704
0500000US42007,78944,57474
0500000US42009,23489,2462
0500000US42011,170742,125951
0500000US42013,55700,42167
0500000US42015,29363,7876
0500000US42017,255632,228370
0500000US42019,85019,48680
0500000US42021,64395,37178
0500000US42023,3932,0
0500000US42025,34152,12846
0500000US42027,65408,42168
0500000US42029,208240,170830
0500000US42031,18829,2746
0500000US42033,38078,15061
0500000US42035,18603,8986
0500000US42037,29654,16197
0500000US42039,42063,14705
0500000US42041,109125,87409
0500000US42043,126514,108320
0500000US42045,229208,227789
0500000US42047,16836,6684
0500000US42049,119791,93295
0500000US42051,61800,28783
0500000US42053,6949,0
0500000US42055,66368,37886
0500000US42057,7100,0
0500000US42059,16138,3117
0500000US42061,20807,3537
0500000US42063,37626,15872
0500000US42065,22005,6037
0500000US42067,10431,0
0500000US42069,99815,82378
0500000US42071,216502,164181
0500000US42073,39492,23682
0500000US42075,59084,44767
0500000US42077,149830,135415
0500000US42079,150693,117560
0500000US42081,52625,31678
0500000US42083,19416,4974
0500000US42085,50828,27279
0500000US42087,21313,10313
0500000US42089,79114,32298
0500000US42091,346877,335897
0500000US42093,8083,4032
0500000US42095,127584,106081
0500000US42097,43300,29563
0500000US42099,19842,1383
0500000US42101,726797,726797
0500000US42103,39676,5955
0500000US42105,12345,0
0500000US42107,67128,37871
0500000US42109,15978,4666
0500000US42111,37713,7988
0500000US42113,5574,0
0500000US42115,21259,0
0500000US42117,21503,0
0500000US42119,16082,6147
0500000US42121,26156,11279
0500000US42123,21587,7336
0500000US42125,96791,65516
0500000US42127,31910,4075
0500000US42129,167776,123268
0500000US42131,12819,398
0500000US42133,187187,134538
0500000US44001,21504,21248
0500000US44003,76084,71554
0500000US44005,43422,38811
0500000US44007,276770,263293
0500000US44009,65694,44555
0500000US45001,11540,2511
0500000US45003,76923,48641
0500000US45005,4040,0
0500000US45007,89123,52564
0500000US45009,6558,0
0500000US45011,9854,0
0500000US45013,98068,78464
0500000US45015,93623,72049
0500000US45017,7024,0
0500000US45019,201884,184087
0500000US45021,24713,8718
0500000US45023,14601,4093
0500000US45025,20408,3580
0500000US45027,15816,2132
0500000US45029,19824,4246
0500000US45031,29379,12863
0500000US45033,12779,3955
0500000US45035,64608,54691
0500000US45037,11022,1341
0500000US45039,10838,2418
0500000US45041,60594,37440
0500000US45043,35916,22796
0500000US45045,226215,200264
0500000US45047,31323,18839
0500000US45049,8584,0
0500000US45051,203702,165800
0500000US45053,12862,1803
0500000US45055,28874,13386
0500000US45057,41030,25774
0500000US45059,31276,10817
0500000US45061,7549,0
0500000US45063,127887,95721
0500000US45065,5380,0
0500000US45067,14253,5839
0500000US45069,12029,4724
0500000US45071,18213,5409
0500000US45073,40788,14285
0500000US45075,41197,13791
0500000US45077,56385,34166
0500000US45079,182408,167274
0500000US45081,9267,125
0500000US45083,137009,96945
0500000US45085,46753,30795
0500000US45087,13451,4820
0500000US45089,14737,2590
0500000US45091,114656,89112
0500000US46003,1260,0
0500000US46005,8396,6215
0500000US46007,1177,0
0500000US46009,2810,0
0500000US46011,14849,10132
0500000US46013,17885,13246
0500000US46015,2344,0
0500000US46017,570,0
0500000US46019,4673,2375
0500000US46021,900,0
0500000US46023,3625,0
0500000US46025,1603,0
0500000US46027,6180,4626
0500000US46029,13211,9805
0500000US46031,1362,0
0500000US46033,4837,0
0500000US46035,9484,7698
0500000US46037,3395,0
0500000US46039,2132,0
0500000US46041,1923,0
0500000US46043,1341,0
0500000US46045,1940,0
0500000US46047,4081,0
0500000US46049,1022,0
0500000US46051,3426,0
0500000US46053,2186,0
0500000US46055,931,0
0500000US46057,2759,0
0500000US46059,1705,0
0500000US46061,1279,0
0500000US46063,720,0
0500000US46065,7922,6008
0500000US46067,3212,0
0500000US46069,626,0
0500000US46071,1064,0
0500000US46073,952,0
0500000US46075,504,0
0500000US46077,2615,0
0500000US46079,5658,2931
0500000US46081,14163,9010
0500000US46083,26227,19724
0500000US46085,1546,0
0500000US46087,2448,0
0500000US46089,1258,0
0500000US46091,2394,0
0500000US46093,12357,8078
0500000US46095,775,0
0500000US46097,1189,0
0500000US46099,83717,72816
0500000US46101,2728,0
0500000US46102,3454,0
0500000US46103,49153,39658
0500000US46105,1710,0
0500000US46107,1569,0
0500000US46109,4788,0
0500000US46111,1134,0
0500000US46115,2983,0
0500000US46117,1427,996
0500000US46119,892,0
0500000US46121,2875,0
0500000US46123,2762,0
0500000US46125,3871,0
0500000US46127,7215,3047
0500000US46129,2927,0
0500000US46135,10372,7072
0500000US46137,882,0
0500000US47001,35143,22483
0500000US47003,19685,8594
0500000US47005,8485,0
0500000US47007,5870,0
0500000US47009,59776,36629
0500000US47011,44781,30584
0500000US47013,19941,9387
0500000US47015,6355,0
0500000US47017,13084,2165
0500000US47019,27779,16107
0500000US47021,16785,0
0500000US47023,7212,2120
0500000US47025,15321,4265
0500000US47027,3941,0
0500000US47029,17808,5514
0500000US47031,24946,13669
0500000US47033,6071,0
0500000US47035,30479,14986
0500000US47037,328309,318627
0500000US47039,6557,0
0500000US47041,9867,2062
0500000US47043,22551,7239
0500000US47045,16218,7674
0500000US47047,17554,4288
0500000US47049,9201,0
0500000US47051,19395,6414
0500000US47053,22313,7081
0500000US47055,13915,3779
0500000US47057,11644,1838
0500000US47059,32154,10199
0500000US47061,6196,0
0500000US47063,27376,21096
0500000US47065,162268,143676
0500000US47067,3669,0
0500000US47069,10655,2437
0500000US47071,15063,4124
0500000US47073,27053,10106
0500000US47075,8240,4472
0500000US47077,12867,3086
0500000US47079,16937,5044
0500000US47081,10457,0
0500000US47083,3936,0
0500000US47085,8849,0
0500000US47087,5819,0
0500000US47089,24828,5664
0500000US47091,8723,0
0500000US47093,210972,192475
0500000US47095,2500,0
0500000US47097,10653,3154
0500000US47099,18658,5267
0500000US47101,5690,0
0500000US47103,15958,4817
0500000US47105,24559,16103
0500000US47107,23934,9412
0500000US47109,12268,0
0500000US47111,10649,2758
0500000US47113,43656,32121
0500000US47115,13578,1199
0500000US47117,14302,5207
0500000US47119,43143,27998
0500000US47121,6042,0
0500000US47123,21286,5493
0500000US47125,85714,70992
0500000US47127,2960,3
0500000US47129,8502,0
0500000US47131,14314,5856
0500000US47133,10329,0
0500000US47135,4797,0
0500000US47137,3342,0
0500000US47139,8561,0
0500000US47141,35295,22181
0500000US47143,15163,4259
0500000US47145,25374,12318
0500000US47147,28459,13485
0500000US47149,131216,111623
0500000US47151,9802,0
0500000US47153,6925,0
0500000US47155,56240,23766
0500000US47157,400189,388098
0500000US47159,8513,0
0500000US47161,6669,0
0500000US47163,75476,56020
0500000US47165,78995,59551
0500000US47167,23945,8151
0500000US47169,3749,0
0500000US47171,8702,4091
0500000US47173,9569,0
0500000US47175,2901,0
0500000US47177,18088,7255
0500000US47179,60546,45398
0500000US47181,7178,0
0500000US47183,14945,4675
0500000US47185,11938,2541
0500000US47187,91133,73714
0500000US47189,58152,38092
0500000US48001,20131,7789
0500000US48003,7020,5797
0500000US48005,36480,17728
0500000US48007,15500,11984
0500000US48009,3865,437
0500000US48011,842,0
0500000US48013,18777,5668
0500000US48015,13779,2718
0500000US48017,2746,1944
0500000US48019,11400,0
0500000US48021,36683,10650
0500000US48023,2094,0
0500000US48025,10562,6110
0500000US48027,147599,127840
0500000US48029,794173,761870
0500000US48031,6056,0
0500000US48033,359,0
0500000US48035,9284,0
0500000US48037,39536,25272
0500000US48039,141493,109827
0500000US48041,96710,86504
0500000US48043,5930,3292
0500000US48045,874,0
0500000US48047,3095,2027
0500000US48049,18897,9768
0500000US48051,9351,0
0500000US48053,23436,7771
0500000US48055,16379,7930
0500000US48057,10539,5006
0500000US48059,6487,0
0500000US48061,154905,131155
0500000US48063,5774,0
0500000US48065,2776,0
0500000US48067,13870,2659
0500000US48069,3016,0
0500000US48071,16933,7203
0500000US48073,20838,5546
0500000US48075,2824,2298
0500000US48077,5129,0
0500000US48079,1242,0
0500000US48081,2130,0
0500000US48083,4875,2129
0500000US48085,403481,380493
0500000US48087,1481,0
0500000US48089,9992,0
0500000US48091,69939,38282
0500000US48093,6912,0
0500000US48095,1407,0
0500000US48097,17716,6734
0500000US48099,28717,22142
0500000US48101,891,0
0500000US48103,1823,0
0500000US48105,1592,0
0500000US48107,2652,0
0500000US48109,1070,0
0500000US48111,3039,2259
0500000US48113,1038656,1033462
0500000US48115,4859,3952
0500000US48117,6974,5727
0500000US48119,2420,0
0500000US48121,348275,324636
0500000US48123,9182,3894
0500000US48125,1165,0
0500000US48127,3980,2470
0500000US48129,1942,0
0500000US48131,4396,0
0500000US48133,9341,0
0500000US48135,66086,60537
0500000US48137,963,0
0500000US48139,68531,47978
0500000US48141,317894,307392
0500000US48143,18325,8447
0500000US48145,7420,2430
0500000US48147,14640,3341
0500000US48149,13122,2296
0500000US48151,2109,0
0500000US48153,2603,0
0500000US48155,571,0
0500000US48157,277910,263718
0500000US48159,5089,0
0500000US48161,9030,0
0500000US48163,6340,3016
0500000US48165,7642,2807
0500000US48167,156191,147864
0500000US48169,2126,0
0500000US48171,14128,6225
0500000US48173,525,0
0500000US48175,3503,0
0500000US48177,8919,2902
0500000US48179,9996,8413
0500000US48181,58572,30382
0500000US48183,53212,46179
0500000US48185,12029,3021
0500000US48187,64482,47913
0500000US48189,13396,9073
0500000US48191,1744,0
0500000US48193,4331,0
0500000US48195,2280,0
0500000US48197,1804,0
0500000US48199,24003,11665
0500000US48201,1842683,1823415
0500000US48203,29223,12702
0500000US48205,1930,1230
0500000US48207,3073,0
0500000US48209,93534,65522
0500000US48211,1631,0
0500000US48213,40643,13956
0500000US48215,294902,274095
0500000US48217,16178,3301
0500000US48219,9173,5391
0500000US48221,28321,17344
0500000US48223,15671,6547
0500000US48225,10758,2826
0500000US48227,14000,11433
0500000US48229,1107,0
0500000US48231,40570,15615
0500000US48233,10166,6288
0500000US48235,785,0
0500000US48237,3785,0
0500000US48239,6996,2619
0500000US48241,16172,3511
0500000US48243,1510,0
0500000US48245,108330,99520
0500000US48247,2242,0
0500000US48249,16156,7966
0500000US48251,65625,36422
0500000US48253,7037,0
0500000US48255,5796,0
0500000US48257,51228,29246
0500000US48259,18330,7690
0500000US48261,196,0
0500000US48263,522,0
0500000US48265,25200,14956
0500000US48267,2767,0
0500000US48269,171,0
0500000US48271,1521,0
0500000US48273,13948,11291
0500000US48275,1801,0
0500000US48277,22644,12343
0500000US48279,5882,2573
0500000US48281,9704,3231
0500000US48283,2582,0
0500000US48285,10456,1599
0500000US48287,7860,0
0500000US48289,8895,0
0500000US48291,33182,8569
0500000US48293,10368,2695
0500000US48295,1558,0
0500000US48297,5927,0
0500000US48299,15242,7353
0500000US48301,34,0
0500000US48303,132209,119427
0500000US48305,2527,0
0500000US48307,4220,2528
0500000US48309,105817,81117
0500000US48311,405,0
0500000US48313,5054,0
0500000US48315,5540,0
0500000US48317,2114,0
0500000US48319,2467,0
0500000US48321,18476,8683
0500000US48323,20072,18705
0500000US48325,19594,3056
0500000US48327,1329,0
0500000US48329,70309,61679
0500000US48331,11541,4758
0500000US48333,2529,0
0500000US48335,3684,1807
0500000US48337,10248,2490
0500000US48339,238489,186698
0500000US48341,8188,5632
0500000US48343,5789,0
0500000US48345,703,0
0500000US48347,28877,14961
0500000US48349,21385,9346
0500000US48351,6376,0
0500000US48353,7123,5035
0500000US48355,151255,143196
0500000US48357,4332,3580
0500000US48359,732,0
0500000US48361,37313,24584
0500000US48363,15079,5930
0500000US48365,10733,2841
0500000US48367,57427,21203
0500000US48369,3737,0
0500000US48371,5795,3658
0500000US48373,24622,2377
0500000US48375,48692,43549
0500000US48377,3194,0
0500000US48379,5816,0
0500000US48381,60599,51065
0500000US48383,1474,0
0500000US48385,1656,0
0500000US48387,6134,0
0500000US48389,5068,4232
0500000US48391,3252,0
0500000US48393,430,0
0500000US48395,8422,0
0500000US48397,38219,33459
0500000US48399,4986,0
0500000US48401,21107,6172
0500000US48403,7563,0
0500000US48405,4733,0
0500000US48407,13778,0
0500000US48409,29424,21465
0500000US48411,2832,0
0500000US48413,1285,0
0500000US48415,6889,4783
0500000US48417,1570,0
0500000US48419,11420,2271
0500000US48421,1150,0
0500000US48423,97539,64178
0500000US48425,3928,0
0500000US48427,22980,16204
0500000US48429,4654,2639
0500000US48431,579,0
0500000US48433,840,0
0500000US48435,1878,0
0500000US48437,3034,0
0500000US48439,808364,798708
0500000US48441,60817,50514
0500000US48443,650,0
0500000US48445,4789,3524
0500000US48447,964,0
0500000US48449,12013,5636
0500000US48451,51406,43410
0500000US48453,562488,538804
0500000US48455,8173,0
0500000US48457,9406,0
0500000US48459,17347,3296
0500000US48461,1523,0
0500000US48463,10034,6182
0500000US48465,18455,15789
0500000US48467,25537,0
0500000US48469,38958,28572
0500000US48471,28632,15643
0500000US48473,19522,4622
0500000US48475,5139,4019
0500000US48477,16838,7340
0500000US48479,84763,79974
0500000US48481,17296,9078
0500000US48483,2598,0
0500000US48485,55519,49903
0500000US48487,5836,4516
0500000US48489,6770,3991
0500000US48491,237680,216838
0500000US48493,18983,2449
0500000US48495,3218,2643
0500000US48497,26813,2617
0500000US48499,22129,2495
0500000US48501,3009,0
0500000US48503,8539,3825
0500000US48505,6159,4642
0500000US48507,3920,2670
0500000US49001,2863,0
0500000US49003,19517,13396
0500000US49005,43774,37528
0500000US49007,9579,5968
0500000US49009,1138,0
0500000US49011,115217,114376
0500000US49013,8725,2314
0500000US49015,4069,0
0500000US49017,3501,0
0500000US49019,5192,4167
0500000US49021,21752,14337
0500000US49023,3816,2117
0500000US49025,6004,0
0500000US49027,4907,0
0500000US49029,3703,0
0500000US49031,848,0
0500000US49033,3100,0
0500000US49035,428279,424436
0500000US49037,5489,0
0500000US49039,10237,1680
0500000US49041,8517,3020
0500000US49043,25674,15038
0500000US49045,23002,18550
0500000US49047,13657,7795
0500000US49049,192570,184567
0500000US49051,14462,8730
0500000US49053,74530,63513
0500000US49055,1678,0
0500000US49057,95614,88666
0500000US50001,17385,1939
0500000US50003,20815,6140
0500000US50005,15997,2472
0500000US50007,73085,54716
0500000US50009,4867,0
0500000US50011,22642,5232
0500000US50013,5265,0
0500000US50015,13878,0
0500000US50017,14953,0
0500000US50019,16376,0
0500000US50021,33869,10162
0500000US50023,30645,10096
0500000US50025,29916,7114
0500000US50027,34625,6328
0500000US51001,21703,4092
0500000US51003,47291,27677
0500000US51005,7934,3747
0500000US51007,5704,0
0500000US51009,14232,5265
0500000US51011,7301,0
0500000US51013,119085,119085
0500000US51015,32590,5273
0500000US51017,3239,0
0500000US51019,37249,10079
0500000US51021,3200,0
0500000US51023,14888,5762
0500000US51025,7893,0
0500000US51027,10323,0
0500000US51029,7133,0
0500000US51031,25060,10805
0500000US51033,12415,0
0500000US51035,16579,361
0500000US51036,3245,0
0500000US51037,5956,0
0500000US51041,138691,127807
0500000US51043,6371,0
0500000US51045,2584,0
0500000US51047,19185,8059
0500000US51049,4636,335
0500000US51051,7344,0
0500000US51053,11803,3110
0500000US51057,5742,0
0500000US51059,427149,421098
0500000US51061,28249,11173
0500000US51063,7924,0
0500000US51065,11127,4320
0500000US51067,28131,2585
0500000US51069,35827,20927
0500000US51071,8285,0
0500000US51073,17049,4849
0500000US51075,10550,1099
0500000US51077,8924,2
0500000US51079,8464,0
0500000US51081,4001,568
0500000US51083,17275,3723
0500000US51085,43184,27198
0500000US51087,140739,135497
0500000US51089,25422,8816
0500000US51091,1787,0
0500000US51093,16441,6778
0500000US51095,33993,29405
0500000US51097,3454,0
0500000US51099,10322,0
0500000US51101,7402,0
0500000US51103,7448,0
0500000US51105,10835,0
0500000US51107,142074,124706
0500000US51109,17489,0
0500000US51111,5868,0
0500000US51113,6051,0
0500000US51115,5455,0
0500000US51117,19004,2469
0500000US51119,7100,0
0500000US51121,41134,29807
0500000US51125,9871,0
0500000US51127,9059,0
0500000US51131,7373,0
0500000US51133,8947,0
0500000US51135,6629,0
0500000US51137,15671,6989
0500000US51139,11751,2225
0500000US51141,9994,0
0500000US51143,29369,3004
0500000US51145,11591,303
0500000US51147,9087,2670
0500000US51149,13378,4704
0500000US51153,158525,150931
0500000US51155,16990,9102
0500000US51157,3826,0
0500000US51159,3932,0
0500000US51161,42147,34444
0500000US51163,11261,933
0500000US51165,35436,14463
0500000US51167,12754,93
0500000US51169,11765,193
0500000US51171,21136,5866
0500000US51173,15097,3707
0500000US51175,7724,144
0500000US51177,52250,35291
0500000US51179,52793,43032
0500000US51181,3402,0
0500000US51183,4636,0
0500000US51185,19814,9616
0500000US51187,16739,6641
0500000US51191,25424,7921
0500000US51193,11129,2539
0500000US51195,16644,5500
0500000US51197,13990,3784
0500000US51199,27827,26090
0500000US51510,80479,80479
0500000US51520,8670,8589
0500000US51530,2948,2886
0500000US51540,21413,21413
0500000US51550,94829,88939
0500000US51570,8147,8147
0500000US51580,3052,3040
0500000US51590,22259,21621
0500000US51595,2647,2499
0500000US51600,9330,9330
0500000US51610,6172,6172
0500000US51620,3886,3750
0500000US51630,12175,12175
0500000US51640,3156,2908
0500000US51650,62444,62254
0500000US51660,18626,18510
0500000US51670,10409,10408
0500000US51678,2617,2617
0500000US51680,33832,33298
0500000US51683,14365,14365
0500000US51685,5525,5525
0500000US51690,7053,7050
0500000US51700,81901,81760
0500000US51710,101386,101386
0500000US51720,1934,1782
0500000US51730,18013,17606
0500000US51735,4926,4521
0500000US51740,43164,43164
0500000US51750,6449,6168
0500000US51760,111963,111963
0500000US51770,48726,48725
0500000US51775,11125,11125
0500000US51790,12316,12189
0500000US51800,38364,27855
0500000US51810,190059,186875
0500000US51820,10268,10036
0500000US51830,5753,5741
0500000US51840,12372,12372
0500000US53001,6735,3219
0500000US53003,10034,9219
0500000US53005,80076,71043
0500000US53007,37267,23125
0500000US53009,37930,24667
0500000US53011,195036,171898
0500000US53013,2190,0
0500000US53015,45424,30700
0500000US53017,17318,12073
0500000US53019,4059,0
0500000US53021,29740,26375
0500000US53023,1194,0
0500000US53025,38635,20964
0500000US53027,36058,22530
0500000US53029,41922,20658
0500000US53031,19087,8484
0500000US53033,969234,938967
0500000US53035,113248,93051
0500000US53037,23743,12461
0500000US53039,10533,2140
0500000US53041,35412,13407
0500000US53043,5732,0
0500000US53045,33269,8726
0500000US53047,21720,3682
0500000US53049,16034,8255
0500000US53051,7938,0
0500000US53053,359489,333202
0500000US53055,13772,2139
0500000US53057,55744,34792
0500000US53059,5796,0
0500000US53061,321523,282753
0500000US53063,224019,193323
0500000US53065,22242,2328
0500000US53067,121438,96271
0500000US53069,2189,0
0500000US53071,24971,20063
0500000US53073,100064,73460
0500000US53075,20922,13588
0500000US53077,90504,64399
0500000US54001,7114,0
0500000US54003,50868,34515
0500000US54005,10132,0
0500000US54007,6251,0
0500000US54009,10719,6666
0500000US54011,46125,36817
0500000US54013,3181,0
0500000US54015,3907,0
0500000US54017,3241,0
0500000US54019,19089,7174
0500000US54021,3090,0
0500000US54023,5598,0
0500000US54025,17807,3856
0500000US54027,12416,0
0500000US54029,14241,9718
0500000US54031,8127,0
0500000US54033,30480,17877
0500000US54035,12888,0
0500000US54037,23762,9054
0500000US54039,90294,65588
0500000US54041,8204,2346
0500000US54043,9549,0
0500000US54045,14738,4389
0500000US54047,9344,0
0500000US54049,26280,15355
0500000US54051,14728,7766
0500000US54053,12153,4127
0500000US54055,29321,17583
0500000US54057,12453,3990
0500000US54059,11493,0
0500000US54061,49881,37959
0500000US54063,6219,0
0500000US54065,9071,0
0500000US54067,12496,0
0500000US54069,21170,15017
0500000US54071,3666,0
0500000US54073,3209,0
0500000US54075,6795,0
0500000US54077,15174,0
0500000US54079,24795,16513
0500000US54081,34581,20807
0500000US54083,13035,5395
0500000US54085,4142,0
0500000US54087,7151,0
0500000US54089,6529,0
0500000US54091,7441,2564
0500000US54093,4650,0
0500000US54095,4119,0
0500000US54097,11178,3964
0500000US54099,18150,7623
0500000US54101,4381,0
0500000US54103,7254,2753
0500000US54105,2702,0
0500000US54107,40304,29173
0500000US54109,9949,0
0500000US55001,16692,0
0500000US55003,9407,3543
0500000US55005,23779,4991
0500000US55007,13238,0
0500000US55009,112908,95658
0500000US55011,6506,0
0500000US55013,15201,0
0500000US55015,21511,9583
0500000US55017,28688,11009
0500000US55019,14755,0
0500000US55021,26565,8879
0500000US55023,8658,3032
0500000US55025,248795,218133
0500000US55027,38123,17041
0500000US55029,23738,5580
0500000US55031,22906,12853
0500000US55033,18693,6665
0500000US55035,44966,35046
0500000US55037,4601,0
0500000US55039,45740,29659
0500000US55041,8604,0
0500000US55043,22110,4424
0500000US55045,16273,5149
0500000US55047,10671,2453
0500000US55049,10905,2199
0500000US55051,5523,1294
0500000US55053,9613,2155
0500000US55055,36376,19907
0500000US55057,14441,0
0500000US55059,72451,63479
0500000US55061,9267,0
0500000US55063,52774,43938
0500000US55065,7156,0
0500000US55067,12138,4130
0500000US55069,16034,4573
0500000US55071,37818,22208
0500000US55073,59828,35152
0500000US55075,29189,8059
0500000US55077,9758,0
0500000US55078,2145,0
0500000US55079,424191,423216
0500000US55081,19769,9021
0500000US55083,23754,0
0500000US55085,30465,5016
0500000US55087,79131,60428
0500000US55089,39086,30260
0500000US55091,3573,0
0500000US55093,16780,4344
0500000US55095,24129,0
0500000US55097,31148,19726
0500000US55099,10735,0
0500000US55101,84490,72885
0500000US55103,8475,2452
0500000US55105,70068,56737
0500000US55107,8560,0
0500000US55109,37369,14659
0500000US55111,30784,17023
0500000US55113,15966,0
0500000US55115,20354,6869
0500000US55117,52303,37718
0500000US55119,9379,2047
0500000US55121,13270,0
0500000US55123,13813,2087
0500000US55125,24486,0
0500000US55127,53146,34469
0500000US55129,12708,0
0500000US55131,58311,37179
0500000US55133,172177,148296
0500000US55135,25457,9408
0500000US55137,14710,42
0500000US55139,76046,62652
0500000US55141,34549,23108
0500000US56001,18494,15450
0500000US56003,5327,0
0500000US56005,19816,14532
0500000US56007,8157,4067
0500000US56009,6612,3120
0500000US56011,3672,0
0500000US56013,17407,8295
0500000US56015,5853,3187
0500000US56017,2551,0
0500000US56019,4598,2316
0500000US56021,44181,35732
0500000US56023,9489,0
0500000US56025,36808,31193
0500000US56027,1322,0
0500000US56029,14523,7945
0500000US56031,4595,0
0500000US56033,14884,9347
0500000US56035,5167,0
0500000US56037,19145,16834
0500000US56039,13233,4930
0500000US56041,8798,5057
0500000US56043,3849,2525
0500000US56045,3406,0
0500000US72001,7911,3700
0500000US72003,17362,17295
0500000US72005,27862,27809
0500000US72007,10553,9358
0500000US72009,10953,9101
0500000US72011,12212,10512
0500000US72013,42044,38443
0500000US72015,8235,8005
0500000US72017,10621,10063
0500000US72019,11982,11340
0500000US72021,86432,86432
0500000US72023,27895,26559
0500000US72025,59251,58576
0500000US72027,14782,12127
0500000US72029,19083,18333
0500000US72031,78913,78755
0500000US72033,10890,10889
0500000US72035,19803,17415
0500000US72037,7314,6034
0500000US72039,7390,4545
0500000US72041,17013,16685
0500000US72043,16420,11559
0500000US72045,8267,7022
0500000US72047,14147,13314
0500000US72049,1563,0
0500000US72051,16288,16102
0500000US72053,19204,17927
0500000US72054,5010,4067
0500000US72055,8563,7294
0500000US72057,18528,15486
0500000US72059,8321,6502
0500000US72061,41927,41927
0500000US72063,17576,16922
0500000US72065,17134,15226
0500000US72067,7754,7672
0500000US72069,26827,26701
0500000US72071,21095,20061
0500000US72073,6340,4338
0500000US72075,20173,18323
0500000US72077,16684,16377
0500000US72079,12450,7604
0500000US72081,12984,10148
0500000US72083,3878,50
0500000US72085,15766,15547
0500000US72087,11742,11302
0500000US72089,10812,9980
0500000US72091,19018,17137
0500000US72093,2322,0
0500000US72095,5430,3657
0500000US72097,41118,39503
0500000US72099,17509,15681
0500000US72101,12014,10570
0500000US72103,11639,8631
0500000US72105,11775,11775
0500000US72107,8979,5472
0500000US72109,8395,6043
0500000US72111,8839,6767
0500000US72113,67070,63212
0500000US72115,11010,9934
0500000US72117,9108,9105
0500000US72119,23801,22555
0500000US72121,11001,9597
0500000US72123,13496,10810
0500000US72125,15909,13178
0500000US72127,193244,193243
0500000US72129,17189,14912
0500000US72131,18890,15676
0500000US72133,9345,7654
0500000US72135,26952,26675
0500000US72137,35415,35166
0500000US72139,30216,30213
0500000US72141,13361,6245
0500000US72143,16362,15759
0500000US72145,25738,24296
0500000US72147,5303,4181
0500000US72149,8875,7287
0500000US72151,14283,11859
0500000US72153,16599,13743